,Crash ID,$1000 Damage to Any One Person's Property,Active School Zone Flag,Adjusted Average Daily Traffic Amount,Adjusted Percentage of Average Daily Traffic For Trucks,At Intersection Flag,Average Daily Traffic Amount,Average Daily Traffic Year,Construction Zone Flag,Crash Date,Crash Severity,Day of Week,Latitude,Light Condition,Longitude,Manner of Collision,Other Factor,Percentage of Single Unit Truck Average Daily Traffic,Road Class,Speed Limit,Weather Condition,Person Age,Person Death Count,Person Ethnicity,Person Gender,Person Helmet,Person Injury Severity,geometry,index_right0,index_right1,index_right2,osmid,oneway,lanes,name,highway,length,ref,bridge,maxspeed,access,tunnel,junction,service,names,distance,Crash Rate
89,14731414,Yes,NO,,,FALSE,,,No,10/30/15,C - POSSIBLE INJURY,FRIDAY,30.29139959,"3 - DARK, LIGHTED",-97.73509557,ONE MOTOR VEHICLE - BACKING,ONE VEHICLE LEAVING DRIVEWAY,,CITY STREET,25,2 - CLOUDY,48,0,W - WHITE,1 - MALE,1 - NOT WORN,C - POSSIBLE INJURY,POINT (-97.73509557 30.29139959),1398069487,504850478,0,"[128928825, 764477603]",False,"['2', '3']",San Jacinto Boulevard,tertiary,186.617,,,,,,,,San Jacinto Boulevard,3.812465326108819e-05,3.492229788720098e-05
90,14731414,Yes,NO,,,FALSE,,,No,10/30/15,C - POSSIBLE INJURY,FRIDAY,30.29139959,"3 - DARK, LIGHTED",-97.73509557,ONE MOTOR VEHICLE - BACKING,ONE VEHICLE LEAVING DRIVEWAY,,CITY STREET,25,2 - CLOUDY,48,0,W - WHITE,1 - MALE,1 - NOT WORN,C - POSSIBLE INJURY,POINT (-97.73509557 30.29139959),504850478,1398069487,0,"[128928825, 764477603]",False,"['2', '3']",San Jacinto Boulevard,tertiary,186.617,,,,,,,,San Jacinto Boulevard,3.812465326108819e-05,3.492229788720098e-05
91,15080187,No,NO,,,FALSE,,,No,4/11/16,C - POSSIBLE INJURY,MONDAY,30.26729283,"3 - DARK, LIGHTED",-97.74042417,ONE MOTOR VEHICLE - TURNING RIGHT,ATTENTION DIVERTED FROM DRIVING,,CITY STREET,-1,1 - CLEAR,28,0,B - BLACK,1 - MALE,1 - NOT WORN,C - POSSIBLE INJURY,POINT (-97.74042417 30.26729283),152401901,152516642,0,"[764593070, 436617518]",True,2,San Jacinto Boulevard,secondary,109.094,,,,,,,,San Jacinto Boulevard,1.5180943511794213e-05,3.492229788720098e-05
92,15573204,Yes,NO,,,TRUE,,,No,10/9/16,C - POSSIBLE INJURY,SUNDAY,30.28930477,"2 - DARK, NOT LIGHTED",-97.73460246,ONE MOTOR VEHICLE - GOING STRAIGHT,ATTENTION DIVERTED FROM DRIVING,,CITY STREET,40,1 - CLEAR,20,0,H - HISPANIC,2 - FEMALE,99 - UNKNOWN IF WORN,C - POSSIBLE INJURY,POINT (-97.73460246 30.28930477),1389063104,152584372,0,126015161,False,,San Jacinto Boulevard,tertiary,13.07,,,,,,,,San Jacinto Boulevard,3.541801355544477e-07,3.492229788720098e-05
93,15573204,Yes,NO,,,TRUE,,,No,10/9/16,C - POSSIBLE INJURY,SUNDAY,30.28930477,"2 - DARK, NOT LIGHTED",-97.73460246,ONE MOTOR VEHICLE - GOING STRAIGHT,ATTENTION DIVERTED FROM DRIVING,,CITY STREET,40,1 - CLEAR,20,0,H - HISPANIC,2 - FEMALE,99 - UNKNOWN IF WORN,C - POSSIBLE INJURY,POINT (-97.73460246 30.28930477),152584372,1389063104,0,126015161,False,,San Jacinto Boulevard,tertiary,13.07,,,,,,,,San Jacinto Boulevard,3.541801355544477e-07,3.492229788720098e-05
94,15795523,Yes,NO,,,TRUE,,,No,6/2/17,A - SUSPECTED SERIOUS INJURY,FRIDAY,30.29004477,"3 - DARK, LIGHTED",-97.73448246,ONE MOTOR VEHICLE - TURNING LEFT,NOT APPLICABLE,,CITY STREET,30,1 - CLEAR,34,0,W - WHITE,2 - FEMALE,1 - NOT WORN,A - SUSPECTED SERIOUS INJURY,POINT (-97.73448246 30.29004477),152631241,8983590071,0,"[204964754, 764477604]",False,"['2', '3']",San Jacinto Boulevard,tertiary,47.569,,,,,,,,San Jacinto Boulevard,6.771338601518903e-06,3.492229788720098e-05
95,15795523,Yes,NO,,,TRUE,,,No,6/2/17,A - SUSPECTED SERIOUS INJURY,FRIDAY,30.29004477,"3 - DARK, LIGHTED",-97.73448246,ONE MOTOR VEHICLE - TURNING LEFT,NOT APPLICABLE,,CITY STREET,30,1 - CLEAR,34,0,W - WHITE,2 - FEMALE,1 - NOT WORN,A - SUSPECTED SERIOUS INJURY,POINT (-97.73448246 30.29004477),8983590071,152631241,0,"[204964754, 764477604]",False,"['2', '3']",San Jacinto Boulevard,tertiary,47.569,,,,,,,,San Jacinto Boulevard,6.771338601518903e-06,3.492229788720098e-05
96,16129829,No,NO,,,FALSE,,,No,12/4/17,B - SUSPECTED MINOR INJURY,MONDAY,30.28478011,1 - DAYLIGHT,-97.7337923,ONE MOTOR VEHICLE - TURNING RIGHT,NOT APPLICABLE,,CITY STREET,15,1 - CLEAR,35,0,W - WHITE,1 - MALE,1 - NOT WORN,B - SUSPECTED MINOR INJURY,POINT (-97.7337923 30.28478011),152419094,281143516,0,"[126307525, 131281647]",False,2,San Jacinto Boulevard,tertiary,225.13400000000001,,,15 mph,,,,,San Jacinto Boulevard,1.4137786784238435e-05,3.492229788720098e-05
97,16877626,Yes,NO,,,TRUE,,,No,1/31/19,B - SUSPECTED MINOR INJURY,THURSDAY,30.27616478,1 - DAYLIGHT,-97.73712246,ONE MOTOR VEHICLE - GOING STRAIGHT,NOT APPLICABLE,,CITY STREET,35,2 - CLOUDY,26,0,W - WHITE,2 - FEMALE,1 - NOT WORN,B - SUSPECTED MINOR INJURY,POINT (-97.73712246 30.27616478),152435894,152554983,0,150350023,True,3,San Jacinto Boulevard,secondary,105.58099999999999,,,,,,,,San Jacinto Boulevard,2.1553816474184e-05,3.492229788720098e-05
98,17209472,No,NO,28635,1.5,TRUE,28635,2019,No,7/31/19,C - POSSIBLE INJURY,WEDNESDAY,30.26275124,1 - DAYLIGHT,-97.74211261,ONE MOTOR VEHICLE - TURNING RIGHT,NOT APPLICABLE,1.3,CITY STREET,30,1 - CLEAR,27,0,H - HISPANIC,1 - MALE,1 - NOT WORN,C - POSSIBLE INJURY,POINT (-97.74211261 30.26275124),152621173,152414763,0,"[436617514, 436617516]",True,3,San Jacinto Boulevard,secondary,107.92500000000001,,,,,,,,San Jacinto Boulevard,2.6625266310947907e-05,3.492229788720098e-05
99,17329158,No,NO,,,FALSE,,,No,10/4/19,B - SUSPECTED MINOR INJURY,FRIDAY,30.28318479,1 - DAYLIGHT,-97.73401247,ONE MOTOR VEHICLE - GOING STRAIGHT,NOT APPLICABLE,,CITY STREET,15,1 - CLEAR,20,0,W - WHITE,1 - MALE,1 - NOT WORN,B - SUSPECTED MINOR INJURY,POINT (-97.73401247 30.28318479),152419094,152631205,0,15399066,False,2,San Jacinto Boulevard,tertiary,222.29799999999997,,,15 mph,,,,,San Jacinto Boulevard,1.2047337883504634e-05,3.492229788720098e-05
100,17959547,No,NO,,,TRUE,,,No,11/12/20,C - POSSIBLE INJURY,THURSDAY,30.28930477,"2 - DARK, NOT LIGHTED",-97.73460246,ONE MOTOR VEHICLE - GOING STRAIGHT,NOT APPLICABLE,,CITY STREET,30,1 - CLEAR,23,0,W - WHITE,1 - MALE,1 - NOT WORN,C - POSSIBLE INJURY,POINT (-97.73460246 30.28930477),1389063104,152584372,0,126015161,False,,San Jacinto Boulevard,tertiary,13.07,,,,,,,,San Jacinto Boulevard,3.541801355544477e-07,3.492229788720098e-05
101,17959547,No,NO,,,TRUE,,,No,11/12/20,C - POSSIBLE INJURY,THURSDAY,30.28930477,"2 - DARK, NOT LIGHTED",-97.73460246,ONE MOTOR VEHICLE - GOING STRAIGHT,NOT APPLICABLE,,CITY STREET,30,1 - CLEAR,23,0,W - WHITE,1 - MALE,1 - NOT WORN,C - POSSIBLE INJURY,POINT (-97.73460246 30.28930477),152584372,1389063104,0,126015161,False,,San Jacinto Boulevard,tertiary,13.07,,,,,,,,San Jacinto Boulevard,3.541801355544477e-07,3.492229788720098e-05
102,16979508,Yes,NO,,,FALSE,,,No,3/28/19,K - FATAL INJURY,THURSDAY,30.2786122,"3 - DARK, LIGHTED",-97.72822118,ONE MOTOR VEHICLE - GOING STRAIGHT,NOT APPLICABLE,,CITY STREET,35,1 - CLEAR,28,1,W - WHITE,2 - FEMALE,99 - UNKNOWN IF WORN,K - FATAL INJURY,POINT (-97.72822118 30.2786122),152567123,1831070622,0,"[128247520, 172172687]",False,,East Martin Luther King Jr Boulevard,secondary,312.128,,,,,,,,East Martin Luther King Jr Boulevard,6.3646287149811655e-06,1.0539767861612847e-05
103,13250369,No,NO,200352,7.4,TRUE,200352,2019,No,2/7/13,B - SUSPECTED MINOR INJURY,THURSDAY,30.27853699,1 - DAYLIGHT,-97.72991678,ONE MOTOR VEHICLE - GOING STRAIGHT,NOT APPLICABLE,2.7,INTERSTATE,0,1 - CLEAR,28,0,W - WHITE,1 - MALE,1 - NOT WORN,B - SUSPECTED MINOR INJURY,POINT (-97.72991678 30.27853699),152567121,152567105,0,"[436632357, 436632359, 122981320, 122981319, 176875116]",False,6,East Martin Luther King Jr Boulevard,secondary,135.16,,yes,,,,,,East Martin Luther King Jr Boulevard,5.1389407589946486e-05,1.0539767861612847e-05
104,13250369,No,NO,200352,7.4,TRUE,200352,2019,No,2/7/13,B - SUSPECTED MINOR INJURY,THURSDAY,30.27853699,1 - DAYLIGHT,-97.72991678,ONE MOTOR VEHICLE - GOING STRAIGHT,NOT APPLICABLE,2.7,INTERSTATE,0,1 - CLEAR,28,0,W - WHITE,1 - MALE,1 - NOT WORN,B - SUSPECTED MINOR INJURY,POINT (-97.72991678 30.27853699),152567105,152567121,0,"[436632357, 122981319, 122981320, 436632359, 176875116]",False,6,East Martin Luther King Jr Boulevard,secondary,135.16000000000003,,yes,,,,,,East Martin Luther King Jr Boulevard,5.1389407589946486e-05,1.0539767861612847e-05
105,13656079,No,NO,,,FALSE,,,No,11/7/13,A - SUSPECTED SERIOUS INJURY,THURSDAY,30.28176843,1 - DAYLIGHT,-97.70878146,ONE MOTOR VEHICLE - GOING STRAIGHT,NOT APPLICABLE,,CITY STREET,35,1 - CLEAR,25,0,W - WHITE,2 - FEMALE,1 - NOT WORN,A - SUSPECTED SERIOUS INJURY,POINT (-97.70878146 30.28176843),152567148,152490183,0,"[958995546, 958995547, 196386391]",False,,East Martin Luther King Jr Boulevard,secondary,169.673,,yes,,,,,,East Martin Luther King Jr Boulevard,1.9123978213078966e-05,1.0539767861612847e-05
106,13744284,No,NO,,,TRUE,,,No,2/21/14,B - SUSPECTED MINOR INJURY,FRIDAY,30.28027478,1 - DAYLIGHT,-97.73678246,ONE MOTOR VEHICLE - TURNING RIGHT,ATTENTION DIVERTED FROM DRIVING,,CITY STREET,30,1 - CLEAR,29,0,W - WHITE,1 - MALE,"4 - WORN, UNK DAMAGE",B - SUSPECTED MINOR INJURY,POINT (-97.73678246 30.28027478),152567095,152567099,0,15393385,False,,East Martin Luther King Jr Boulevard,secondary,111.172,,,,,,,,East Martin Luther King Jr Boulevard,9.322677812553238e-07,1.0539767861612847e-05
107,14127082,Yes,NO,,,FALSE,,,No,10/23/14,C - POSSIBLE INJURY,THURSDAY,30.28164963,"3 - DARK, LIGHTED",-97.7095685,ONE MOTOR VEHICLE - TURNING RIGHT,ONE VEHICLE ENTERING DRIVEWAY,,CITY STREET,45,1 - CLEAR,47,0,B - BLACK,1 - MALE,99 - UNKNOWN IF WORN,C - POSSIBLE INJURY,POINT (-97.7095685 30.28164963),152528083,152567148,0,126307517,False,,East Martin Luther King Jr Boulevard,secondary,202.26,,,,,,,,East Martin Luther King Jr Boulevard,1.8221248037085344e-05,1.0539767861612847e-05
108,14127082,Yes,NO,,,FALSE,,,No,10/23/14,C - POSSIBLE INJURY,THURSDAY,30.28164963,"3 - DARK, LIGHTED",-97.7095685,ONE MOTOR VEHICLE - TURNING RIGHT,ONE VEHICLE ENTERING DRIVEWAY,,CITY STREET,45,1 - CLEAR,47,0,B - BLACK,1 - MALE,99 - UNKNOWN IF WORN,C - POSSIBLE INJURY,POINT (-97.7095685 30.28164963),152567148,152528083,0,126307517,False,,East Martin Luther King Jr Boulevard,secondary,202.26,,,,,,,,East Martin Luther King Jr Boulevard,1.8221248037085344e-05,1.0539767861612847e-05
109,14767896,No,NO,,,FALSE,,,No,11/22/15,B - SUSPECTED MINOR INJURY,SUNDAY,30.28117167,6 - DUSK,-97.71254673,ONE MOTOR VEHICLE - GOING STRAIGHT,NOT APPLICABLE,,CITY STREET,35,1 - CLEAR,17,0,W - WHITE,1 - MALE,"4 - WORN, UNK DAMAGE",B - SUSPECTED MINOR INJURY,POINT (-97.71254673 30.28117167),152567145,152451973,0,126307517,False,,East Martin Luther King Jr Boulevard,secondary,90.818,,,,,,,,East Martin Luther King Jr Boulevard,4.695979859526232e-05,1.0539767861612847e-05
110,14767896,No,NO,,,FALSE,,,No,11/22/15,B - SUSPECTED MINOR INJURY,SUNDAY,30.28117167,6 - DUSK,-97.71254673,ONE MOTOR VEHICLE - GOING STRAIGHT,NOT APPLICABLE,,CITY STREET,35,1 - CLEAR,17,0,W - WHITE,1 - MALE,"4 - WORN, UNK DAMAGE",B - SUSPECTED MINOR INJURY,POINT (-97.71254673 30.28117167),152451973,152567145,0,126307517,False,,East Martin Luther King Jr Boulevard,secondary,90.818,,,,,,,,East Martin Luther King Jr Boulevard,4.695979859526232e-05,1.0539767861612847e-05
111,15940540,No,NO,,,TRUE,,,No,8/29/17,B - SUSPECTED MINOR INJURY,TUESDAY,30.27981478,1 - DAYLIGHT,-97.72101247,ONE MOTOR VEHICLE - TURNING RIGHT,NOT APPLICABLE,,CITY STREET,30,1 - CLEAR,33,0,W - WHITE,1 - MALE,99 - UNKNOWN IF WORN,B - SUSPECTED MINOR INJURY,POINT (-97.72101247 30.27981478),152444440,152567128,0,126569516,False,,East Martin Luther King Jr Boulevard,secondary,97.628,,,,,,,,East Martin Luther King Jr Boulevard,9.998354226120697e-06,1.0539767861612847e-05
112,17230706,Yes,NO,,,FALSE,,,No,8/13/19,C - POSSIBLE INJURY,TUESDAY,30.27847624,1 - DAYLIGHT,-97.72978152,ONE MOTOR VEHICLE - GOING STRAIGHT,VEHICLE CHANGING LANES,,CITY STREET,35,1 - CLEAR,21,0,W - WHITE,1 - MALE,1 - NOT WORN,C - POSSIBLE INJURY,POINT (-97.72978152 30.27847624),152567105,152567121,0,"[436632357, 122981319, 122981320, 436632359, 176875116]",False,6,East Martin Luther King Jr Boulevard,secondary,135.16000000000003,,yes,,,,,,East Martin Luther King Jr Boulevard,2.404618700680041e-06,1.0539767861612847e-05
113,17354720,Yes,NO,,,FALSE,,,No,10/19/19,C - POSSIBLE INJURY,SATURDAY,30.27956052,"3 - DARK, LIGHTED",-97.73431639,ONE MOTOR VEHICLE - GOING STRAIGHT,NOT APPLICABLE,,CITY STREET,30,1 - CLEAR,34,0,W - WHITE,1 - MALE,1 - NOT WORN,C - POSSIBLE INJURY,POINT (-97.73431639 30.27956052),8822670850,4941532142,0,"[1038058273, 124953115, 1038058270, 1038058271]",False,5,East Martin Luther King Jr Boulevard,secondary,202.842,,,,,,,,East Martin Luther King Jr Boulevard,1.781933124500505e-05,1.0539767861612847e-05
114,17354720,Yes,NO,,,FALSE,,,No,10/19/19,C - POSSIBLE INJURY,SATURDAY,30.27956052,"3 - DARK, LIGHTED",-97.73431639,ONE MOTOR VEHICLE - GOING STRAIGHT,NOT APPLICABLE,,CITY STREET,30,1 - CLEAR,34,0,W - WHITE,1 - MALE,1 - NOT WORN,C - POSSIBLE INJURY,POINT (-97.73431639 30.27956052),4941532142,8822670850,0,"[1038058273, 124953115, 1038058270, 1038058271]",False,5,East Martin Luther King Jr Boulevard,secondary,202.842,,,,,,,,East Martin Luther King Jr Boulevard,1.781933124500505e-05,1.0539767861612847e-05
115,17659085,No,NO,179163,7.7,TRUE,179163,2019,No,4/16/20,B - SUSPECTED MINOR INJURY,THURSDAY,30.27847803,1 - DAYLIGHT,-97.72994485,ONE MOTOR VEHICLE - GOING STRAIGHT,NOT APPLICABLE,2.8,INTERSTATE,45,1 - CLEAR,41,0,W - WHITE,1 - MALE,1 - NOT WORN,B - SUSPECTED MINOR INJURY,POINT (-97.72994485 30.27847803),152567121,152567105,0,"[436632357, 436632359, 122981320, 122981319, 176875116]",False,6,East Martin Luther King Jr Boulevard,secondary,135.16,,yes,,,,,,East Martin Luther King Jr Boulevard,8.92156866981358e-06,1.0539767861612847e-05
116,17659085,No,NO,179163,7.7,TRUE,179163,2019,No,4/16/20,B - SUSPECTED MINOR INJURY,THURSDAY,30.27847803,1 - DAYLIGHT,-97.72994485,ONE MOTOR VEHICLE - GOING STRAIGHT,NOT APPLICABLE,2.8,INTERSTATE,45,1 - CLEAR,41,0,W - WHITE,1 - MALE,1 - NOT WORN,B - SUSPECTED MINOR INJURY,POINT (-97.72994485 30.27847803),152567105,152567121,0,"[436632357, 122981319, 122981320, 436632359, 176875116]",False,6,East Martin Luther King Jr Boulevard,secondary,135.16000000000003,,yes,,,,,,East Martin Luther King Jr Boulevard,8.92156866981358e-06,1.0539767861612847e-05
117,17857683,Yes,NO,95090,5.5,FALSE,95090,2019,Yes,8/3/20,K - FATAL INJURY,MONDAY,30.22117361,"2 - DARK, NOT LIGHTED",-97.67411629,ONE MOTOR VEHICLE - GOING STRAIGHT,CONSTRUCTION - WITHIN POSTED ROAD CONSTRUCTION ZONE (NOT RELATED TO CRASH),3.6,US & STATE HIGHWAYS,50,1 - CLEAR,41,1,H - HISPANIC,1 - MALE,99 - UNKNOWN IF WORN,K - FATAL INJURY,POINT (-97.67411629 30.22117361),339442161,152735281,0,281217630,True,4,State Highway 71,trunk,273.262,TX 71,,55 mph,,,,,State Highway 71,8.565821809104393e-05,1.051635292880429e-05
118,13711434,No,NO,,,TRUE,,,No,2/15/14,B - SUSPECTED MINOR INJURY,SATURDAY,30.17903479,1 - DAYLIGHT,-97.6164225,ONE MOTOR VEHICLE - GOING STRAIGHT,NOT APPLICABLE,,CITY STREET,30,1 - CLEAR,6,0,B - BLACK,1 - MALE,1 - NOT WORN,B - SUSPECTED MINOR INJURY,POINT (-97.6164225 30.17903479),339439980,339517338,0,"[436734651, 990541197]",True,4,State Highway 71,tertiary,126.473,TX 71,,65 mph,,,,,State Highway 71,0.016994606370259607,1.051635292880429e-05
119,14360395,No,NO,,,TRUE,,,No,3/25/15,B - SUSPECTED MINOR INJURY,WEDNESDAY,30.16797479,1 - DAYLIGHT,-97.6200825,ONE MOTOR VEHICLE - GOING STRAIGHT,NOT APPLICABLE,,CITY STREET,45,1 - CLEAR,8,0,B - BLACK,1 - MALE,1 - NOT WORN,B - SUSPECTED MINOR INJURY,POINT (-97.6200825 30.16797479),339439980,339517338,0,"[436734651, 990541197]",True,4,State Highway 71,tertiary,126.473,TX 71,,65 mph,,,,,State Highway 71,0.026744932358863417,1.051635292880429e-05
120,18091812,No,NO,,,FALSE,,,No,2/3/21,K - FATAL INJURY,WEDNESDAY,30.18269183,1 - DAYLIGHT,-97.84824438,ONE MOTOR VEHICLE - GOING STRAIGHT,NOT APPLICABLE,,CITY STREET,45,1 - CLEAR,68,1,W - WHITE,1 - MALE,"3 - WORN, NOT DAMAGED",K - FATAL INJURY,POINT (-97.84824438 30.18269183),5978485843,3197128728,0,"[981545022, 981545023]",True,"['2', '3']",West Slaughter Lane,primary,181.31,,,,,,,,West Slaughter Lane,5.874161363208606e-06,6.203955021326096e-05
121,12712159,Yes,NO,,,FALSE,,,No,4/1/12,B - SUSPECTED MINOR INJURY,SUNDAY,30.1782248,99 - UNKNOWN,-97.83872245,ONE MOTOR VEHICLE - TURNING RIGHT,ONE VEHICLE ENTERING DRIVEWAY,,CITY STREET,45,99 - UNKNOWN,43,0,W - WHITE,1 - MALE,1 - NOT WORN,B - SUSPECTED MINOR INJURY,POINT (-97.83872245 30.1782248),152535518,282615948,0,15390341,True,2,West Slaughter Lane,primary,203.316,,,,,,,,West Slaughter Lane,1.5720272798723364e-05,6.203955021326096e-05
122,13039498,No,NO,,,TRUE,,,No,11/9/12,B - SUSPECTED MINOR INJURY,FRIDAY,30.1834648,1 - DAYLIGHT,-97.84984244,ONE MOTOR VEHICLE - TURNING RIGHT,NOT APPLICABLE,,CITY STREET,40,1 - CLEAR,14,0,B - BLACK,1 - MALE,1 - NOT WORN,B - SUSPECTED MINOR INJURY,POINT (-97.84984244 30.1834648),152535472,5978485848,0,436634069,True,,West Slaughter Lane,primary,15.268,,,,,,,,West Slaughter Lane,2.5004374671555208e-05,6.203955021326096e-05
123,13154373,No,NO,,,TRUE,,,No,2/19/13,C - POSSIBLE INJURY,TUESDAY,30.1772748,"3 - DARK, LIGHTED",-97.83694244,ONE MOTOR VEHICLE - TURNING RIGHT,NOT APPLICABLE,,CITY STREET,30,1 - CLEAR,19,0,W - WHITE,1 - MALE,"4 - WORN, UNK DAMAGE",C - POSSIBLE INJURY,POINT (-97.83694244 30.1772748),152535516,152518046,0,796768924,True,2,West Slaughter Lane,primary,179.609,,,,,,,,West Slaughter Lane,1.2435164949846075e-05,6.203955021326096e-05
124,13197199,No,NO,33703,3.8,FALSE,33703,2019,No,3/14/13,A - SUSPECTED SERIOUS INJURY,THURSDAY,30.17364009,1 - DAYLIGHT,-97.82384608,ONE MOTOR VEHICLE - GOING STRAIGHT,NOT APPLICABLE,3,FARM TO MARKET,0,1 - CLEAR,7,0,H - HISPANIC,2 - FEMALE,99 - UNKNOWN IF WORN,A - SUSPECTED SERIOUS INJURY,POINT (-97.82384608 30.17364009),152535936,282144609,0,"[436615313, 436615307, 436615310]",True,"['2', '5']",West Slaughter Lane,primary,104.34100000000001,,,,,,,,West Slaughter Lane,7.553408171900686e-06,6.203955021326096e-05
125,13385800,No,NO,,,TRUE,,,No,7/21/13,C - POSSIBLE INJURY,SUNDAY,30.1792748,"3 - DARK, LIGHTED",-97.84116244,ONE MOTOR VEHICLE - GOING STRAIGHT,NOT APPLICABLE,,CITY STREET,35,1 - CLEAR,19,0,B - BLACK,1 - MALE,1 - NOT WORN,C - POSSIBLE INJURY,POINT (-97.84116244 30.1792748),152535500,152477141,0,"[981545032, 436615308]",True,"['2', '3']",West Slaughter Lane,primary,89.16900000000001,,,,,,,,West Slaughter Lane,4.920425982134111e-06,6.203955021326096e-05
126,13899424,No,NO,,,TRUE,,,No,6/25/14,C - POSSIBLE INJURY,WEDNESDAY,30.1741048,1 - DAYLIGHT,-97.80408245,ONE MOTOR VEHICLE - TURNING RIGHT,NOT APPLICABLE,,COUNTY ROAD,45,1 - CLEAR,33,0,H - HISPANIC,1 - MALE,1 - NOT WORN,C - POSSIBLE INJURY,POINT (-97.80408245 30.1741048),4501487634,152445263,0,"[978323864, 978323865]",True,"['3', '4']",West Slaughter Lane,primary,153.775,,,,,,,,West Slaughter Lane,2.7570820818653678e-06,6.203955021326096e-05
127,14423495,Yes,NO,,,FALSE,,,No,5/5/15,B - SUSPECTED MINOR INJURY,TUESDAY,30.16713442,1 - DAYLIGHT,-97.79092661,ONE MOTOR VEHICLE - TURNING RIGHT,ONE VEHICLE ENTERING DRIVEWAY,,FARM TO MARKET,-1,2 - CLOUDY,34,0,B - BLACK,1 - MALE,99 - UNKNOWN IF WORN,B - SUSPECTED MINOR INJURY,POINT (-97.79092661 30.16713442),282144629,282144631,0,"[204869556, 436619894]",True,"['3', '4']",West Slaughter Lane,primary,233.331,,,,,,,,West Slaughter Lane,1.212123749780776e-05,6.203955021326096e-05
128,14628750,No,NO,,,TRUE,,,No,8/23/15,B - SUSPECTED MINOR INJURY,SUNDAY,30.1671348,"3 - DARK, LIGHTED",-97.79094246,ONE MOTOR VEHICLE - TURNING RIGHT,NOT APPLICABLE,,CITY STREET,30,1 - CLEAR,23,0,W - WHITE,2 - FEMALE,1 - NOT WORN,B - SUSPECTED MINOR INJURY,POINT (-97.79094246 30.1671348),282144629,282144631,0,"[204869556, 436619894]",True,"['3', '4']",West Slaughter Lane,primary,233.331,,,,,,,,West Slaughter Lane,1.229763990925523e-05,6.203955021326096e-05
129,14998152,No,NO,,,TRUE,,,No,3/25/16,C - POSSIBLE INJURY,FRIDAY,30.1670448,"3 - DARK, LIGHTED",-97.78851246,ONE MOTOR VEHICLE - TURNING RIGHT,ATTENTION DIVERTED FROM DRIVING,,CITY STREET,35,1 - CLEAR,13,0,H - HISPANIC,1 - MALE,1 - NOT WORN,C - POSSIBLE INJURY,POINT (-97.78851246 30.1670448),282144631,5417095728,0,143978714,True,3,West Slaughter Lane,primary,98.585,,,,,,,,West Slaughter Lane,1.4499102004370594e-05,6.203955021326096e-05
130,15242989,No,NO,,,TRUE,,,No,8/1/16,C - POSSIBLE INJURY,MONDAY,30.20098606,1 - DAYLIGHT,-97.8708871,ONE MOTOR VEHICLE - TURNING LEFT,ATTENTION DIVERTED FROM DRIVING,,CITY STREET,55,1 - CLEAR,21,0,W - WHITE,1 - MALE,"3 - WORN, NOT DAMAGED",C - POSSIBLE INJURY,POINT (-97.8708871 30.20098606),3108635879,152518867,0,"[1014008042, 1014008043]",True,"['2', '3']",West Slaughter Lane,secondary,212.984,,,45 mph,,,,,West Slaughter Lane,3.132543660981084e-07,6.203955021326096e-05
131,15575970,No,NO,,,TRUE,,,No,2/6/17,N - NOT INJURED,MONDAY,30.1670448,1 - DAYLIGHT,-97.78851246,ONE MOTOR VEHICLE - TURNING LEFT,ONE VEHICLE ENTERING DRIVEWAY,,CITY STREET,45,1 - CLEAR,32,0,W - WHITE,1 - MALE,1 - NOT WORN,N - NOT INJURED,POINT (-97.78851246 30.1670448),282144631,5417095728,0,143978714,True,3,West Slaughter Lane,primary,98.585,,,,,,,,West Slaughter Lane,1.4499102004370594e-05,6.203955021326096e-05
132,15623675,No,NO,,,TRUE,,,No,3/6/17,B - SUSPECTED MINOR INJURY,MONDAY,30.1739148,1 - DAYLIGHT,-97.80742245,ONE MOTOR VEHICLE - TURNING RIGHT,ATTENTION DIVERTED FROM DRIVING,,CITY STREET,35,1 - CLEAR,11,0,W - WHITE,2 - FEMALE,1 - NOT WORN,B - SUSPECTED MINOR INJURY,POINT (-97.80742245 30.1739148),282144618,282144620,0,"[436619883, 970585459]",True,"['3', '4']",West Slaughter Lane,primary,330.88,,,,,,,,West Slaughter Lane,1.0627558169294947e-05,6.203955021326096e-05
133,15808641,No,NO,,,TRUE,,,No,6/9/17,C - POSSIBLE INJURY,FRIDAY,30.1670448,1 - DAYLIGHT,-97.78851246,ONE MOTOR VEHICLE - TURNING RIGHT,NOT APPLICABLE,,CITY STREET,45,2 - CLOUDY,50,0,W - WHITE,1 - MALE,1 - NOT WORN,C - POSSIBLE INJURY,POINT (-97.78851246 30.1670448),282144631,5417095728,0,143978714,True,3,West Slaughter Lane,primary,98.585,,,,,,,,West Slaughter Lane,1.4499102004370594e-05,6.203955021326096e-05