,Crash ID,$1000 Damage to Any One Person's Property,Active School Zone Flag,Adjusted Average Daily Traffic Amount,Adjusted Percentage of Average Daily Traffic For Trucks,At Intersection Flag,Average Daily Traffic Amount,Average Daily Traffic Year,Construction Zone Flag,Crash Date,Crash Severity,Day of Week,Latitude,Light Condition,Longitude,Manner of Collision,Other Factor,Percentage of Single Unit Truck Average Daily Traffic,Road Class,Speed Limit,Weather Condition,Person Age,Person Death Count,Person Ethnicity,Person Gender,Person Helmet,Person Injury Severity,geometry,index_right0,index_right1,index_right2,osmid,oneway,lanes,name,highway,length,ref,bridge,maxspeed,access,tunnel,junction,service,names,distance,Crash Rate
134,16211775,No,NO,,,TRUE,,,No,1/6/18,C - POSSIBLE INJURY,SATURDAY,30.1792748,1 - DAYLIGHT,-97.84116244,ONE MOTOR VEHICLE - GOING STRAIGHT,NOT APPLICABLE,,CITY STREET,45,1 - CLEAR,56,0,W - WHITE,1 - MALE,1 - NOT WORN,C - POSSIBLE INJURY,POINT (-97.84116244 30.1792748),152535500,152477141,0,"[981545032, 436615308]",True,"['2', '3']",West Slaughter Lane,primary,89.16900000000001,,,,,,,,West Slaughter Lane,4.920425982134111e-06,6.203955021326096e-05
135,16336657,No,NO,,,FALSE,,,No,3/12/18,B - SUSPECTED MINOR INJURY,MONDAY,30.1836048,1 - DAYLIGHT,-97.84975245,ONE MOTOR VEHICLE - GOING STRAIGHT,ATTENTION DIVERTED FROM DRIVING,,CITY STREET,45,1 - CLEAR,80,0,W - WHITE,1 - MALE,99 - UNKNOWN IF WORN,B - SUSPECTED MINOR INJURY,POINT (-97.84975245 30.1836048),282615962,282615961,0,436634060,True,,West Slaughter Lane,primary,15.501,,,45 mph,,,,,West Slaughter Lane,1.0930492456858307e-06,6.203955021326096e-05
136,16716061,No,NO,,,FALSE,,,No,10/26/18,A - SUSPECTED SERIOUS INJURY,FRIDAY,30.17394889,1 - DAYLIGHT,-97.81346593,ONE MOTOR VEHICLE - GOING STRAIGHT,ONE VEHICLE LEAVING DRIVEWAY,,CITY STREET,45,1 - CLEAR,32,0,H - HISPANIC,1 - MALE,1 - NOT WORN,A - SUSPECTED SERIOUS INJURY,POINT (-97.81346593 30.17394889),152532993,152535904,0,"[436615646, 978323879]",True,"['3', '4']",West Slaughter Lane,primary,168.60000000000002,,,,,,,,West Slaughter Lane,1.3744104739144974e-05,6.203955021326096e-05
137,17061345,No,NO,,,FALSE,,,No,1/13/19,B - SUSPECTED MINOR INJURY,SUNDAY,30.1675248,1 - DAYLIGHT,-97.79317246,ONE MOTOR VEHICLE - TURNING LEFT,ATTENTION DIVERTED FROM DRIVING,,CITY STREET,30,1 - CLEAR,54,0,W - WHITE,1 - MALE,1 - NOT WORN,B - SUSPECTED MINOR INJURY,POINT (-97.79317246 30.1675248),152536058,1701873284,0,970380661,True,3,West Slaughter Lane,primary,14.531,,,,,,,,West Slaughter Lane,1.1835555907481908e-06,6.203955021326096e-05
138,17061403,No,NO,,,TRUE,,,No,5/9/19,B - SUSPECTED MINOR INJURY,THURSDAY,30.2005648,1 - DAYLIGHT,-97.87847243,ONE MOTOR VEHICLE - TURNING RIGHT,NOT APPLICABLE,,CITY STREET,35,2 - CLOUDY,49,0,W - WHITE,1 - MALE,"3 - WORN, NOT DAMAGED",B - SUSPECTED MINOR INJURY,POINT (-97.87847243 30.2005648),152535654,3376475258,0,966303769,True,3,West Slaughter Lane,secondary,18.53,,,50 mph,,,,,West Slaughter Lane,2.201962314232153e-06,6.203955021326096e-05
139,17316454,No,NO,,,TRUE,,,No,9/26/19,C - POSSIBLE INJURY,THURSDAY,30.1736348,1 - DAYLIGHT,-97.82381245,ONE MOTOR VEHICLE - TURNING RIGHT,NOT APPLICABLE,,CITY STREET,45,1 - CLEAR,15,0,B - BLACK,2 - FEMALE,1 - NOT WORN,C - POSSIBLE INJURY,POINT (-97.82381245 30.1736348),282144609,4501481621,0,172351217,True,,West Slaughter Lane,primary,136.207,,,,,,,,West Slaughter Lane,1.348025190271509e-05,6.203955021326096e-05
140,17510902,No,NO,,,FALSE,,,No,1/11/20,C - POSSIBLE INJURY,SATURDAY,30.1811448,"3 - DARK, LIGHTED",-97.84471244,ONE MOTOR VEHICLE - GOING STRAIGHT,ONE VEHICLE LEAVING DRIVEWAY,,CITY STREET,45,1 - CLEAR,56,0,W - WHITE,2 - FEMALE,1 - NOT WORN,C - POSSIBLE INJURY,POINT (-97.84471244 30.1811448),282615950,282615951,0,655477676,True,,West Slaughter Lane,primary,409.60400000000004,,,,,,,,West Slaughter Lane,1.5365984142389428e-05,6.203955021326096e-05
141,17664380,No,NO,,,FALSE,,,No,4/21/20,C - POSSIBLE INJURY,TUESDAY,30.1671648,1 - DAYLIGHT,-97.79159246,ONE MOTOR VEHICLE - TURNING RIGHT,ONE VEHICLE ENTERING DRIVEWAY,,CITY STREET,-1,1 - CLEAR,28,0,W - WHITE,1 - MALE,"3 - WORN, NOT DAMAGED",C - POSSIBLE INJURY,POINT (-97.79159246 30.1671648),1701873284,282144629,0,"[436619904, 970380661]",True,"['3', '4']",West Slaughter Lane,primary,204.273,,,,,,,,West Slaughter Lane,1.7279597823340848e-05,6.203955021326096e-05
142,17696383,No,NO,,,TRUE,,,No,5/21/20,B - SUSPECTED MINOR INJURY,THURSDAY,30.17898006,1 - DAYLIGHT,-97.84027876,ONE MOTOR VEHICLE - TURNING RIGHT,NOT APPLICABLE,,CITY STREET,45,1 - CLEAR,40,0,W - WHITE,2 - FEMALE,1 - NOT WORN,B - SUSPECTED MINOR INJURY,POINT (-97.84027876 30.17898006),282615948,282615949,0,796768926,True,2,West Slaughter Lane,primary,243.189,,,,,,,,West Slaughter Lane,8.71004759678626e-06,6.203955021326096e-05
143,17694453,No,NO,,,TRUE,,,No,5/26/20,A - SUSPECTED SERIOUS INJURY,TUESDAY,30.1671348,1 - DAYLIGHT,-97.79094246,ONE MOTOR VEHICLE - TURNING RIGHT,NOT APPLICABLE,,CITY STREET,45,1 - CLEAR,27,0,B - BLACK,1 - MALE,1 - NOT WORN,A - SUSPECTED SERIOUS INJURY,POINT (-97.79094246 30.1671348),282144629,282144631,0,"[204869556, 436619894]",True,"['3', '4']",West Slaughter Lane,primary,233.331,,,,,,,,West Slaughter Lane,1.229763990925523e-05,6.203955021326096e-05
144,17695013,No,NO,,,FALSE,,,No,5/26/20,C - POSSIBLE INJURY,TUESDAY,30.20075977,1 - DAYLIGHT,-97.87939683,ONE MOTOR VEHICLE - GOING STRAIGHT,ONE VEHICLE LEAVING DRIVEWAY,,CITY STREET,45,1 - CLEAR,15,0,H - HISPANIC,2 - FEMALE,1 - NOT WORN,C - POSSIBLE INJURY,POINT (-97.87939683 30.20075977),152535640,152535654,0,"[966303768, 893134249, 893134243, 966303766]",True,"['2', '3']",West Slaughter Lane,secondary,674.7090000000002,,,50 mph,,,,,West Slaughter Lane,1.2757792318969262e-05,6.203955021326096e-05
145,17988869,No,NO,,,TRUE,,,No,11/30/20,B - SUSPECTED MINOR INJURY,MONDAY,30.1746348,1 - DAYLIGHT,-97.82817245,ONE MOTOR VEHICLE - TURNING RIGHT,NOT APPLICABLE,,CITY STREET,45,1 - CLEAR,61,0,W - WHITE,1 - MALE,99 - UNKNOWN IF WORN,B - SUSPECTED MINOR INJURY,POINT (-97.82817245 30.1746348),152402758,152535571,0,1029990760,True,2,West Slaughter Lane,primary,123.51700000000001,,,,,,,,West Slaughter Lane,7.242163962833387e-06,6.203955021326096e-05
146,18213577,No,NO,30772,4,TRUE,30772,2019,No,4/19/21,B - SUSPECTED MINOR INJURY,MONDAY,30.17364773,1 - DAYLIGHT,-97.82384283,ONE MOTOR VEHICLE - TURNING LEFT,ONE VEHICLE ENTERING DRIVEWAY,3.2,CITY STREET,45,1 - CLEAR,24,0,B - BLACK,1 - MALE,1 - NOT WORN,B - SUSPECTED MINOR INJURY,POINT (-97.82384283 30.17364773),152535936,282144609,0,"[436615313, 436615307, 436615310]",True,"['2', '5']",West Slaughter Lane,primary,104.34100000000001,,,,,,,,West Slaughter Lane,1.4517414445360391e-08,6.203955021326096e-05
147,18266135,No,NO,,,TRUE,,,No,5/20/21,B - SUSPECTED MINOR INJURY,THURSDAY,30.1670448,1 - DAYLIGHT,-97.78851246,ONE MOTOR VEHICLE - GOING STRAIGHT,NOT APPLICABLE,,CITY STREET,-1,1 - CLEAR,63,0,W - WHITE,1 - MALE,1 - NOT WORN,B - SUSPECTED MINOR INJURY,POINT (-97.78851246 30.1670448),282144631,5417095728,0,143978714,True,3,West Slaughter Lane,primary,98.585,,,,,,,,West Slaughter Lane,1.4499102004370594e-05,6.203955021326096e-05
148,18551522,No,NO,,,TRUE,,,No,10/25/21,N - NOT INJURED,MONDAY,30.1670448,6 - DUSK,-97.78851246,ONE MOTOR VEHICLE - GOING STRAIGHT,NOT APPLICABLE,,CITY STREET,45,1 - CLEAR,28,0,W - WHITE,1 - MALE,99 - UNKNOWN IF WORN,99 - UNKNOWN,POINT (-97.78851246 30.1670448),282144631,5417095728,0,143978714,True,3,West Slaughter Lane,primary,98.585,,,,,,,,West Slaughter Lane,1.4499102004370594e-05,6.203955021326096e-05
149,18632257,No,NO,,,TRUE,,,No,12/7/21,N - NOT INJURED,TUESDAY,30.1834648,1 - DAYLIGHT,-97.84984244,ONE MOTOR VEHICLE - GOING STRAIGHT,NOT APPLICABLE,,CITY STREET,-1,1 - CLEAR,52,0,W - WHITE,1 - MALE,"4 - WORN, UNK DAMAGE",N - NOT INJURED,POINT (-97.84984244 30.1834648),152535472,5978485848,0,436634069,True,,West Slaughter Lane,primary,15.268,,,,,,,,West Slaughter Lane,2.5004374671555208e-05,6.203955021326096e-05
150,12614709,No,NO,153426,2.4,FALSE,153426,2019,No,1/9/12,C - POSSIBLE INJURY,MONDAY,30.35171694,1 - DAYLIGHT,-97.74901678,ONE MOTOR VEHICLE - GOING STRAIGHT,ONE VEHICLE LEAVING DRIVEWAY,2,US & STATE HIGHWAYS,0,3 - RAIN,38,0,W - WHITE,1 - MALE,"4 - WORN, UNK DAMAGE",C - POSSIBLE INJURY,POINT (-97.74901678 30.35171694),5838149586,8942027631,0,"[461783936, 461783938, 608325476, 656122468, 617627975, 608325480, 608321159, 608321160, 617627979, 778299980, 778299982, 778299984, 778299986, 778299988, 778299990, 617610012]",True,1,North Mopac Expressway,motorway,16987.778000000006,Express 1 Toll,yes,"['75 mph', '65 mph']",,,,,North Mopac Expressway,7.9435970613094e-06,3.6211836345675294e-05
151,13334090,No,NO,118171,3,TRUE,118171,2019,No,6/14/13,B - SUSPECTED MINOR INJURY,FRIDAY,30.42787039,1 - DAYLIGHT,-97.70170558,ONE MOTOR VEHICLE - GOING STRAIGHT,NOT APPLICABLE,2.4,US & STATE HIGHWAYS,30,2 - CLOUDY,28,0,W - WHITE,1 - MALE,1 - NOT WORN,B - SUSPECTED MINOR INJURY,POINT (-97.70170558 30.42787039),1046551014,340124108,0,148865869,True,3,North Mopac Expressway,motorway,733.845,Loop 1 Toll,,75 mph,,,,,North Mopac Expressway,0.00014962955962910646,3.6211836345675294e-05
152,14569371,No,NO,162105,2.3,TRUE,162105,2019,No,7/30/15,B - SUSPECTED MINOR INJURY,THURSDAY,30.33643192,1 - DAYLIGHT,-97.75544562,ONE MOTOR VEHICLE - TURNING LEFT,NOT APPLICABLE,1.9,CITY STREET,-1,1 - CLEAR,26,0,W - WHITE,1 - MALE,"2 - WORN, DAMAGED",B - SUSPECTED MINOR INJURY,POINT (-97.75544562 30.33643192),5415278851,4281149633,0,"[561631078, 778299977, 992222126, 778299983, 448718800, 608316817, 778299985, 778299987, 656122482, 778299989, 778299991, 1040470168]",True,"['2', '1']",North Mopac Expressway,motorway,6325.285999999998,Express 1 Toll,yes,70 mph,,,,,North Mopac Expressway,4.6235753735473714e-05,3.6211836345675294e-05
153,16380854,No,NO,140337,2.8,FALSE,140337,2019,No,4/24/18,B - SUSPECTED MINOR INJURY,TUESDAY,30.40876352,1 - DAYLIGHT,-97.71448321,ONE MOTOR VEHICLE - GOING STRAIGHT,ONE VEHICLE LEAVING DRIVEWAY,2.2,US & STATE HIGHWAYS,-1,1 - CLEAR,34,0,W - WHITE,2 - FEMALE,"4 - WORN, UNK DAMAGE",B - SUSPECTED MINOR INJURY,POINT (-97.71448321 30.40876352),5838149586,8942027631,0,"[461783936, 461783938, 608325476, 656122468, 617627975, 608325480, 608321159, 608321160, 617627979, 778299980, 778299982, 778299984, 778299986, 778299988, 778299990, 617610012]",True,1,North Mopac Expressway,motorway,16987.778000000006,Express 1 Toll,yes,"['75 mph', '65 mph']",,,,,North Mopac Expressway,5.970454854104198e-05,3.6211836345675294e-05
154,16688632,No,NO,140337,2.8,FALSE,140337,2019,No,10/14/18,B - SUSPECTED MINOR INJURY,SUNDAY,30.41816917,"3 - DARK, LIGHTED",-97.70501,ONE MOTOR VEHICLE - GOING STRAIGHT,NOT APPLICABLE,2.2,US & STATE HIGHWAYS,55,1 - CLEAR,19,0,99 - UNKNOWN,1 - MALE,"3 - WORN, NOT DAMAGED",B - SUSPECTED MINOR INJURY,POINT (-97.70501 30.41816917),5838149586,8942027631,0,"[461783936, 461783938, 608325476, 656122468, 617627975, 608325480, 608321159, 608321160, 617627979, 778299980, 778299982, 778299984, 778299986, 778299988, 778299990, 617610012]",True,1,North Mopac Expressway,motorway,16987.778000000006,Express 1 Toll,yes,"['75 mph', '65 mph']",,,,,North Mopac Expressway,7.489177843071222e-05,3.6211836345675294e-05
155,17668639,No,NO,162105,2.3,FALSE,162105,2019,No,4/25/20,B - SUSPECTED MINOR INJURY,SATURDAY,30.3357503,1 - DAYLIGHT,-97.75552897,ONE MOTOR VEHICLE - TURNING LEFT,ONE VEHICLE ENTERING DRIVEWAY,1.9,CITY STREET,-1,1 - CLEAR,41,0,W - WHITE,1 - MALE,"4 - WORN, UNK DAMAGE",B - SUSPECTED MINOR INJURY,POINT (-97.75552897 30.3357503),5415278851,4281149633,0,"[561631078, 778299977, 992222126, 778299983, 448718800, 608316817, 778299985, 778299987, 656122482, 778299989, 778299991, 1040470168]",True,"['2', '1']",North Mopac Expressway,motorway,6325.285999999998,Express 1 Toll,yes,70 mph,,,,,North Mopac Expressway,4.5480470890086836e-05,3.6211836345675294e-05
156,18285926,Yes,NO,116343,3,FALSE,116343,2019,No,5/31/21,A - SUSPECTED SERIOUS INJURY,MONDAY,30.40120554,1 - DAYLIGHT,-97.72957299,ONE MOTOR VEHICLE - GOING STRAIGHT,NOT APPLICABLE,2.4,US & STATE HIGHWAYS,45,2 - CLOUDY,51,0,W - WHITE,1 - MALE,1 - NOT WORN,A - SUSPECTED SERIOUS INJURY,POINT (-97.72957299 30.40120554),5838149586,8942027631,0,"[461783936, 461783938, 608325476, 656122468, 617627975, 608325480, 608321159, 608321160, 617627979, 778299980, 778299982, 778299984, 778299986, 778299988, 778299990, 617610012]",True,1,North Mopac Expressway,motorway,16987.778000000006,Express 1 Toll,yes,"['75 mph', '65 mph']",,,,,North Mopac Expressway,3.3585433440589076e-05,3.6211836345675294e-05
157,18344870,Yes,NO,,,TRUE,,,No,7/2/21,B - SUSPECTED MINOR INJURY,FRIDAY,30.40737475,1 - DAYLIGHT,-97.71426246,ONE MOTOR VEHICLE - GOING STRAIGHT,NOT APPLICABLE,,CITY STREET,45,1 - CLEAR,45,0,W - WHITE,2 - FEMALE,1 - NOT WORN,B - SUSPECTED MINOR INJURY,POINT (-97.71426246 30.40737475),152579257,152579139,0,1029303899,True,4,North Mopac Expressway,secondary,42.152,FM 1325,,,,,,,North Mopac Expressway,1.5984787113893084e-05,3.6211836345675294e-05
158,18465459,Yes,NO,153426,2.4,TRUE,153426,2019,No,9/8/21,B - SUSPECTED MINOR INJURY,WEDNESDAY,30.35039627,1 - DAYLIGHT,-97.74927152,ONE MOTOR VEHICLE - TURNING RIGHT,NOT APPLICABLE,2,US & STATE HIGHWAYS,45,1 - CLEAR,57,0,W - WHITE,2 - FEMALE,"3 - WORN, NOT DAMAGED",B - SUSPECTED MINOR INJURY,POINT (-97.74927152 30.35039627),5838149586,8942027631,0,"[461783936, 461783938, 608325476, 656122468, 617627975, 608325480, 608321159, 608321160, 617627979, 778299980, 778299982, 778299984, 778299986, 778299988, 778299990, 617610012]",True,1,North Mopac Expressway,motorway,16987.778000000006,Express 1 Toll,yes,"['75 mph', '65 mph']",,,,,North Mopac Expressway,4.691275629430924e-05,3.6211836345675294e-05
159,12498787,No,NO,,,TRUE,,,No,1/11/12,B - SUSPECTED MINOR INJURY,WEDNESDAY,30.21546193,1 - DAYLIGHT,-97.7392539,ONE MOTOR VEHICLE - GOING STRAIGHT,NOT APPLICABLE,,CITY STREET,40,1 - CLEAR,24,0,W - WHITE,2 - FEMALE,1 - NOT WORN,B - SUSPECTED MINOR INJURY,POINT (-97.7392539 30.21546193),152448265,1767320288,0,"[619418856, 619418857]",True,"['5', '3']",East Ben White Boulevard,secondary,384.584,,,,,,,,East Ben White Boulevard,3.6987461796029945e-06,2.4121087861062533e-05
160,13046601,No,NO,,,TRUE,,,No,12/10/12,C - POSSIBLE INJURY,MONDAY,30.21197479,1 - DAYLIGHT,-97.71260247,ONE MOTOR VEHICLE - GOING STRAIGHT,ATTENTION DIVERTED FROM DRIVING,,CITY STREET,55,1 - CLEAR,52,0,B - BLACK,1 - MALE,1 - NOT WORN,C - POSSIBLE INJURY,POINT (-97.71260247 30.21197479),298303040,298303041,0,1029232803,True,,East Ben White Boulevard,secondary,16.414,,,,,,,,East Ben White Boulevard,7.074735034650269e-06,2.4121087861062533e-05
161,13171240,No,NO,,,TRUE,,,No,3/5/13,B - SUSPECTED MINOR INJURY,TUESDAY,30.21959479,1 - DAYLIGHT,-97.75664246,ONE MOTOR VEHICLE - GOING STRAIGHT,NOT APPLICABLE,,CITY STREET,40,1 - CLEAR,25,0,W - WHITE,2 - FEMALE,1 - NOT WORN,B - SUSPECTED MINOR INJURY,POINT (-97.75664246 30.21959479),152480451,152586288,0,436734877,True,3,East Ben White Boulevard,secondary,191.231,,,,,,,,East Ben White Boulevard,3.983390959070095e-06,2.4121087861062533e-05
162,14093949,No,NO,95090,5.5,FALSE,95090,2019,No,10/10/14,A - SUSPECTED SERIOUS INJURY,FRIDAY,30.22265656,"2 - DARK, NOT LIGHTED",-97.6816503,ONE MOTOR VEHICLE - GOING STRAIGHT,NOT APPLICABLE,3.6,US & STATE HIGHWAYS,55,1 - CLEAR,,0,B - BLACK,1 - MALE,99 - UNKNOWN IF WORN,A - SUSPECTED SERIOUS INJURY,POINT (-97.6816503 30.22265656),7327259920,6570475660,0,989302486,True,2,East Ben White Boulevard,motorway,236.215,TX 71,,55 mph,,,,,East Ben White Boulevard,0.00020403902469813052,2.4121087861062533e-05
163,15536509,Yes,NO,,,TRUE,,,No,1/12/17,B - SUSPECTED MINOR INJURY,THURSDAY,30.21902478,1 - DAYLIGHT,-97.75710246,ONE MOTOR VEHICLE - TURNING RIGHT,ATTENTION DIVERTED FROM DRIVING,,CITY STREET,-1,1 - CLEAR,35,0,W - WHITE,1 - MALE,1 - NOT WORN,B - SUSPECTED MINOR INJURY,POINT (-97.75710246 30.21902478),152394453,1371600881,0,350281302,True,3,East Ben White Boulevard,secondary,111.295,,,,,,,,East Ben White Boulevard,1.1488724585408725e-05,2.4121087861062533e-05
164,16009470,No,NO,95090,5.5,FALSE,95090,2019,No,9/27/17,A - SUSPECTED SERIOUS INJURY,WEDNESDAY,30.22273968,1 - DAYLIGHT,-97.68126452,ONE MOTOR VEHICLE - GOING STRAIGHT,ATTENTION DIVERTED FROM DRIVING,3.6,US & STATE HIGHWAYS,-1,1 - CLEAR,39,0,H - HISPANIC,1 - MALE,1 - NOT WORN,A - SUSPECTED SERIOUS INJURY,POINT (-97.68126452 30.22273968),7327259920,6570475660,0,989302486,True,2,East Ben White Boulevard,motorway,236.215,TX 71,,55 mph,,,,,East Ben White Boulevard,0.00021949822960633746,2.4121087861062533e-05
165,16321344,No,NO,,,FALSE,,,No,10/27/17,N - NOT INJURED,FRIDAY,30.22009479,1 - DAYLIGHT,-97.75756246,ONE MOTOR VEHICLE - TURNING RIGHT,ONE VEHICLE LEAVING DRIVEWAY,,CITY STREET,-1,1 - CLEAR,37,0,W - WHITE,1 - MALE,1 - NOT WORN,N - NOT INJURED,POINT (-97.75756246 30.22009479),152480451,152586288,0,436734877,True,3,East Ben White Boulevard,secondary,191.231,,,,,,,,East Ben White Boulevard,2.0612495165384886e-05,2.4121087861062533e-05
166,16065689,No,NO,,,FALSE,,,No,11/5/17,B - SUSPECTED MINOR INJURY,SUNDAY,30.22248905,"3 - DARK, LIGHTED",-97.76418993,ONE MOTOR VEHICLE - TURNING LEFT,ONE VEHICLE LEAVING DRIVEWAY,,CITY STREET,35,1 - CLEAR,51,0,W - WHITE,1 - MALE,1 - NOT WORN,B - SUSPECTED MINOR INJURY,POINT (-97.76418993 30.22248905),152398005,152586207,0,619457380,True,2,East Ben White Boulevard,secondary,53.853,,,,,,,,East Ben White Boulevard,1.091732382789376e-05,2.4121087861062533e-05
167,17580120,No,NO,70740,6.2,TRUE,70740,2019,No,2/21/20,N - NOT INJURED,FRIDAY,30.21848496,1 - DAYLIGHT,-97.69091383,ONE MOTOR VEHICLE - TURNING RIGHT,NOT APPLICABLE,4.1,CITY STREET,55,1 - CLEAR,29,0,W - WHITE,2 - FEMALE,1 - NOT WORN,N - NOT INJURED,POINT (-97.69091383 30.21848496),3560230798,5908069680,0,"[618202817, 165170410, 963890565]",True,"['5', '3', '4']",East Ben White Boulevard,motorway,892.1370000000001,TX 71,,"['55 mph', '70 mph']",,,,,East Ben White Boulevard,5.207196904504598e-05,2.4121087861062533e-05
168,18233539,No,NO,,,TRUE,,,No,3/13/21,C - POSSIBLE INJURY,SATURDAY,30.22248479,1 - DAYLIGHT,-97.76419246,ONE MOTOR VEHICLE - GOING STRAIGHT,NOT APPLICABLE,,US & STATE HIGHWAYS,-1,2 - CLOUDY,52,0,H - HISPANIC,1 - MALE,99 - UNKNOWN IF WORN,C - POSSIBLE INJURY,POINT (-97.76419246 30.22248479),152398005,152586207,0,619457380,True,2,East Ben White Boulevard,secondary,53.853,,,,,,,,East Ben White Boulevard,5.967757222180082e-06,2.4121087861062533e-05
169,18481234,No,NO,70740,6.2,FALSE,70740,2019,No,9/17/21,C - POSSIBLE INJURY,FRIDAY,30.21828083,"2 - DARK, NOT LIGHTED",-97.69136687,ONE MOTOR VEHICLE - GOING STRAIGHT,ATTENTION DIVERTED FROM DRIVING,4.1,US & STATE HIGHWAYS,45,1 - CLEAR,46,0,H - HISPANIC,1 - MALE,1 - NOT WORN,C - POSSIBLE INJURY,POINT (-97.69136687 30.21828083),3560230798,5908069680,0,"[618202817, 165170410, 963890565]",True,"['5', '3', '4']",East Ben White Boulevard,motorway,892.1370000000001,TX 71,,"['55 mph', '70 mph']",,,,,East Ben White Boulevard,2.8341694443699114e-05,2.4121087861062533e-05
170,18497182,Yes,NO,,,FALSE,,,No,9/27/21,A - SUSPECTED SERIOUS INJURY,MONDAY,30.22240285,1 - DAYLIGHT,-97.76406531,ONE MOTOR VEHICLE - GOING STRAIGHT,NOT APPLICABLE,,CITY STREET,-1,1 - CLEAR,63,0,W - WHITE,1 - MALE,1 - NOT WORN,A - SUSPECTED SERIOUS INJURY,POINT (-97.76406531 30.22240285),152398005,152586207,0,619457380,True,2,East Ben White Boulevard,secondary,53.853,,,,,,,,East Ben White Boulevard,7.290280938969116e-06,2.4121087861062533e-05
171,12629246,No,NO,43724,1.2,TRUE,43724,2019,No,1/12/12,N - NOT INJURED,THURSDAY,30.26437854,1 - DAYLIGHT,-97.74801969,ONE MOTOR VEHICLE - GOING STRAIGHT,NOT APPLICABLE,1.1,US & STATE HIGHWAYS,35,2 - CLOUDY,25,0,W - WHITE,1 - MALE,1 - NOT WORN,N - NOT INJURED,POINT (-97.74801969 30.26437854),152456593,2161101856,0,"[436614758, 51864151]",True,2,West Cesar Chavez Street,primary,104.688,Loop 343,,30 mph,,,,,West Cesar Chavez Street,2.0117639689544417e-07,7.716843296635456e-05
172,12560378,No,NO,46800,1.2,TRUE,46800,2019,No,2/20/12,B - SUSPECTED MINOR INJURY,MONDAY,30.26650046,"3 - DARK, LIGHTED",-97.75626172,ONE MOTOR VEHICLE - GOING STRAIGHT,NOT APPLICABLE,1.1,US & STATE HIGHWAYS,0,1 - CLEAR,32,0,W - WHITE,1 - MALE,1 - NOT WORN,B - SUSPECTED MINOR INJURY,POINT (-97.75626172 30.26650046),1806803962,152383640,0,"[1008898686, 899987075, 143948147, 436614911]",False,"['5', '4', '6']",West Cesar Chavez Street,primary,151.305,Loop 343,,"['35 mph', '30 mph']",,,,,West Cesar Chavez Street,1.1740380433174886e-05,7.716843296635456e-05
173,12560378,No,NO,46800,1.2,TRUE,46800,2019,No,2/20/12,B - SUSPECTED MINOR INJURY,MONDAY,30.26650046,"3 - DARK, LIGHTED",-97.75626172,ONE MOTOR VEHICLE - GOING STRAIGHT,NOT APPLICABLE,1.1,US & STATE HIGHWAYS,0,1 - CLEAR,32,0,W - WHITE,1 - MALE,1 - NOT WORN,B - SUSPECTED MINOR INJURY,POINT (-97.75626172 30.26650046),152383640,1806803962,0,"[143948147, 899987075, 1008898686, 436614911]",False,"['5', '4', '6']",West Cesar Chavez Street,primary,151.305,Loop 343,,"['35 mph', '30 mph']",,,,,West Cesar Chavez Street,1.1740380433174886e-05,7.716843296635456e-05
174,14892747,Yes,NO,26104,1.5,TRUE,26104,2019,No,12/8/15,C - POSSIBLE INJURY,TUESDAY,30.26411846,"2 - DARK, NOT LIGHTED",-97.7470975,ONE MOTOR VEHICLE - TURNING RIGHT,NOT APPLICABLE,1.4,CITY STREET,30,1 - CLEAR,41,0,W - WHITE,1 - MALE,"3 - WORN, NOT DAMAGED",C - POSSIBLE INJURY,POINT (-97.7470975 30.26411846),152509952,152456593,0,143978649,False,6,West Cesar Chavez Street,primary,99.35,Loop 343,,30 mph,,,,,West Cesar Chavez Street,1.9500590978122816e-05,7.716843296635456e-05
175,15541063,No,NO,,,FALSE,,,No,9/17/16,B - SUSPECTED MINOR INJURY,SATURDAY,30.26594582,1 - DAYLIGHT,-97.75344334,ONE MOTOR VEHICLE - GOING STRAIGHT,NOT APPLICABLE,,CITY STREET,-1,1 - CLEAR,26,0,W - WHITE,1 - MALE,1 - NOT WORN,B - SUSPECTED MINOR INJURY,POINT (-97.75344334 30.26594582),1402993259,4028583444,0,"[1008898688, 152429714]",False,"['5', '4']",West Cesar Chavez Street,primary,118.783,Loop 343,,30 mph,,,,,West Cesar Chavez Street,2.2409317985655173e-05,7.716843296635456e-05