,Crash ID,$1000 Damage to Any One Person's Property,Active School Zone Flag,Adjusted Average Daily Traffic Amount,Adjusted Percentage of Average Daily Traffic For Trucks,At Intersection Flag,Average Daily Traffic Amount,Average Daily Traffic Year,Construction Zone Flag,Crash Date,Crash Severity,Day of Week,Latitude,Light Condition,Longitude,Manner of Collision,Other Factor,Percentage of Single Unit Truck Average Daily Traffic,Road Class,Speed Limit,Weather Condition,Person Age,Person Death Count,Person Ethnicity,Person Gender,Person Helmet,Person Injury Severity,geometry,index_right0,index_right1,index_right2,osmid,oneway,lanes,name,highway,length,ref,bridge,maxspeed,access,tunnel,junction,service,names,distance,Crash Rate
176,15604729,No,NO,26104,1.5,FALSE,26104,2019,No,2/15/17,C - POSSIBLE INJURY,WEDNESDAY,30.26411006,1 - DAYLIGHT,-97.74706733,ONE MOTOR VEHICLE - TURNING RIGHT,ATTENTION DIVERTED FROM DRIVING,1.4,US & STATE HIGHWAYS,35,1 - CLEAR,30,0,W - WHITE,1 - MALE,"4 - WORN, UNK DAMAGE",C - POSSIBLE INJURY,POINT (-97.74706733 30.26411006),152456593,152509952,0,143978649,False,6,West Cesar Chavez Street,primary,99.35,Loop 343,,30 mph,,,,,West Cesar Chavez Street,1.983303493825324e-05,7.716843296635456e-05
177,15604729,No,NO,26104,1.5,FALSE,26104,2019,No,2/15/17,C - POSSIBLE INJURY,WEDNESDAY,30.26411006,1 - DAYLIGHT,-97.74706733,ONE MOTOR VEHICLE - TURNING RIGHT,ATTENTION DIVERTED FROM DRIVING,1.4,US & STATE HIGHWAYS,35,1 - CLEAR,30,0,W - WHITE,1 - MALE,"4 - WORN, UNK DAMAGE",C - POSSIBLE INJURY,POINT (-97.74706733 30.26411006),152509952,152456593,0,143978649,False,6,West Cesar Chavez Street,primary,99.35,Loop 343,,30 mph,,,,,West Cesar Chavez Street,1.983303493825324e-05,7.716843296635456e-05
178,16448775,No,NO,,,TRUE,,,No,6/3/18,C - POSSIBLE INJURY,SUNDAY,30.26433478,"3 - DARK, LIGHTED",-97.74803246,ONE MOTOR VEHICLE - GOING STRAIGHT,ATTENTION DIVERTED FROM DRIVING,,CITY STREET,-1,98 - OTHER (EXPLAIN IN NARRATIVE),50,0,98 - OTHER,1 - MALE,1 - NOT WORN,C - POSSIBLE INJURY,POINT (-97.74803246 30.26433478),2161101856,152456593,0,"[436742892, 436614759]",True,"['5', '3']",West Cesar Chavez Street,primary,105.352,Loop 343,,30 mph,,,,,West Cesar Chavez Street,1.413784018319281e-05,7.716843296635456e-05
179,16615290,No,NO,43724,1.2,TRUE,43724,2019,No,8/22/18,B - SUSPECTED MINOR INJURY,WEDNESDAY,30.26437892,1 - DAYLIGHT,-97.748021,ONE MOTOR VEHICLE - TURNING LEFT,NOT APPLICABLE,1.1,US & STATE HIGHWAYS,35,1 - CLEAR,31,0,W - WHITE,1 - MALE,1 - NOT WORN,B - SUSPECTED MINOR INJURY,POINT (-97.748021 30.26437892),152456593,2161101856,0,"[436614758, 51864151]",True,2,West Cesar Chavez Street,primary,104.688,Loop 343,,30 mph,,,,,West Cesar Chavez Street,8.97212076596608e-08,7.716843296635456e-05
180,16615290,No,NO,43724,1.2,TRUE,43724,2019,No,8/22/18,B - SUSPECTED MINOR INJURY,WEDNESDAY,30.26437892,1 - DAYLIGHT,-97.748021,ONE MOTOR VEHICLE - TURNING LEFT,NOT APPLICABLE,1.1,US & STATE HIGHWAYS,35,1 - CLEAR,50,0,W - WHITE,2 - FEMALE,"3 - WORN, NOT DAMAGED",B - SUSPECTED MINOR INJURY,POINT (-97.748021 30.26437892),152456593,2161101856,0,"[436614758, 51864151]",True,2,West Cesar Chavez Street,primary,104.688,Loop 343,,30 mph,,,,,West Cesar Chavez Street,8.97212076596608e-08,7.716843296635456e-05
181,17184923,No,NO,,,TRUE,,,No,7/17/19,B - SUSPECTED MINOR INJURY,WEDNESDAY,30.26597478,1 - DAYLIGHT,-97.75353246,ONE MOTOR VEHICLE - TURNING LEFT,NOT APPLICABLE,,CITY STREET,35,1 - CLEAR,,0,W - WHITE,1 - MALE,1 - NOT WORN,B - SUSPECTED MINOR INJURY,POINT (-97.75353246 30.26597478),1402993259,152383640,0,"[415672188, 1008898687]",False,"['5', '4']",West Cesar Chavez Street,primary,199.441,Loop 343,,30 mph,,,,,West Cesar Chavez Street,2.0247632381474708e-05,7.716843296635456e-05
182,17207032,No,NO,43724,1.2,TRUE,43724,2019,No,7/26/19,B - SUSPECTED MINOR INJURY,FRIDAY,30.26599688,1 - DAYLIGHT,-97.75352517,ONE MOTOR VEHICLE - TURNING LEFT,ONE VEHICLE ENTERING DRIVEWAY,1.1,CITY STREET,35,1 - CLEAR,44,0,W - WHITE,1 - MALE,"3 - WORN, NOT DAMAGED",B - SUSPECTED MINOR INJURY,POINT (-97.75352517 30.26599688),152383640,1402993259,0,"[415672188, 1008898687]",False,"['5', '4']",West Cesar Chavez Street,primary,199.441,Loop 343,,30 mph,,,,,West Cesar Chavez Street,3.0236289449151735e-06,7.716843296635456e-05
183,17433909,No,NO,,,FALSE,,,No,12/1/19,B - SUSPECTED MINOR INJURY,SUNDAY,30.26370478,"3 - DARK, LIGHTED",-97.74586246,ONE MOTOR VEHICLE - TURNING RIGHT,ATTENTION DIVERTED FROM DRIVING,,CITY STREET,-1,1 - CLEAR,7,0,99 - UNKNOWN,1 - MALE,"3 - WORN, NOT DAMAGED",B - SUSPECTED MINOR INJURY,POINT (-97.74586246 30.26370478),4344959436,152509949,0,"[1008898690, 968033523]",False,"['4', '6']",West Cesar Chavez Street,primary,70.43100000000001,Loop 343,,30 mph,,,,,West Cesar Chavez Street,5.4458846098997064e-05,7.716843296635456e-05
184,17433909,No,NO,,,FALSE,,,No,12/1/19,B - SUSPECTED MINOR INJURY,SUNDAY,30.26370478,"3 - DARK, LIGHTED",-97.74586246,ONE MOTOR VEHICLE - TURNING RIGHT,ATTENTION DIVERTED FROM DRIVING,,CITY STREET,-1,1 - CLEAR,7,0,99 - UNKNOWN,1 - MALE,"3 - WORN, NOT DAMAGED",B - SUSPECTED MINOR INJURY,POINT (-97.74586246 30.26370478),152509949,4344959436,0,"[1008898690, 968033523]",False,"['4', '6']",West Cesar Chavez Street,primary,70.431,Loop 343,,30 mph,,,,,West Cesar Chavez Street,5.4458846098997064e-05,7.716843296635456e-05
185,17573178,No,NO,,,TRUE,,,No,1/6/20,C - POSSIBLE INJURY,MONDAY,30.26561478,1 - DAYLIGHT,-97.75233246,ONE MOTOR VEHICLE - GOING STRAIGHT,ATTENTION DIVERTED FROM DRIVING,,CITY STREET,35,1 - CLEAR,60,0,W - WHITE,1 - MALE,1 - NOT WORN,C - POSSIBLE INJURY,POINT (-97.75233246 30.26561478),3588213525,4028583444,0,"[206110441, 206110444, 402523645]",False,4,West Cesar Chavez Street,primary,220.06699999999998,Loop 343,yes,30 mph,,,,,West Cesar Chavez Street,2.1775394127278896e-05,7.716843296635456e-05
186,17573178,No,NO,,,TRUE,,,No,1/6/20,C - POSSIBLE INJURY,MONDAY,30.26561478,1 - DAYLIGHT,-97.75233246,ONE MOTOR VEHICLE - GOING STRAIGHT,ATTENTION DIVERTED FROM DRIVING,,CITY STREET,35,1 - CLEAR,60,0,W - WHITE,1 - MALE,1 - NOT WORN,C - POSSIBLE INJURY,POINT (-97.75233246 30.26561478),4028583444,3588213525,0,"[206110441, 206110444, 402523645]",False,4,West Cesar Chavez Street,primary,220.067,Loop 343,yes,30 mph,,,,,West Cesar Chavez Street,2.1775394127278896e-05,7.716843296635456e-05
187,18267543,Yes,NO,46800,1.2,TRUE,46800,2019,No,3/15/21,C - POSSIBLE INJURY,MONDAY,30.26650046,1 - DAYLIGHT,-97.75626172,ONE MOTOR VEHICLE - TURNING RIGHT,ATTENTION DIVERTED FROM DRIVING,1.1,CITY STREET,45,1 - CLEAR,22,0,W - WHITE,2 - FEMALE,"4 - WORN, UNK DAMAGE",C - POSSIBLE INJURY,POINT (-97.75626172 30.26650046),1806803962,152383640,0,"[1008898686, 899987075, 143948147, 436614911]",False,"['5', '4', '6']",West Cesar Chavez Street,primary,151.305,Loop 343,,"['35 mph', '30 mph']",,,,,West Cesar Chavez Street,1.1740380433174886e-05,7.716843296635456e-05
188,18267543,Yes,NO,46800,1.2,TRUE,46800,2019,No,3/15/21,C - POSSIBLE INJURY,MONDAY,30.26650046,1 - DAYLIGHT,-97.75626172,ONE MOTOR VEHICLE - TURNING RIGHT,ATTENTION DIVERTED FROM DRIVING,1.1,CITY STREET,45,1 - CLEAR,22,0,W - WHITE,2 - FEMALE,"4 - WORN, UNK DAMAGE",C - POSSIBLE INJURY,POINT (-97.75626172 30.26650046),152383640,1806803962,0,"[143948147, 899987075, 1008898686, 436614911]",False,"['5', '4', '6']",West Cesar Chavez Street,primary,151.305,Loop 343,,"['35 mph', '30 mph']",,,,,West Cesar Chavez Street,1.1740380433174886e-05,7.716843296635456e-05
189,18234544,Yes,NO,46800,1.2,TRUE,46800,2019,No,4/24/21,N - NOT INJURED,SATURDAY,30.26650046,1 - DAYLIGHT,-97.75626172,ONE MOTOR VEHICLE - GOING STRAIGHT,NOT APPLICABLE,1.1,CITY STREET,-1,1 - CLEAR,36,0,A - ASIAN,1 - MALE,1 - NOT WORN,N - NOT INJURED,POINT (-97.75626172 30.26650046),1806803962,152383640,0,"[1008898686, 899987075, 143948147, 436614911]",False,"['5', '4', '6']",West Cesar Chavez Street,primary,151.305,Loop 343,,"['35 mph', '30 mph']",,,,,West Cesar Chavez Street,1.1740380433174886e-05,7.716843296635456e-05
190,18234544,Yes,NO,46800,1.2,TRUE,46800,2019,No,4/24/21,N - NOT INJURED,SATURDAY,30.26650046,1 - DAYLIGHT,-97.75626172,ONE MOTOR VEHICLE - GOING STRAIGHT,NOT APPLICABLE,1.1,CITY STREET,-1,1 - CLEAR,36,0,A - ASIAN,1 - MALE,1 - NOT WORN,N - NOT INJURED,POINT (-97.75626172 30.26650046),152383640,1806803962,0,"[143948147, 899987075, 1008898686, 436614911]",False,"['5', '4', '6']",West Cesar Chavez Street,primary,151.305,Loop 343,,"['35 mph', '30 mph']",,,,,West Cesar Chavez Street,1.1740380433174886e-05,7.716843296635456e-05
191,12510523,Yes,NO,46800,1.2,FALSE,46800,2019,No,1/17/12,B - SUSPECTED MINOR INJURY,TUESDAY,30.25779911,1 - DAYLIGHT,-97.759864,ONE MOTOR VEHICLE - GOING STRAIGHT,NOT APPLICABLE,1.1,US & STATE HIGHWAYS,40,1 - CLEAR,21,0,W - WHITE,1 - MALE,"2 - WORN, DAMAGED",B - SUSPECTED MINOR INJURY,POINT (-97.759864 30.25779911),152433084,152616202,0,150220101,False,4,South Lamar Boulevard,primary,141.575,Loop 343,,,,,,,South Lamar Boulevard,5.28821962025068e-06,4.3329433684301746e-05
192,12575491,No,NO,46800,1.2,TRUE,46800,2019,No,2/25/12,B - SUSPECTED MINOR INJURY,SATURDAY,30.24843051,1 - DAYLIGHT,-97.76999678,ONE MOTOR VEHICLE - TURNING LEFT,NOT APPLICABLE,1.1,US & STATE HIGHWAYS,40,1 - CLEAR,27,0,W - WHITE,1 - MALE,"4 - WORN, UNK DAMAGE",B - SUSPECTED MINOR INJURY,POINT (-97.76999678 30.24843051),152421030,152460136,0,436634456,False,4,South Lamar Boulevard,primary,80.862,Loop 343,,35 mph,,,,,South Lamar Boulevard,2.98585400795615e-06,4.3329433684301746e-05
193,12604071,Yes,NO,45516,1.2,TRUE,45516,2019,No,3/17/12,B - SUSPECTED MINOR INJURY,SATURDAY,30.24694096,1 - DAYLIGHT,-97.77715953,ONE MOTOR VEHICLE - TURNING RIGHT,NOT APPLICABLE,1.1,US & STATE HIGHWAYS,40,2 - CLOUDY,39,0,W - WHITE,1 - MALE,99 - UNKNOWN IF WORN,B - SUSPECTED MINOR INJURY,POINT (-97.77715953 30.24694096),152616233,152555107,0,436634456,False,4,South Lamar Boulevard,primary,196.558,Loop 343,,35 mph,,,,,South Lamar Boulevard,1.3056580961804463e-05,4.3329433684301746e-05
194,12712190,No,NO,45516,1.2,FALSE,45516,2019,No,4/19/12,B - SUSPECTED MINOR INJURY,THURSDAY,30.24645028,1 - DAYLIGHT,-97.77829487,ONE MOTOR VEHICLE - TURNING RIGHT,ONE VEHICLE ENTERING DRIVEWAY,1.1,US & STATE HIGHWAYS,35,1 - CLEAR,54,0,W - WHITE,1 - MALE,1 - NOT WORN,B - SUSPECTED MINOR INJURY,POINT (-97.77829487 30.24645028),152616237,152616235,0,436634456,False,4,South Lamar Boulevard,primary,66.3,Loop 343,,35 mph,,,,,South Lamar Boulevard,4.996054860342344e-06,4.3329433684301746e-05
195,13029521,No,NO,45516,1.2,TRUE,45516,2019,No,12/2/12,A - SUSPECTED SERIOUS INJURY,SUNDAY,30.24694096,"3 - DARK, LIGHTED",-97.77715953,ONE MOTOR VEHICLE - GOING STRAIGHT,NOT APPLICABLE,1.1,US & STATE HIGHWAYS,40,1 - CLEAR,27,0,W - WHITE,2 - FEMALE,"3 - WORN, NOT DAMAGED",A - SUSPECTED SERIOUS INJURY,POINT (-97.77715953 30.24694096),152616233,152555107,0,436634456,False,4,South Lamar Boulevard,primary,196.558,Loop 343,,35 mph,,,,,South Lamar Boulevard,1.3056580961804463e-05,4.3329433684301746e-05
196,13254074,Yes,NO,46800,1.2,FALSE,46800,2019,Yes,4/22/13,B - SUSPECTED MINOR INJURY,MONDAY,30.25396739,1 - DAYLIGHT,-97.76278203,ONE MOTOR VEHICLE - TURNING LEFT,CONSTRUCTION - WITHIN POSTED ROAD CONSTRUCTION ZONE (NOT RELATED TO CRASH),1.1,US & STATE HIGHWAYS,40,1 - CLEAR,29,0,W - WHITE,1 - MALE,"2 - WORN, DAMAGED",B - SUSPECTED MINOR INJURY,POINT (-97.76278203 30.25396739),152465157,152610128,0,"[415611192, 1025315928]",False,4,South Lamar Boulevard,primary,416.87299999999993,Loop 343,,35 mph,,,,,South Lamar Boulevard,1.3766347016403361e-05,4.3329433684301746e-05
197,13389392,No,NO,45516,1.2,TRUE,45516,2019,No,7/15/13,B - SUSPECTED MINOR INJURY,MONDAY,30.24433908,1 - DAYLIGHT,-97.78131563,ONE MOTOR VEHICLE - TURNING LEFT,NOT APPLICABLE,1.1,US & STATE HIGHWAYS,30,3 - RAIN,20,0,W - WHITE,1 - MALE,1 - NOT WORN,B - SUSPECTED MINOR INJURY,POINT (-97.78131563 30.24433908),152475539,152493812,0,"[665267296, 436634456, 436737293, 665267295]",False,"['5', '4']",South Lamar Boulevard,primary,178.407,Loop 343,,35 mph,,,,,South Lamar Boulevard,1.1650218887204545e-05,4.3329433684301746e-05
198,13453996,No,NO,45516,1.2,TRUE,45516,2019,No,9/17/13,B - SUSPECTED MINOR INJURY,TUESDAY,30.24690167,1 - DAYLIGHT,-97.77729299,ONE MOTOR VEHICLE - TURNING RIGHT,NOT APPLICABLE,1.1,US & STATE HIGHWAYS,35,2 - CLOUDY,56,0,W - WHITE,1 - MALE,99 - UNKNOWN IF WORN,B - SUSPECTED MINOR INJURY,POINT (-97.77729299 30.24690167),152616235,152555107,0,436634456,False,4,South Lamar Boulevard,primary,101.543,Loop 343,,35 mph,,,,,South Lamar Boulevard,9.241306107198922e-06,4.3329433684301746e-05
199,13529180,No,NO,45516,1.2,TRUE,45516,2019,No,11/1/13,C - POSSIBLE INJURY,FRIDAY,30.24433908,6 - DUSK,-97.78131563,ONE MOTOR VEHICLE - TURNING RIGHT,NOT APPLICABLE,1.1,US & STATE HIGHWAYS,35,1 - CLEAR,32,0,W - WHITE,2 - FEMALE,99 - UNKNOWN IF WORN,C - POSSIBLE INJURY,POINT (-97.78131563 30.24433908),152475539,152493812,0,"[665267296, 436634456, 436737293, 665267295]",False,"['5', '4']",South Lamar Boulevard,primary,178.407,Loop 343,,35 mph,,,,,South Lamar Boulevard,1.1650218887204545e-05,4.3329433684301746e-05
200,13818186,Yes,NO,46800,1.2,TRUE,46800,2019,Yes,4/28/14,B - SUSPECTED MINOR INJURY,MONDAY,30.25495723,1 - DAYLIGHT,-97.76217282,ONE MOTOR VEHICLE - TURNING LEFT,CONSTRUCTION - WITHIN POSTED ROAD CONSTRUCTION ZONE (NOT RELATED TO CRASH),1.1,US & STATE HIGHWAYS,35,1 - CLEAR,31,0,H - HISPANIC,1 - MALE,99 - UNKNOWN IF WORN,B - SUSPECTED MINOR INJURY,POINT (-97.76217282 30.25495723),4463616779,152616210,0,1025315928,False,4,South Lamar Boulevard,primary,58.652,Loop 343,,,,,,,South Lamar Boulevard,2.946564648084525e-05,4.3329433684301746e-05
201,13864429,No,NO,45516,1.2,TRUE,45516,2019,No,6/2/14,B - SUSPECTED MINOR INJURY,MONDAY,30.24694096,1 - DAYLIGHT,-97.77715953,ONE MOTOR VEHICLE - GOING STRAIGHT,NOT APPLICABLE,1.1,US & STATE HIGHWAYS,35,1 - CLEAR,34,0,W - WHITE,1 - MALE,99 - UNKNOWN IF WORN,B - SUSPECTED MINOR INJURY,POINT (-97.77715953 30.24694096),152616233,152555107,0,436634456,False,4,South Lamar Boulevard,primary,196.558,Loop 343,,35 mph,,,,,South Lamar Boulevard,1.3056580961804463e-05,4.3329433684301746e-05
202,14665678,Yes,NO,45516,1.2,TRUE,45516,2019,No,8/18/14,A - SUSPECTED SERIOUS INJURY,MONDAY,30.24361875,1 - DAYLIGHT,-97.7823153,ONE MOTOR VEHICLE - GOING STRAIGHT,ATTENTION DIVERTED FROM DRIVING,1.1,US & STATE HIGHWAYS,35,1 - CLEAR,72,0,W - WHITE,1 - MALE,99 - UNKNOWN IF WORN,A - SUSPECTED SERIOUS INJURY,POINT (-97.7823153 30.24361875),152434914,152368051,0,994900900,False,,South Lamar Boulevard,primary,208.65000000000003,Loop 343,,35 mph,,,,,South Lamar Boulevard,1.9087888042930504e-06,4.3329433684301746e-05
203,14031720,No,NO,46800,1.2,FALSE,46800,2019,No,8/26/14,B - SUSPECTED MINOR INJURY,TUESDAY,30.26342127,1 - DAYLIGHT,-97.75756734,ONE MOTOR VEHICLE - GOING STRAIGHT,ATTENTION DIVERTED FROM DRIVING,1.1,US & STATE HIGHWAYS,35,1 - CLEAR,34,0,W - WHITE,1 - MALE,1 - NOT WORN,B - SUSPECTED MINOR INJURY,POINT (-97.75756734 30.26342127),4093998600,152403708,0,"[619375205, 619375199]",True,"['3', '4']",South Lamar Boulevard,primary,61.481,Loop 343,,30 mph,,,,,South Lamar Boulevard,5.07039119419356e-05,4.3329433684301746e-05
204,14061780,No,NO,46800,1.2,FALSE,46800,2019,No,9/29/14,B - SUSPECTED MINOR INJURY,MONDAY,30.24915287,"3 - DARK, LIGHTED",-97.76797288,ONE MOTOR VEHICLE - GOING STRAIGHT,NOT APPLICABLE,1.1,US & STATE HIGHWAYS,35,1 - CLEAR,39,0,W - WHITE,1 - MALE,1 - NOT WORN,B - SUSPECTED MINOR INJURY,POINT (-97.76797288 30.24915287),152445485,152481464,0,"[436634459, 436634455]",False,"['5', '4']",South Lamar Boulevard,primary,117.583,Loop 343,,35 mph,,,,,South Lamar Boulevard,1.8839108323370863e-06,4.3329433684301746e-05
205,14061780,No,NO,46800,1.2,FALSE,46800,2019,No,9/29/14,B - SUSPECTED MINOR INJURY,MONDAY,30.24915287,"3 - DARK, LIGHTED",-97.76797288,ONE MOTOR VEHICLE - GOING STRAIGHT,NOT APPLICABLE,1.1,US & STATE HIGHWAYS,35,1 - CLEAR,39,0,W - WHITE,1 - MALE,1 - NOT WORN,B - SUSPECTED MINOR INJURY,POINT (-97.76797288 30.24915287),152481464,152445485,0,"[436634459, 436634455]",False,"['5', '4']",South Lamar Boulevard,primary,117.583,Loop 343,,35 mph,,,,,South Lamar Boulevard,1.8839108323370863e-06,4.3329433684301746e-05
206,14067156,No,NO,,,FALSE,,,No,10/2/14,C - POSSIBLE INJURY,THURSDAY,30.24755784,1 - DAYLIGHT,-97.77315043,ONE MOTOR VEHICLE - GOING STRAIGHT,ONE VEHICLE LEAVING DRIVEWAY,,CITY STREET,-1,2 - CLOUDY,26,0,W - WHITE,1 - MALE,99 - UNKNOWN IF WORN,C - POSSIBLE INJURY,POINT (-97.77315043 30.24755784),152496704,152616231,0,436634456,False,4,South Lamar Boulevard,primary,139.37400000000002,Loop 343,,35 mph,,,,,South Lamar Boulevard,1.7064602441407786e-05,4.3329433684301746e-05
207,14341227,No,NO,45516,1.2,TRUE,45516,2019,No,3/5/15,N - NOT INJURED,THURSDAY,30.2476193,"3 - DARK, LIGHTED",-97.77293717,ONE MOTOR VEHICLE - TURNING LEFT,ATTENTION DIVERTED FROM DRIVING,1.1,US & STATE HIGHWAYS,40,1 - CLEAR,56,0,W - WHITE,1 - MALE,"3 - WORN, NOT DAMAGED",N - NOT INJURED,POINT (-97.77293717 30.2476193),152616231,152496704,0,436634456,False,4,South Lamar Boulevard,primary,139.374,Loop 343,,35 mph,,,,,South Lamar Boulevard,1.0313948715653116e-06,4.3329433684301746e-05
208,14392270,Yes,NO,45516,1.2,TRUE,45516,2019,No,3/22/15,B - SUSPECTED MINOR INJURY,SUNDAY,30.24729226,1 - DAYLIGHT,-97.77525007,ONE MOTOR VEHICLE - TURNING LEFT,NOT APPLICABLE,1.1,US & STATE HIGHWAYS,45,1 - CLEAR,28,0,W - WHITE,1 - MALE,99 - UNKNOWN IF WORN,B - SUSPECTED MINOR INJURY,POINT (-97.77525007 30.24729226),152555107,152616233,0,436634456,False,4,South Lamar Boulevard,primary,196.558,Loop 343,,35 mph,,,,,South Lamar Boulevard,1.654890783648516e-05,4.3329433684301746e-05
209,14392270,Yes,NO,45516,1.2,TRUE,45516,2019,No,3/22/15,B - SUSPECTED MINOR INJURY,SUNDAY,30.24729226,1 - DAYLIGHT,-97.77525007,ONE MOTOR VEHICLE - TURNING LEFT,NOT APPLICABLE,1.1,US & STATE HIGHWAYS,45,1 - CLEAR,28,0,W - WHITE,1 - MALE,99 - UNKNOWN IF WORN,B - SUSPECTED MINOR INJURY,POINT (-97.77525007 30.24729226),152616233,152555107,0,436634456,False,4,South Lamar Boulevard,primary,196.558,Loop 343,,35 mph,,,,,South Lamar Boulevard,1.654890783648516e-05,4.3329433684301746e-05
210,14392270,Yes,NO,45516,1.2,TRUE,45516,2019,No,3/22/15,B - SUSPECTED MINOR INJURY,SUNDAY,30.24729226,1 - DAYLIGHT,-97.77525007,ONE MOTOR VEHICLE - TURNING LEFT,NOT APPLICABLE,1.1,US & STATE HIGHWAYS,45,1 - CLEAR,33,0,W - WHITE,1 - MALE,99 - UNKNOWN IF WORN,B - SUSPECTED MINOR INJURY,POINT (-97.77525007 30.24729226),152555107,152616233,0,436634456,False,4,South Lamar Boulevard,primary,196.558,Loop 343,,35 mph,,,,,South Lamar Boulevard,1.654890783648516e-05,4.3329433684301746e-05
211,14392270,Yes,NO,45516,1.2,TRUE,45516,2019,No,3/22/15,B - SUSPECTED MINOR INJURY,SUNDAY,30.24729226,1 - DAYLIGHT,-97.77525007,ONE MOTOR VEHICLE - TURNING LEFT,NOT APPLICABLE,1.1,US & STATE HIGHWAYS,45,1 - CLEAR,33,0,W - WHITE,1 - MALE,99 - UNKNOWN IF WORN,B - SUSPECTED MINOR INJURY,POINT (-97.77525007 30.24729226),152616233,152555107,0,436634456,False,4,South Lamar Boulevard,primary,196.558,Loop 343,,35 mph,,,,,South Lamar Boulevard,1.654890783648516e-05,4.3329433684301746e-05
212,14378854,No,NO,45516,1.2,FALSE,45516,2019,No,4/9/15,C - POSSIBLE INJURY,THURSDAY,30.24772287,1 - DAYLIGHT,-97.77247971,ONE MOTOR VEHICLE - GOING STRAIGHT,ATTENTION DIVERTED FROM DRIVING,1.1,US & STATE HIGHWAYS,-1,1 - CLEAR,30,0,W - WHITE,2 - FEMALE,99 - UNKNOWN IF WORN,C - POSSIBLE INJURY,POINT (-97.77247971 30.24772287),152496704,152616228,0,436634456,False,4,South Lamar Boulevard,primary,69.586,Loop 343,,35 mph,,,,,South Lamar Boulevard,1.3736354930716411e-05,4.3329433684301746e-05
213,14378854,No,NO,45516,1.2,FALSE,45516,2019,No,4/9/15,C - POSSIBLE INJURY,THURSDAY,30.24772287,1 - DAYLIGHT,-97.77247971,ONE MOTOR VEHICLE - GOING STRAIGHT,ATTENTION DIVERTED FROM DRIVING,1.1,US & STATE HIGHWAYS,-1,1 - CLEAR,30,0,W - WHITE,2 - FEMALE,99 - UNKNOWN IF WORN,C - POSSIBLE INJURY,POINT (-97.77247971 30.24772287),152616228,152496704,0,436634456,False,4,South Lamar Boulevard,primary,69.586,Loop 343,,35 mph,,,,,South Lamar Boulevard,1.3736354930716411e-05,4.3329433684301746e-05
214,14457470,Yes,NO,46800,1.2,TRUE,46800,2019,No,5/16/15,B - SUSPECTED MINOR INJURY,SATURDAY,30.25603639,1 - DAYLIGHT,-97.76151136,ONE MOTOR VEHICLE - TURNING RIGHT,ATTENTION DIVERTED FROM DRIVING,1.1,US & STATE HIGHWAYS,35,1 - CLEAR,23,0,W - WHITE,1 - MALE,1 - NOT WORN,B - SUSPECTED MINOR INJURY,POINT (-97.76151136 30.25603639),9447887982,4463616779,0,"[1025315928, 436634457]",False,"['5', '4']",South Lamar Boulevard,primary,81.90299999999999,Loop 343,,,,,,,South Lamar Boulevard,1.053021517771937e-06,4.3329433684301746e-05
215,14572721,Yes,NO,46800,1.2,FALSE,46800,2019,No,8/1/15,C - POSSIBLE INJURY,SATURDAY,30.26092221,1 - DAYLIGHT,-97.75849869,ONE MOTOR VEHICLE - GOING STRAIGHT,NOT APPLICABLE,1.1,US & STATE HIGHWAYS,30,1 - CLEAR,56,0,W - WHITE,1 - MALE,"4 - WORN, UNK DAMAGE",C - POSSIBLE INJURY,POINT (-97.75849869 30.26092221),152456334,152612237,0,"[619375202, 15397779]",True,"['3', '4']",South Lamar Boulevard,primary,153.189,Loop 343,,30 mph,,,,,South Lamar Boulevard,4.460754209183292e-06,4.3329433684301746e-05
216,14655582,No,NO,46800,1.2,FALSE,46800,2019,No,9/17/15,A - SUSPECTED SERIOUS INJURY,THURSDAY,30.24874884,"3 - DARK, LIGHTED",-97.76894446,ONE MOTOR VEHICLE - GOING STRAIGHT,NOT APPLICABLE,1.1,US & STATE HIGHWAYS,35,1 - CLEAR,58,0,W - WHITE,1 - MALE,1 - NOT WORN,A - SUSPECTED SERIOUS INJURY,POINT (-97.76894446 30.24874884),152460136,152445485,0,"[436634459, 436634454]",False,"['5', '4']",South Lamar Boulevard,primary,145.073,Loop 343,,35 mph,,,,,South Lamar Boulevard,1.2236859023598227e-06,4.3329433684301746e-05
217,14905850,No,NO,46800,1.2,FALSE,46800,2019,No,1/30/16,B - SUSPECTED MINOR INJURY,SATURDAY,30.24894263,1 - DAYLIGHT,-97.76844337,ONE MOTOR VEHICLE - GOING STRAIGHT,ONE VEHICLE LEAVING DRIVEWAY,1.1,US & STATE HIGHWAYS,45,1 - CLEAR,39,0,B - BLACK,1 - MALE,1 - NOT WORN,B - SUSPECTED MINOR INJURY,POINT (-97.76844337 30.24894263),152481464,152445485,0,"[436634459, 436634455]",False,"['5', '4']",South Lamar Boulevard,primary,117.583,Loop 343,,35 mph,,,,,South Lamar Boulevard,4.4782388491245794e-06,4.3329433684301746e-05