,Crash ID,$1000 Damage to Any One Person's Property,Active School Zone Flag,Adjusted Average Daily Traffic Amount,Adjusted Percentage of Average Daily Traffic For Trucks,At Intersection Flag,Average Daily Traffic Amount,Average Daily Traffic Year,Construction Zone Flag,Crash Date,Crash Severity,Day of Week,Latitude,Light Condition,Longitude,Manner of Collision,Other Factor,Percentage of Single Unit Truck Average Daily Traffic,Road Class,Speed Limit,Weather Condition,Person Age,Person Death Count,Person Ethnicity,Person Gender,Person Helmet,Person Injury Severity,geometry,index_right0,index_right1,index_right2,osmid,oneway,lanes,name,highway,length,ref,bridge,maxspeed,access,tunnel,junction,service,names,distance,Crash Rate
218,15003136,No,NO,46800,1.2,FALSE,46800,2019,No,3/28/16,C - POSSIBLE INJURY,MONDAY,30.26084555,1 - DAYLIGHT,-97.758526,ONE MOTOR VEHICLE - GOING STRAIGHT,"LOST CONTROL OR SKIDDED (ICY OR SLICK ROAD, ETC.)",1.1,US & STATE HIGHWAYS,45,1 - CLEAR,20,0,H - HISPANIC,2 - FEMALE,"3 - WORN, NOT DAMAGED",C - POSSIBLE INJURY,POINT (-97.758526 30.26084555),152433084,152612237,0,"[150220101, 436625631]",False,"['7', '4']",South Lamar Boulevard,primary,264.987,Loop 343,,,,,,,South Lamar Boulevard,3.7347540777662713e-06,4.3329433684301746e-05
219,15088621,No,NO,45516,1.2,FALSE,45516,2019,No,5/5/16,C - POSSIBLE INJURY,THURSDAY,30.24758953,1 - DAYLIGHT,-97.77309221,ONE MOTOR VEHICLE - TURNING LEFT,ONE VEHICLE ENTERING DRIVEWAY,1.1,US & STATE HIGHWAYS,35,1 - CLEAR,23,0,A - ASIAN,2 - FEMALE,1 - NOT WORN,C - POSSIBLE INJURY,POINT (-97.77309221 30.24758953),152496704,152616231,0,436634456,False,4,South Lamar Boulevard,primary,139.37400000000002,Loop 343,,35 mph,,,,,South Lamar Boulevard,2.4928039474517554e-06,4.3329433684301746e-05
220,15320475,No,NO,46800,1.2,FALSE,46800,2019,No,9/14/16,B - SUSPECTED MINOR INJURY,WEDNESDAY,30.26097235,1 - DAYLIGHT,-97.75848184,ONE MOTOR VEHICLE - GOING STRAIGHT,SLOWING/STOPPING-FOR TRAFFIC,1.1,US & STATE HIGHWAYS,35,1 - CLEAR,31,0,W - WHITE,1 - MALE,1 - NOT WORN,B - SUSPECTED MINOR INJURY,POINT (-97.75848184 30.26097235),152456334,152612237,0,"[619375202, 15397779]",True,"['3', '4']",South Lamar Boulevard,primary,153.189,Loop 343,,30 mph,,,,,South Lamar Boulevard,9.337613570351655e-06,4.3329433684301746e-05
221,15342844,No,NO,46800,1.2,FALSE,46800,2019,No,9/27/16,C - POSSIBLE INJURY,TUESDAY,30.25186444,1 - DAYLIGHT,-97.76455425,ONE MOTOR VEHICLE - TURNING RIGHT,ONE VEHICLE ENTERING DRIVEWAY,1.1,US & STATE HIGHWAYS,35,2 - CLOUDY,23,0,W - WHITE,1 - MALE,99 - UNKNOWN IF WORN,C - POSSIBLE INJURY,POINT (-97.76455425 30.25186444),152610128,152465157,0,"[1025315928, 415611192]",False,4,South Lamar Boulevard,primary,416.873,Loop 343,,35 mph,,,,,South Lamar Boulevard,6.612989951798548e-06,4.3329433684301746e-05
222,15400797,Yes,NO,45516,1.2,FALSE,45516,2019,Yes,10/6/16,B - SUSPECTED MINOR INJURY,THURSDAY,30.23969043,1 - DAYLIGHT,-97.78782008,ONE MOTOR VEHICLE - TURNING RIGHT,CONSTRUCTION - WITHIN POSTED ROAD CONSTRUCTION ZONE (NOT RELATED TO CRASH),1.1,US & STATE HIGHWAYS,-1,1 - CLEAR,25,0,W - WHITE,2 - FEMALE,"3 - WORN, NOT DAMAGED",B - SUSPECTED MINOR INJURY,POINT (-97.78782008 30.23969043),152616241,4227129071,0,"[994900900, 994900901, 204964743]",False,,South Lamar Boulevard,primary,482.322,Loop 343,,35 mph,,,,,South Lamar Boulevard,2.21594980487039e-05,4.3329433684301746e-05
223,15383430,No,NO,45516,1.2,FALSE,45516,2019,No,10/18/16,C - POSSIBLE INJURY,TUESDAY,30.24626166,1 - DAYLIGHT,-97.77862475,ONE MOTOR VEHICLE - GOING STRAIGHT,NOT APPLICABLE,1.1,US & STATE HIGHWAYS,35,1 - CLEAR,27,0,H - HISPANIC,1 - MALE,1 - NOT WORN,C - POSSIBLE INJURY,POINT (-97.77862475 30.24626166),152616235,152616237,0,436634456,False,4,South Lamar Boulevard,primary,66.3,Loop 343,,35 mph,,,,,South Lamar Boulevard,1.2738528294836057e-06,4.3329433684301746e-05
224,15383430,No,NO,45516,1.2,FALSE,45516,2019,No,10/18/16,C - POSSIBLE INJURY,TUESDAY,30.24626166,1 - DAYLIGHT,-97.77862475,ONE MOTOR VEHICLE - GOING STRAIGHT,NOT APPLICABLE,1.1,US & STATE HIGHWAYS,35,1 - CLEAR,27,0,H - HISPANIC,1 - MALE,1 - NOT WORN,C - POSSIBLE INJURY,POINT (-97.77862475 30.24626166),152616237,152616235,0,436634456,False,4,South Lamar Boulevard,primary,66.3,Loop 343,,35 mph,,,,,South Lamar Boulevard,1.2738528294836057e-06,4.3329433684301746e-05
225,15400868,No,NO,45516,1.2,FALSE,45516,2019,No,10/26/16,B - SUSPECTED MINOR INJURY,WEDNESDAY,30.248263,1 - DAYLIGHT,-97.77060112,ONE MOTOR VEHICLE - TURNING LEFT,ONE VEHICLE ENTERING DRIVEWAY,1.1,US & STATE HIGHWAYS,45,1 - CLEAR,40,0,W - WHITE,2 - FEMALE,"3 - WORN, NOT DAMAGED",B - SUSPECTED MINOR INJURY,POINT (-97.77060112 30.248263),152421030,152460136,0,436634456,False,4,South Lamar Boulevard,primary,80.862,Loop 343,,35 mph,,,,,South Lamar Boulevard,9.529347591397217e-06,4.3329433684301746e-05
226,15653931,Yes,NO,45516,1.2,TRUE,45516,2019,No,3/17/17,B - SUSPECTED MINOR INJURY,FRIDAY,30.24785109,"3 - DARK, LIGHTED",-97.77202717,ONE MOTOR VEHICLE - GOING STRAIGHT,NOT APPLICABLE,1.1,US & STATE HIGHWAYS,40,1 - CLEAR,29,0,W - WHITE,2 - FEMALE,1 - NOT WORN,B - SUSPECTED MINOR INJURY,POINT (-97.77202717 30.24785109),152616228,152421030,0,436634456,False,4,South Lamar Boulevard,primary,134.61700000000002,Loop 343,,35 mph,,,,,South Lamar Boulevard,1.4733947502896515e-05,4.3329433684301746e-05
227,15711543,Yes,NO,46800,1.2,TRUE,46800,2019,No,4/18/17,C - POSSIBLE INJURY,TUESDAY,30.26085741,1 - DAYLIGHT,-97.75852177,ONE MOTOR VEHICLE - TURNING LEFT,NOT APPLICABLE,1.1,US & STATE HIGHWAYS,-1,1 - CLEAR,29,0,W - WHITE,1 - MALE,"3 - WORN, NOT DAMAGED",C - POSSIBLE INJURY,POINT (-97.75852177 30.26085741),152456334,152612237,0,"[619375202, 15397779]",True,"['3', '4']",South Lamar Boulevard,primary,153.189,Loop 343,,30 mph,,,,,South Lamar Boulevard,3.1105011263798004e-06,4.3329433684301746e-05
228,15715040,No,NO,45516,1.2,FALSE,45516,2019,No,4/20/17,B - SUSPECTED MINOR INJURY,THURSDAY,30.24203717,1 - DAYLIGHT,-97.78450657,ONE MOTOR VEHICLE - TURNING LEFT,ONE VEHICLE ENTERING DRIVEWAY,1.1,US & STATE HIGHWAYS,35,1 - CLEAR,27,0,W - WHITE,1 - MALE,"4 - WORN, UNK DAMAGE",B - SUSPECTED MINOR INJURY,POINT (-97.78450657 30.24203717),152368051,152616238,0,994900900,False,,South Lamar Boulevard,primary,89.881,Loop 343,,35 mph,,,,,South Lamar Boulevard,1.2155661136850866e-05,4.3329433684301746e-05
229,15715040,No,NO,45516,1.2,FALSE,45516,2019,No,4/20/17,B - SUSPECTED MINOR INJURY,THURSDAY,30.24203717,1 - DAYLIGHT,-97.78450657,ONE MOTOR VEHICLE - TURNING LEFT,ONE VEHICLE ENTERING DRIVEWAY,1.1,US & STATE HIGHWAYS,35,1 - CLEAR,27,0,W - WHITE,1 - MALE,"4 - WORN, UNK DAMAGE",B - SUSPECTED MINOR INJURY,POINT (-97.78450657 30.24203717),152616238,152368051,0,994900900,False,,South Lamar Boulevard,primary,89.881,Loop 343,,35 mph,,,,,South Lamar Boulevard,1.2155661136850866e-05,4.3329433684301746e-05
230,15896055,No,NO,45516,1.2,TRUE,45516,2019,No,6/14/17,C - POSSIBLE INJURY,WEDNESDAY,30.24825247,"3 - DARK, LIGHTED",-97.77063757,ONE MOTOR VEHICLE - TURNING RIGHT,NOT APPLICABLE,1.1,CITY STREET,35,1 - CLEAR,25,0,W - WHITE,1 - MALE,1 - NOT WORN,C - POSSIBLE INJURY,POINT (-97.77063757 30.24825247),152460136,152421030,0,436634456,False,4,South Lamar Boulevard,primary,80.862,Loop 343,,35 mph,,,,,South Lamar Boulevard,8.650373399274349e-06,4.3329433684301746e-05
231,15896055,No,NO,45516,1.2,TRUE,45516,2019,No,6/14/17,C - POSSIBLE INJURY,WEDNESDAY,30.24825247,"3 - DARK, LIGHTED",-97.77063757,ONE MOTOR VEHICLE - TURNING RIGHT,NOT APPLICABLE,1.1,CITY STREET,35,1 - CLEAR,25,0,W - WHITE,1 - MALE,1 - NOT WORN,C - POSSIBLE INJURY,POINT (-97.77063757 30.24825247),152421030,152460136,0,436634456,False,4,South Lamar Boulevard,primary,80.862,Loop 343,,35 mph,,,,,South Lamar Boulevard,8.650373399274349e-06,4.3329433684301746e-05
232,15929491,No,NO,46800,1.2,TRUE,46800,2019,No,8/21/17,B - SUSPECTED MINOR INJURY,MONDAY,30.25603639,1 - DAYLIGHT,-97.76151136,ONE MOTOR VEHICLE - TURNING LEFT,ATTENTION DIVERTED FROM DRIVING,1.1,US & STATE HIGHWAYS,35,1 - CLEAR,0,0,H - HISPANIC,1 - MALE,1 - NOT WORN,B - SUSPECTED MINOR INJURY,POINT (-97.76151136 30.25603639),9447887982,4463616779,0,"[1025315928, 436634457]",False,"['5', '4']",South Lamar Boulevard,primary,81.90299999999999,Loop 343,,,,,,,South Lamar Boulevard,1.053021517771937e-06,4.3329433684301746e-05
233,15972374,No,NO,45516,1.2,FALSE,45516,2019,No,9/13/17,B - SUSPECTED MINOR INJURY,WEDNESDAY,30.24758953,1 - DAYLIGHT,-97.77309221,ONE MOTOR VEHICLE - TURNING RIGHT,ONE VEHICLE ENTERING DRIVEWAY,1.1,US & STATE HIGHWAYS,35,1 - CLEAR,27,0,W - WHITE,1 - MALE,1 - NOT WORN,B - SUSPECTED MINOR INJURY,POINT (-97.77309221 30.24758953),152496704,152616231,0,436634456,False,4,South Lamar Boulevard,primary,139.37400000000002,Loop 343,,35 mph,,,,,South Lamar Boulevard,2.4928039474517554e-06,4.3329433684301746e-05
234,16009469,No,NO,46800,1.2,FALSE,46800,2019,No,9/26/17,N - NOT INJURED,TUESDAY,30.25796559,1 - DAYLIGHT,-97.75967616,ONE MOTOR VEHICLE - GOING STRAIGHT,NOT APPLICABLE,1.1,US & STATE HIGHWAYS,35,2 - CLOUDY,,0,W - WHITE,1 - MALE,1 - NOT WORN,N - NOT INJURED,POINT (-97.75967616 30.25796559),152616202,152433084,0,150220101,False,4,South Lamar Boulevard,primary,141.57500000000002,Loop 343,,,,,,,South Lamar Boulevard,3.3308341308481335e-06,4.3329433684301746e-05
235,16068871,Yes,NO,46800,1.2,TRUE,46800,2019,No,11/3/17,B - SUSPECTED MINOR INJURY,FRIDAY,30.24843037,"3 - DARK, LIGHTED",-97.76999729,ONE MOTOR VEHICLE - TURNING LEFT,NOT APPLICABLE,1.1,US & STATE HIGHWAYS,40,1 - CLEAR,25,0,W - WHITE,1 - MALE,1 - NOT WORN,B - SUSPECTED MINOR INJURY,POINT (-97.76999729 30.24843037),152421030,152460136,0,436634456,False,4,South Lamar Boulevard,primary,80.862,Loop 343,,35 mph,,,,,South Lamar Boulevard,2.973164129491228e-06,4.3329433684301746e-05
236,16065704,No,NO,46800,1.2,FALSE,46800,2019,No,11/6/17,B - SUSPECTED MINOR INJURY,MONDAY,30.25377808,1 - DAYLIGHT,-97.76289915,ONE MOTOR VEHICLE - GOING STRAIGHT,NOT APPLICABLE,1.1,US & STATE HIGHWAYS,35,1 - CLEAR,57,0,W - WHITE,1 - MALE,1 - NOT WORN,B - SUSPECTED MINOR INJURY,POINT (-97.76289915 30.25377808),152465157,152610128,0,"[415611192, 1025315928]",False,4,South Lamar Boulevard,primary,416.87299999999993,Loop 343,,35 mph,,,,,South Lamar Boulevard,8.226788422790837e-06,4.3329433684301746e-05
237,16373781,No,NO,,,FALSE,,,No,4/22/18,B - SUSPECTED MINOR INJURY,SUNDAY,30.24820233,1 - DAYLIGHT,-97.7707467,ONE MOTOR VEHICLE - TURNING LEFT,ONE VEHICLE ENTERING DRIVEWAY,,CITY STREET,-1,2 - CLOUDY,33,0,W - WHITE,1 - MALE,1 - NOT WORN,B - SUSPECTED MINOR INJURY,POINT (-97.7707467 30.24820233),152460136,152421030,0,436634456,False,4,South Lamar Boulevard,primary,80.862,Loop 343,,35 mph,,,,,South Lamar Boulevard,1.1978432829165532e-05,4.3329433684301746e-05
238,16388369,No,NO,45516,1.2,TRUE,45516,2019,No,5/1/18,B - SUSPECTED MINOR INJURY,TUESDAY,30.24743748,1 - DAYLIGHT,-97.77411519,ONE MOTOR VEHICLE - GOING STRAIGHT,NOT APPLICABLE,1.1,US & STATE HIGHWAYS,40,1 - CLEAR,22,0,W - WHITE,1 - MALE,1 - NOT WORN,B - SUSPECTED MINOR INJURY,POINT (-97.77411519 30.24743748),152616231,152496704,0,436634456,False,4,South Lamar Boulevard,primary,139.374,Loop 343,,35 mph,,,,,South Lamar Boulevard,4.559034173467854e-06,4.3329433684301746e-05
239,16472883,No,NO,45516,1.2,FALSE,45516,2019,No,6/6/18,B - SUSPECTED MINOR INJURY,WEDNESDAY,30.24672662,"3 - DARK, LIGHTED",-97.77773305,ONE MOTOR VEHICLE - TURNING LEFT,ONE VEHICLE LEAVING DRIVEWAY,1.1,US & STATE HIGHWAYS,35,1 - CLEAR,36,0,W - WHITE,1 - MALE,"2 - WORN, DAMAGED",B - SUSPECTED MINOR INJURY,POINT (-97.77773305 30.24672662),152555107,152616235,0,436634456,False,4,South Lamar Boulevard,primary,101.54299999999999,Loop 343,,35 mph,,,,,South Lamar Boulevard,5.888443494001652e-07,4.3329433684301746e-05
240,16517403,Yes,NO,45516,1.2,FALSE,45516,2019,No,7/12/18,A - SUSPECTED SERIOUS INJURY,THURSDAY,30.24830454,1 - DAYLIGHT,-97.77045597,ONE MOTOR VEHICLE - GOING STRAIGHT,ONE VEHICLE LEAVING DRIVEWAY,1.1,US & STATE HIGHWAYS,-1,1 - CLEAR,39,0,H - HISPANIC,1 - MALE,"4 - WORN, UNK DAMAGE",A - SUSPECTED SERIOUS INJURY,POINT (-97.77045597 30.24830454),152460136,152421030,0,436634456,False,4,South Lamar Boulevard,primary,80.862,Loop 343,,35 mph,,,,,South Lamar Boulevard,8.518441581440764e-06,4.3329433684301746e-05
241,16564023,No,NO,45516,1.2,TRUE,45516,2019,No,8/8/18,C - POSSIBLE INJURY,WEDNESDAY,30.24785573,"3 - DARK, LIGHTED",-97.77201109,ONE MOTOR VEHICLE - TURNING RIGHT,ONE VEHICLE ENTERING DRIVEWAY,1.1,US & STATE HIGHWAYS,35,1 - CLEAR,42,0,W - WHITE,1 - MALE,"4 - WORN, UNK DAMAGE",C - POSSIBLE INJURY,POINT (-97.77201109 30.24785573),152616228,152421030,0,436634456,False,4,South Lamar Boulevard,primary,134.61700000000002,Loop 343,,35 mph,,,,,South Lamar Boulevard,1.4255700204036406e-05,4.3329433684301746e-05
242,16564023,No,NO,45516,1.2,TRUE,45516,2019,No,8/8/18,C - POSSIBLE INJURY,WEDNESDAY,30.24785573,"3 - DARK, LIGHTED",-97.77201109,ONE MOTOR VEHICLE - TURNING RIGHT,ONE VEHICLE ENTERING DRIVEWAY,1.1,US & STATE HIGHWAYS,35,1 - CLEAR,42,0,W - WHITE,1 - MALE,"4 - WORN, UNK DAMAGE",C - POSSIBLE INJURY,POINT (-97.77201109 30.24785573),152421030,152616228,0,436634456,False,4,South Lamar Boulevard,primary,134.617,Loop 343,,35 mph,,,,,South Lamar Boulevard,1.4255700204036406e-05,4.3329433684301746e-05
243,16647258,No,NO,45516,1.2,FALSE,45516,2019,No,9/24/18,C - POSSIBLE INJURY,MONDAY,30.24739716,1 - DAYLIGHT,-97.77442929,ONE MOTOR VEHICLE - TURNING RIGHT,ONE VEHICLE ENTERING DRIVEWAY,1.1,US & STATE HIGHWAYS,40,2 - CLOUDY,34,0,W - WHITE,1 - MALE,"3 - WORN, NOT DAMAGED",C - POSSIBLE INJURY,POINT (-97.77442929 30.24739716),152616231,152616233,0,436634456,False,4,South Lamar Boulevard,primary,99.518,Loop 343,,35 mph,,,,,South Lamar Boulevard,7.783955871284258e-06,4.3329433684301746e-05
244,16678829,No,NO,46800,1.2,FALSE,46800,2019,No,10/12/18,B - SUSPECTED MINOR INJURY,FRIDAY,30.25932199,1 - DAYLIGHT,-97.75901727,ONE MOTOR VEHICLE - TURNING LEFT,ONE VEHICLE ENTERING DRIVEWAY,1.1,US & STATE HIGHWAYS,35,1 - CLEAR,26,0,W - WHITE,2 - FEMALE,"4 - WORN, UNK DAMAGE",B - SUSPECTED MINOR INJURY,POINT (-97.75901727 30.25932199),152433084,152612237,0,"[150220101, 436625631]",False,"['7', '4']",South Lamar Boulevard,primary,264.987,Loop 343,,,,,,,South Lamar Boulevard,2.0475613815835904e-05,4.3329433684301746e-05
245,16678829,No,NO,46800,1.2,FALSE,46800,2019,No,10/12/18,B - SUSPECTED MINOR INJURY,FRIDAY,30.25932199,1 - DAYLIGHT,-97.75901727,ONE MOTOR VEHICLE - TURNING LEFT,ONE VEHICLE ENTERING DRIVEWAY,1.1,US & STATE HIGHWAYS,35,1 - CLEAR,26,0,W - WHITE,2 - FEMALE,"4 - WORN, UNK DAMAGE",B - SUSPECTED MINOR INJURY,POINT (-97.75901727 30.25932199),152612237,152433084,0,"[150220101, 436625631]",False,"['7', '4']",South Lamar Boulevard,primary,264.987,Loop 343,,,,,,,South Lamar Boulevard,2.0475613815835904e-05,4.3329433684301746e-05
246,16728048,No,NO,46800,1.2,TRUE,46800,2019,No,11/7/18,B - SUSPECTED MINOR INJURY,WEDNESDAY,30.25228459,1 - DAYLIGHT,-97.76415849,ONE MOTOR VEHICLE - TURNING LEFT,ONE VEHICLE ENTERING DRIVEWAY,1.1,US & STATE HIGHWAYS,40,1 - CLEAR,35,0,W - WHITE,2 - FEMALE,"2 - WORN, DAMAGED",B - SUSPECTED MINOR INJURY,POINT (-97.76415849 30.25228459),152465157,152610128,0,"[415611192, 1025315928]",False,4,South Lamar Boulevard,primary,416.87299999999993,Loop 343,,35 mph,,,,,South Lamar Boulevard,3.883960043086909e-06,4.3329433684301746e-05
247,16728420,No,NO,46800,1.2,TRUE,46800,2019,No,11/8/18,B - SUSPECTED MINOR INJURY,THURSDAY,30.25495723,1 - DAYLIGHT,-97.76217282,ONE MOTOR VEHICLE - TURNING RIGHT,NOT APPLICABLE,1.1,US & STATE HIGHWAYS,35,2 - CLOUDY,54,0,W - WHITE,1 - MALE,99 - UNKNOWN IF WORN,B - SUSPECTED MINOR INJURY,POINT (-97.76217282 30.25495723),4463616779,152616210,0,1025315928,False,4,South Lamar Boulevard,primary,58.652,Loop 343,,,,,,,South Lamar Boulevard,2.946564648084525e-05,4.3329433684301746e-05
248,16750598,Yes,NO,45516,1.2,TRUE,45516,2019,No,11/21/18,B - SUSPECTED MINOR INJURY,WEDNESDAY,30.24785109,1 - DAYLIGHT,-97.77202717,ONE MOTOR VEHICLE - TURNING LEFT,ONE VEHICLE ENTERING DRIVEWAY,1.1,US & STATE HIGHWAYS,35,2 - CLOUDY,35,0,W - WHITE,1 - MALE,"2 - WORN, DAMAGED",B - SUSPECTED MINOR INJURY,POINT (-97.77202717 30.24785109),152616228,152421030,0,436634456,False,4,South Lamar Boulevard,primary,134.61700000000002,Loop 343,,35 mph,,,,,South Lamar Boulevard,1.4733947502896515e-05,4.3329433684301746e-05
249,16887565,No,NO,45516,1.2,TRUE,45516,2019,No,2/6/19,B - SUSPECTED MINOR INJURY,WEDNESDAY,30.23865375,"4 - DARK, UNKNOWN LIGHTING",-97.78930171,ONE MOTOR VEHICLE - TURNING LEFT,ONE VEHICLE LEAVING DRIVEWAY,1.1,CITY STREET,-1,2 - CLOUDY,28,0,W - WHITE,1 - MALE,1 - NOT WORN,B - SUSPECTED MINOR INJURY,POINT (-97.78930171 30.23865375),4227129071,9468455986,0,"[1027004272, 436640233]",False,6,South Lamar Boulevard,primary,186.725,Loop 343,,35 mph,,,,,South Lamar Boulevard,4.658329844800333e-07,4.3329433684301746e-05
250,17018816,No,NO,45516,1.2,FALSE,45516,2019,No,3/8/19,N - NOT INJURED,FRIDAY,30.24745683,1 - DAYLIGHT,-97.77395438,ONE MOTOR VEHICLE - TURNING LEFT,ONE VEHICLE ENTERING DRIVEWAY,1.1,CITY STREET,35,1 - CLEAR,57,0,W - WHITE,1 - MALE,99 - UNKNOWN IF WORN,N - NOT INJURED,POINT (-97.77395438 30.24745683),152616231,152496704,0,436634456,False,4,South Lamar Boulevard,primary,139.374,Loop 343,,35 mph,,,,,South Lamar Boulevard,2.6980161923013393e-06,4.3329433684301746e-05
251,17018816,No,NO,45516,1.2,FALSE,45516,2019,No,3/8/19,N - NOT INJURED,FRIDAY,30.24745683,1 - DAYLIGHT,-97.77395438,ONE MOTOR VEHICLE - TURNING LEFT,ONE VEHICLE ENTERING DRIVEWAY,1.1,CITY STREET,35,1 - CLEAR,57,0,W - WHITE,1 - MALE,99 - UNKNOWN IF WORN,N - NOT INJURED,POINT (-97.77395438 30.24745683),152496704,152616231,0,436634456,False,4,South Lamar Boulevard,primary,139.37400000000002,Loop 343,,35 mph,,,,,South Lamar Boulevard,2.6980161923013393e-06,4.3329433684301746e-05
252,17103807,No,NO,45516,1.2,FALSE,45516,2019,No,6/1/19,B - SUSPECTED MINOR INJURY,SATURDAY,30.24741735,1 - DAYLIGHT,-97.77427233,ONE MOTOR VEHICLE - TURNING LEFT,ONE VEHICLE ENTERING DRIVEWAY,1.1,CITY STREET,40,1 - CLEAR,31,0,W - WHITE,1 - MALE,"3 - WORN, NOT DAMAGED",B - SUSPECTED MINOR INJURY,POINT (-97.77427233 30.24741735),152616233,152616231,0,436634456,False,4,South Lamar Boulevard,primary,99.51799999999999,Loop 343,,35 mph,,,,,South Lamar Boulevard,5.884058511524932e-06,4.3329433684301746e-05
253,17103807,No,NO,45516,1.2,FALSE,45516,2019,No,6/1/19,B - SUSPECTED MINOR INJURY,SATURDAY,30.24741735,1 - DAYLIGHT,-97.77427233,ONE MOTOR VEHICLE - TURNING LEFT,ONE VEHICLE ENTERING DRIVEWAY,1.1,CITY STREET,40,1 - CLEAR,31,0,W - WHITE,1 - MALE,"3 - WORN, NOT DAMAGED",B - SUSPECTED MINOR INJURY,POINT (-97.77427233 30.24741735),152616231,152616233,0,436634456,False,4,South Lamar Boulevard,primary,99.518,Loop 343,,35 mph,,,,,South Lamar Boulevard,5.884058511524932e-06,4.3329433684301746e-05
254,17164374,Yes,NO,46800,1.2,TRUE,46800,2019,No,7/4/19,C - POSSIBLE INJURY,THURSDAY,30.25486726,1 - DAYLIGHT,-97.76222786,ONE MOTOR VEHICLE - TURNING RIGHT,ONE VEHICLE LEAVING DRIVEWAY,1.1,CITY STREET,45,1 - CLEAR,61,0,B - BLACK,1 - MALE,1 - NOT WORN,C - POSSIBLE INJURY,POINT (-97.76222786 30.25486726),152616210,152610128,0,1025315928,False,4,South Lamar Boulevard,primary,85.96099999999998,Loop 343,,,,,,,South Lamar Boulevard,2.8392130985304158e-05,4.3329433684301746e-05
255,17186975,No,NO,45516,1.2,TRUE,45516,2019,No,7/18/19,C - POSSIBLE INJURY,THURSDAY,30.24434338,1 - DAYLIGHT,-97.78130969,ONE MOTOR VEHICLE - TURNING RIGHT,NOT APPLICABLE,1.1,CITY STREET,45,1 - CLEAR,63,0,W - WHITE,1 - MALE,99 - UNKNOWN IF WORN,C - POSSIBLE INJURY,POINT (-97.78130969 30.24434338),152493812,152475539,0,"[436634456, 665267296, 436737293, 665267295]",False,"['5', '4']",South Lamar Boulevard,primary,178.40700000000004,Loop 343,,35 mph,,,,,South Lamar Boulevard,1.1574307510224498e-05,4.3329433684301746e-05
256,17316284,Yes,NO,46800,1.2,TRUE,46800,2019,No,9/26/19,A - SUSPECTED SERIOUS INJURY,THURSDAY,30.25648189,"3 - DARK, LIGHTED",-97.76123264,ONE MOTOR VEHICLE - GOING STRAIGHT,NOT APPLICABLE,1.1,CITY STREET,45,1 - CLEAR,33,0,B - BLACK,1 - MALE,1 - NOT WORN,A - SUSPECTED SERIOUS INJURY,POINT (-97.76123264 30.25648189),152616202,9447887982,0,"[436634458, 150220101]",False,"['5', '4']",South Lamar Boulevard,primary,215.705,Loop 343,,,,,,,South Lamar Boulevard,2.924365512444836e-06,4.3329433684301746e-05
257,17436129,Yes,NO,46800,1.2,FALSE,46800,2019,No,12/2/19,C - POSSIBLE INJURY,MONDAY,30.26074642,1 - DAYLIGHT,-97.75856131,ONE MOTOR VEHICLE - TURNING LEFT,ONE VEHICLE ENTERING DRIVEWAY,1.1,CITY STREET,-1,1 - CLEAR,26,0,A - ASIAN,2 - FEMALE,99 - UNKNOWN IF WORN,C - POSSIBLE INJURY,POINT (-97.75856131 30.26074642),152612237,152433084,0,"[150220101, 436625631]",False,"['7', '4']",South Lamar Boulevard,primary,264.987,Loop 343,,,,,,,South Lamar Boulevard,1.910536167065678e-06,4.3329433684301746e-05
258,17704968,Yes,NO,46800,1.2,TRUE,46800,2019,No,6/1/20,A - SUSPECTED SERIOUS INJURY,MONDAY,30.25603639,1 - DAYLIGHT,-97.76151136,ONE MOTOR VEHICLE - TURNING LEFT,NOT APPLICABLE,1.1,CITY STREET,35,1 - CLEAR,62,0,W - WHITE,1 - MALE,1 - NOT WORN,A - SUSPECTED SERIOUS INJURY,POINT (-97.76151136 30.25603639),9447887982,4463616779,0,"[1025315928, 436634457]",False,"['5', '4']",South Lamar Boulevard,primary,81.90299999999999,Loop 343,,,,,,,South Lamar Boulevard,1.053021517771937e-06,4.3329433684301746e-05
259,17833682,No,NO,,,TRUE,,,No,8/25/20,B - SUSPECTED MINOR INJURY,TUESDAY,30.26299478,1 - DAYLIGHT,-97.75781246,ONE MOTOR VEHICLE - TURNING LEFT,NOT APPLICABLE,,CITY STREET,-1,1 - CLEAR,48,0,W - WHITE,2 - FEMALE,"4 - WORN, UNK DAMAGE",B - SUSPECTED MINOR INJURY,POINT (-97.75781246 30.26299478),4093998600,152403708,0,"[619375205, 619375199]",True,"['3', '4']",South Lamar Boulevard,primary,61.481,Loop 343,,30 mph,,,,,South Lamar Boulevard,1.6952800884079768e-05,4.3329433684301746e-05
260,17937053,Yes,NO,46800,1.2,FALSE,46800,2019,No,9/12/20,B - SUSPECTED MINOR INJURY,SATURDAY,30.25507803,1 - DAYLIGHT,-97.76209892,ONE MOTOR VEHICLE - GOING STRAIGHT,NOT APPLICABLE,1.1,CITY STREET,40,1 - CLEAR,46,0,W - WHITE,1 - MALE,1 - NOT WORN,B - SUSPECTED MINOR INJURY,POINT (-97.76209892 30.25507803),152616210,4463616779,0,1025315928,False,4,South Lamar Boulevard,primary,58.652,Loop 343,,,,,,,South Lamar Boulevard,2.698384223201105e-05,4.3329433684301746e-05