,Crash ID,$1000 Damage to Any One Person's Property,Active School Zone Flag,Adjusted Average Daily Traffic Amount,Adjusted Percentage of Average Daily Traffic For Trucks,At Intersection Flag,Average Daily Traffic Amount,Average Daily Traffic Year,Construction Zone Flag,Crash Date,Crash Severity,Day of Week,Latitude,Light Condition,Longitude,Manner of Collision,Other Factor,Percentage of Single Unit Truck Average Daily Traffic,Road Class,Speed Limit,Weather Condition,Person Age,Person Death Count,Person Ethnicity,Person Gender,Person Helmet,Person Injury Severity,geometry,index_right0,index_right1,index_right2,osmid,oneway,lanes,name,highway,length,ref,bridge,maxspeed,access,tunnel,junction,service,names,distance,Crash Rate
261,17937053,Yes,NO,46800,1.2,FALSE,46800,2019,No,9/12/20,B - SUSPECTED MINOR INJURY,SATURDAY,30.25507803,1 - DAYLIGHT,-97.76209892,ONE MOTOR VEHICLE - GOING STRAIGHT,NOT APPLICABLE,1.1,CITY STREET,40,1 - CLEAR,46,0,W - WHITE,1 - MALE,1 - NOT WORN,B - SUSPECTED MINOR INJURY,POINT (-97.76209892 30.25507803),4463616779,152616210,0,1025315928,False,4,South Lamar Boulevard,primary,58.652,Loop 343,,,,,,,South Lamar Boulevard,2.698384223201105e-05,4.3329433684301746e-05
262,17934892,No,NO,45516,1.2,TRUE,45516,2019,No,10/12/20,N - NOT INJURED,MONDAY,30.24694096,"3 - DARK, LIGHTED",-97.77715953,ONE MOTOR VEHICLE - GOING STRAIGHT,NOT APPLICABLE,1.1,CITY STREET,35,1 - CLEAR,23,0,W - WHITE,1 - MALE,"4 - WORN, UNK DAMAGE",N - NOT INJURED,POINT (-97.77715953 30.24694096),152616233,152555107,0,436634456,False,4,South Lamar Boulevard,primary,196.558,Loop 343,,35 mph,,,,,South Lamar Boulevard,1.3056580961804463e-05,4.3329433684301746e-05
263,18005712,No,NO,45516,1.2,TRUE,45516,2019,No,12/10/20,B - SUSPECTED MINOR INJURY,THURSDAY,30.2419161,1 - DAYLIGHT,-97.7846734,ONE MOTOR VEHICLE - TURNING LEFT,NOT APPLICABLE,1.1,CITY STREET,45,1 - CLEAR,54,0,W - WHITE,1 - MALE,1 - NOT WORN,B - SUSPECTED MINOR INJURY,POINT (-97.7846734 30.2419161),152616238,152368051,0,994900900,False,,South Lamar Boulevard,primary,89.881,Loop 343,,35 mph,,,,,South Lamar Boulevard,1.0801660808134e-05,4.3329433684301746e-05
264,18065812,No,NO,45516,1.2,TRUE,45516,2019,No,1/18/21,C - POSSIBLE INJURY,MONDAY,30.24434386,1 - DAYLIGHT,-97.78130902,ONE MOTOR VEHICLE - TURNING LEFT,NOT APPLICABLE,1.1,CITY STREET,35,1 - CLEAR,40,0,W - WHITE,1 - MALE,"4 - WORN, UNK DAMAGE",C - POSSIBLE INJURY,POINT (-97.78130902 30.24434386),152493812,152475539,0,"[436634456, 665267296, 436737293, 665267295]",False,"['5', '4']",South Lamar Boulevard,primary,178.40700000000004,Loop 343,,35 mph,,,,,South Lamar Boulevard,1.156171198948311e-05,4.3329433684301746e-05
265,18065812,No,NO,45516,1.2,TRUE,45516,2019,No,1/18/21,C - POSSIBLE INJURY,MONDAY,30.24434386,1 - DAYLIGHT,-97.78130902,ONE MOTOR VEHICLE - TURNING LEFT,NOT APPLICABLE,1.1,CITY STREET,35,1 - CLEAR,40,0,W - WHITE,1 - MALE,"4 - WORN, UNK DAMAGE",C - POSSIBLE INJURY,POINT (-97.78130902 30.24434386),152475539,152493812,0,"[665267296, 436634456, 436737293, 665267295]",False,"['5', '4']",South Lamar Boulevard,primary,178.407,Loop 343,,35 mph,,,,,South Lamar Boulevard,1.156171198948311e-05,4.3329433684301746e-05
266,18571939,No,NO,,,FALSE,,,No,11/1/21,B - SUSPECTED MINOR INJURY,MONDAY,30.24754201,1 - DAYLIGHT,-97.77324385,ONE MOTOR VEHICLE - TURNING LEFT,ONE VEHICLE ENTERING DRIVEWAY,,CITY STREET,45,1 - CLEAR,62,0,W - WHITE,1 - MALE,1 - NOT WORN,B - SUSPECTED MINOR INJURY,POINT (-97.77324385 30.24754201),152496704,152616231,0,436634456,False,4,South Lamar Boulevard,primary,139.37400000000002,Loop 343,,35 mph,,,,,South Lamar Boulevard,1.411748018305047e-05,4.3329433684301746e-05
267,18769218,No,NO,,,TRUE,,,No,2/26/22,C - POSSIBLE INJURY,SATURDAY,30.23865479,"3 - DARK, LIGHTED",-97.78930245,ONE MOTOR VEHICLE - TURNING RIGHT,NOT APPLICABLE,,CITY STREET,35,3 - RAIN,32,0,W - WHITE,1 - MALE,"3 - WORN, NOT DAMAGED",C - POSSIBLE INJURY,POINT (-97.78930245 30.23865479),4227129071,9468455986,0,"[1027004272, 436640233]",False,6,South Lamar Boulevard,primary,186.725,Loop 343,,35 mph,,,,,South Lamar Boulevard,1.742075530127218e-06,4.3329433684301746e-05
268,12629201,No,NO,158095,2.3,TRUE,158095,2019,No,1/19/12,N - NOT INJURED,THURSDAY,30.26462109,1 - DAYLIGHT,-97.78600996,ONE MOTOR VEHICLE - GOING STRAIGHT,NOT APPLICABLE,1.9,US & STATE HIGHWAYS,40,1 - CLEAR,28,0,98 - OTHER,2 - FEMALE,1 - NOT WORN,N - NOT INJURED,POINT (-97.78600996 30.26462109),152374531,152374556,0,436727295,True,3,South Mopac Expressway,motorway,734.468,Loop 1,,65 mph,,,,,South Mopac Expressway,8.951270189929249e-05,2.6822595354326485e-05
269,12629201,No,NO,158095,2.3,TRUE,158095,2019,No,1/19/12,N - NOT INJURED,THURSDAY,30.26462109,1 - DAYLIGHT,-97.78600996,ONE MOTOR VEHICLE - GOING STRAIGHT,NOT APPLICABLE,1.9,US & STATE HIGHWAYS,40,1 - CLEAR,3,0,98 - OTHER,1 - MALE,1 - NOT WORN,N - NOT INJURED,POINT (-97.78600996 30.26462109),152374531,152374556,0,436727295,True,3,South Mopac Expressway,motorway,734.468,Loop 1,,65 mph,,,,,South Mopac Expressway,8.951270189929249e-05,2.6822595354326485e-05
270,13718801,No,NO,158095,2.3,FALSE,158095,2019,No,2/22/14,C - POSSIBLE INJURY,SATURDAY,30.25406127,1 - DAYLIGHT,-97.80294367,ONE MOTOR VEHICLE - GOING STRAIGHT,NOT APPLICABLE,1.9,US & STATE HIGHWAYS,-1,1 - CLEAR,42,0,W - WHITE,1 - MALE,"3 - WORN, NOT DAMAGED",C - POSSIBLE INJURY,POINT (-97.80294367 30.25406127),152374672,1831247661,0,"[966732809, 150225687]",True,3,South Mopac Expressway,motorway,1086.144,Loop 1,,65 mph,,,,,South Mopac Expressway,0.0012032811434779208,2.6822595354326485e-05
271,14719547,No,NO,158095,2.3,TRUE,158095,2019,No,10/2/15,N - NOT INJURED,FRIDAY,30.26073929,"3 - DARK, LIGHTED",-97.79349199,ONE MOTOR VEHICLE - GOING STRAIGHT,NOT APPLICABLE,1.9,US & STATE HIGHWAYS,35,1 - CLEAR,24,0,W - WHITE,1 - MALE,1 - NOT WORN,N - NOT INJURED,POINT (-97.79349199 30.26073929),152374556,152383967,0,436727295,True,3,South Mopac Expressway,motorway,508.023,Loop 1,,65 mph,,,,,South Mopac Expressway,0.00012107103528314702,2.6822595354326485e-05
272,16663018,No,NO,158095,2.3,TRUE,158095,2019,No,10/3/18,99 - UNKNOWN,WEDNESDAY,30.25840269,1 - DAYLIGHT,-97.79770401,ONE MOTOR VEHICLE - GOING STRAIGHT,NOT APPLICABLE,1.9,US & STATE HIGHWAYS,55,1 - CLEAR,39,0,W - WHITE,1 - MALE,99 - UNKNOWN IF WORN,99 - UNKNOWN,POINT (-97.79770401 30.25840269),152383967,152374672,0,"[436727296, 153693186, 436727295]",True,"['3', '4']",South Mopac Expressway,motorway,564.641,Loop 1,,65 mph,,,,,South Mopac Expressway,0.00013030051239533774,2.6822595354326485e-05
273,16765539,No,NO,158095,2.3,TRUE,158095,2019,No,11/28/18,C - POSSIBLE INJURY,WEDNESDAY,30.26462699,1 - DAYLIGHT,-97.78599159,ONE MOTOR VEHICLE - GOING STRAIGHT,"VISION OBSTRUCTED BY TREES, SHRUBS, WEEDS, ETC.",1.9,US & STATE HIGHWAYS,55,1 - CLEAR,36,0,W - WHITE,1 - MALE,"3 - WORN, NOT DAMAGED",C - POSSIBLE INJURY,POINT (-97.78599159 30.26462699),152374531,152374556,0,436727295,True,3,South Mopac Expressway,motorway,734.468,Loop 1,,65 mph,,,,,South Mopac Expressway,8.963852037023906e-05,2.6822595354326485e-05
274,17017226,No,NO,158095,2.3,TRUE,158095,2019,No,4/16/19,C - POSSIBLE INJURY,TUESDAY,30.26462201,1 - DAYLIGHT,-97.78600709,ONE MOTOR VEHICLE - TURNING RIGHT,NOT APPLICABLE,1.9,US & STATE HIGHWAYS,45,2 - CLOUDY,21,0,W - WHITE,2 - FEMALE,1 - NOT WORN,C - POSSIBLE INJURY,POINT (-97.78600709 30.26462201),152374531,152374556,0,436727295,True,3,South Mopac Expressway,motorway,734.468,Loop 1,,65 mph,,,,,South Mopac Expressway,8.953404494497819e-05,2.6822595354326485e-05
275,17183145,Yes,NO,158095,2.3,FALSE,158095,2019,No,7/11/19,B - SUSPECTED MINOR INJURY,THURSDAY,30.2610127,1 - DAYLIGHT,-97.7929927,ONE MOTOR VEHICLE - GOING STRAIGHT,ONE VEHICLE LEAVING DRIVEWAY,1.9,US & STATE HIGHWAYS,-1,1 - CLEAR,,0,W - WHITE,1 - MALE,"3 - WORN, NOT DAMAGED",B - SUSPECTED MINOR INJURY,POINT (-97.7929927 30.2610127),152374556,152383967,0,436727295,True,3,South Mopac Expressway,motorway,508.023,Loop 1,,65 mph,,,,,South Mopac Expressway,0.00012205789807102784,2.6822595354326485e-05
276,17649937,Yes,NO,89286,3.2,FALSE,89286,2019,No,4/5/20,A - SUSPECTED SERIOUS INJURY,SUNDAY,30.22071963,1 - DAYLIGHT,-97.83612219,ONE MOTOR VEHICLE - GOING STRAIGHT,NOT APPLICABLE,2.7,US & STATE HIGHWAYS,-1,1 - CLEAR,53,0,W - WHITE,1 - MALE,99 - UNKNOWN IF WORN,A - SUSPECTED SERIOUS INJURY,POINT (-97.83612219 30.22071963),152470434,1612920597,0,"[150225705, 150225740, 165365275, 123241693, 655414271]",True,3,South Mopac Expressway,motorway,1259.393,Loop 1,yes,65 mph,,,,,South Mopac Expressway,1.5757979722496905e-05,2.6822595354326485e-05
277,18330205,Yes,NO,158095,2.3,FALSE,158095,2019,No,6/24/21,B - SUSPECTED MINOR INJURY,THURSDAY,30.26559725,"3 - DARK, LIGHTED",-97.78306484,ONE MOTOR VEHICLE - TURNING RIGHT,ONE VEHICLE LEAVING DRIVEWAY,1.9,US & STATE HIGHWAYS,40,1 - CLEAR,23,0,W - WHITE,1 - MALE,1 - NOT WORN,N - NOT INJURED,POINT (-97.78306484 30.26559725),152374610,152374531,0,"[150356641, 436729140, 436729141, 436748566, 972186073]",True,4,South Mopac Expressway,motorway,551.1809999999999,Loop 1,yes,65 mph,,,,,South Mopac Expressway,0.00010083079167511378,2.6822595354326485e-05
278,18330205,Yes,NO,158095,2.3,FALSE,158095,2019,No,6/24/21,B - SUSPECTED MINOR INJURY,THURSDAY,30.26559725,"3 - DARK, LIGHTED",-97.78306484,ONE MOTOR VEHICLE - TURNING RIGHT,ONE VEHICLE LEAVING DRIVEWAY,1.9,US & STATE HIGHWAYS,40,1 - CLEAR,21,0,W - WHITE,1 - MALE,1 - NOT WORN,B - SUSPECTED MINOR INJURY,POINT (-97.78306484 30.26559725),152374610,152374531,0,"[150356641, 436729140, 436729141, 436748566, 972186073]",True,4,South Mopac Expressway,motorway,551.1809999999999,Loop 1,yes,65 mph,,,,,South Mopac Expressway,0.00010083079167511378,2.6822595354326485e-05
279,18355659,Yes,NO,88157,3.3,FALSE,88157,2019,No,7/8/21,C - POSSIBLE INJURY,THURSDAY,30.23626096,"2 - DARK, NOT LIGHTED",-97.82406848,ONE MOTOR VEHICLE - GOING STRAIGHT,NOT APPLICABLE,2.7,CITY STREET,-1,1 - CLEAR,44,0,W - WHITE,2 - FEMALE,1 - NOT WORN,C - POSSIBLE INJURY,POINT (-97.82406848 30.23626096),152370435,298548031,0,"[165365282, 41990275, 123241692, 150225685]",True,2,South Mopac Expressway,motorway,1125.1580000000001,Loop 1,yes,65 mph,,,,,South Mopac Expressway,0.0001051965570253592,2.6822595354326485e-05
280,12510358,No,NO,22674,2.7,TRUE,22674,2019,No,1/22/12,B - SUSPECTED MINOR INJURY,SUNDAY,30.18983422,1 - DAYLIGHT,-97.91885756,ONE MOTOR VEHICLE - GOING STRAIGHT,NOT APPLICABLE,2.2,US & STATE HIGHWAYS,65,1 - CLEAR,60,0,W - WHITE,1 - MALE,"2 - WORN, DAMAGED",B - SUSPECTED MINOR INJURY,POINT (-97.91885756 30.18983422),152553600,1374991418,0,"[436735944, 657671890, 436735942]",True,"['2', '3']",State Highway 45,primary,993.5670000000002,TX 45,,65 mph,,,,,State Highway 45,0.00040375686480428804,4.410337831877922e-05
281,12584842,Yes,NO,29879,3.7,FALSE,29879,2019,No,2/2/12,B - SUSPECTED MINOR INJURY,THURSDAY,30.44198837,1 - DAYLIGHT,-97.66590407,ONE MOTOR VEHICLE - TURNING LEFT,ONE VEHICLE ENTERING DRIVEWAY,2.5,FARM TO MARKET,40,1 - CLEAR,42,0,W - WHITE,1 - MALE,"3 - WORN, NOT DAMAGED",B - SUSPECTED MINOR INJURY,POINT (-97.66590407 30.44198837),152444198,152398759,0,172361511,False,,West Pecan Street,secondary,309.53299999999996,FM 1825,,45 mph,,,,,West Pecan Street,1.5284800340299877e-05,3.346832223300646e-05
282,12539426,No,NO,,,TRUE,,,No,2/4/12,B - SUSPECTED MINOR INJURY,SATURDAY,30.32582477,1 - DAYLIGHT,-97.73959274,ONE MOTOR VEHICLE - TURNING RIGHT,NOT APPLICABLE,,US & STATE HIGHWAYS,30,1 - CLEAR,30,0,A - ASIAN,2 - FEMALE,1 - NOT WORN,B - SUSPECTED MINOR INJURY,POINT (-97.73959274 30.32582477),4344959712,152726810,0,"[436614829, 436614831]",True,3,Burnet Road,secondary,50.025999999999996,,,,,,,,Burnet Road,3.949583162232749e-08,5.3635839467932475e-05
283,12648839,No,NO,,,FALSE,,,No,4/5/12,A - SUSPECTED SERIOUS INJURY,THURSDAY,30.35993437,"3 - DARK, LIGHTED",-97.72982256,ONE MOTOR VEHICLE - GOING STRAIGHT,NOT APPLICABLE,,CITY STREET,40,1 - CLEAR,42,0,W - WHITE,1 - MALE,99 - UNKNOWN IF WORN,A - SUSPECTED SERIOUS INJURY,POINT (-97.72982256 30.35993437),152410767,152610773,0,204869455,False,5,Burnet Road,secondary,163.371,,,,,,,,Burnet Road,1.768834955426527e-05,5.3635839467932475e-05
284,12833010,No,NO,,,TRUE,,,No,7/1/12,B - SUSPECTED MINOR INJURY,SUNDAY,30.32781477,1 - DAYLIGHT,-97.73975246,ONE MOTOR VEHICLE - GOING STRAIGHT,NOT APPLICABLE,,CITY STREET,45,3 - RAIN,29,0,W - WHITE,2 - FEMALE,"3 - WORN, NOT DAMAGED",B - SUSPECTED MINOR INJURY,POINT (-97.73975246 30.32781477),152606529,4344959723,0,"[436614828, 711938226, 711938228]",False,,Burnet Road,secondary,69.314,,,,,,,,Burnet Road,8.889179764734215e-06,5.3635839467932475e-05
285,12805600,Yes,NO,,,TRUE,,,No,7/14/12,B - SUSPECTED MINOR INJURY,SATURDAY,30.35812476,1 - DAYLIGHT,-97.73030246,ONE MOTOR VEHICLE - GOING STRAIGHT,ONE VEHICLE LEAVING DRIVEWAY,,CITY STREET,45,1 - CLEAR,30,0,W - WHITE,1 - MALE,1 - NOT WORN,B - SUSPECTED MINOR INJURY,POINT (-97.73030246 30.35812476),152421044,2621843555,0,"[436631999, 204869455]",False,"['5', '6']",Burnet Road,secondary,186.003,,,,,,,,Burnet Road,1.1620612858768107e-05,5.3635839467932475e-05
286,12848460,No,NO,,,FALSE,,,No,8/17/12,B - SUSPECTED MINOR INJURY,FRIDAY,30.34835685,"4 - DARK, UNKNOWN LIGHTING",-97.73566659,ONE MOTOR VEHICLE - GOING STRAIGHT,NOT APPLICABLE,,CITY STREET,0,1 - CLEAR,24,0,W - WHITE,1 - MALE,1 - NOT WORN,B - SUSPECTED MINOR INJURY,POINT (-97.73566659 30.34835685),152536648,152566616,0,"[436635362, 207154444]",False,5,Burnet Road,secondary,157.183,,,,,,,,Burnet Road,2.1436980054185575e-05,5.3635839467932475e-05
287,12848460,No,NO,,,FALSE,,,No,8/17/12,B - SUSPECTED MINOR INJURY,FRIDAY,30.34835685,"4 - DARK, UNKNOWN LIGHTING",-97.73566659,ONE MOTOR VEHICLE - GOING STRAIGHT,NOT APPLICABLE,,CITY STREET,0,1 - CLEAR,24,0,W - WHITE,1 - MALE,1 - NOT WORN,B - SUSPECTED MINOR INJURY,POINT (-97.73566659 30.34835685),152566616,152536648,0,"[436635362, 207154444]",False,5,Burnet Road,secondary,157.183,,,,,,,,Burnet Road,2.1436980054185575e-05,5.3635839467932475e-05
288,13171435,No,NO,,,FALSE,,,No,3/4/13,B - SUSPECTED MINOR INJURY,MONDAY,30.36489101,"3 - DARK, LIGHTED",-97.72853439,ONE MOTOR VEHICLE - GOING STRAIGHT,ONE VEHICLE LEAVING DRIVEWAY,,CITY STREET,0,1 - CLEAR,19,0,H - HISPANIC,1 - MALE,1 - NOT WORN,B - SUSPECTED MINOR INJURY,POINT (-97.72853439 30.36489101),152456312,152579780,0,31025047,False,,Burnet Road,secondary,178.986,,,,,,,,Burnet Road,1.4543321519970671e-05,5.3635839467932475e-05
289,13171435,No,NO,,,FALSE,,,No,3/4/13,B - SUSPECTED MINOR INJURY,MONDAY,30.36489101,"3 - DARK, LIGHTED",-97.72853439,ONE MOTOR VEHICLE - GOING STRAIGHT,ONE VEHICLE LEAVING DRIVEWAY,,CITY STREET,0,1 - CLEAR,19,0,H - HISPANIC,1 - MALE,1 - NOT WORN,B - SUSPECTED MINOR INJURY,POINT (-97.72853439 30.36489101),152579780,152456312,0,31025047,False,,Burnet Road,secondary,178.986,,,,,,,,Burnet Road,1.4543321519970671e-05,5.3635839467932475e-05
290,13276649,No,NO,,,FALSE,,,No,5/7/13,B - SUSPECTED MINOR INJURY,TUESDAY,30.35773287,1 - DAYLIGHT,-97.73040101,ONE MOTOR VEHICLE - GOING STRAIGHT,ONE VEHICLE LEAVING DRIVEWAY,,FARM TO MARKET,0,1 - CLEAR,39,0,W - WHITE,1 - MALE,"3 - WORN, NOT DAMAGED",B - SUSPECTED MINOR INJURY,POINT (-97.73040101 30.35773287),2621843555,152421044,0,"[204869455, 436631999]",False,"['5', '6']",Burnet Road,secondary,186.00300000000001,,,,,,,,Burnet Road,1.6175667755100597e-05,5.3635839467932475e-05
291,13424480,No,NO,,,FALSE,,,No,8/18/13,B - SUSPECTED MINOR INJURY,SUNDAY,30.36639076,"3 - DARK, LIGHTED",-97.7281336,ONE MOTOR VEHICLE - GOING STRAIGHT,NOT APPLICABLE,,CITY STREET,0,1 - CLEAR,42,0,W - WHITE,1 - MALE,"4 - WORN, UNK DAMAGE",B - SUSPECTED MINOR INJURY,POINT (-97.7281336 30.36639076),152726821,152456312,0,31025047,False,,Burnet Road,secondary,188.13100000000003,,,,,,,,Burnet Road,2.6898806613391398e-05,5.3635839467932475e-05
292,13424480,No,NO,,,FALSE,,,No,8/18/13,B - SUSPECTED MINOR INJURY,SUNDAY,30.36639076,"3 - DARK, LIGHTED",-97.7281336,ONE MOTOR VEHICLE - GOING STRAIGHT,NOT APPLICABLE,,CITY STREET,0,1 - CLEAR,42,0,W - WHITE,1 - MALE,"4 - WORN, UNK DAMAGE",B - SUSPECTED MINOR INJURY,POINT (-97.7281336 30.36639076),152456312,152726821,0,31025047,False,,Burnet Road,secondary,188.13100000000003,,,,,,,,Burnet Road,2.6898806613391398e-05,5.3635839467932475e-05
293,13705207,No,NO,,,TRUE,,,No,2/12/14,B - SUSPECTED MINOR INJURY,WEDNESDAY,30.32198477,1 - DAYLIGHT,-97.73933246,ONE MOTOR VEHICLE - TURNING RIGHT,ATTENTION DIVERTED FROM DRIVING,,CITY STREET,35,1 - CLEAR,28,0,W - WHITE,1 - MALE,1 - NOT WORN,B - SUSPECTED MINOR INJURY,POINT (-97.73933246 30.32198477),152692848,152726808,0,150364207,False,,Burnet Road,secondary,238.734,,,,,,,,Burnet Road,2.2847371524111805e-05,5.3635839467932475e-05
294,13705207,No,NO,,,TRUE,,,No,2/12/14,B - SUSPECTED MINOR INJURY,WEDNESDAY,30.32198477,1 - DAYLIGHT,-97.73933246,ONE MOTOR VEHICLE - TURNING RIGHT,ATTENTION DIVERTED FROM DRIVING,,CITY STREET,35,1 - CLEAR,28,0,W - WHITE,1 - MALE,1 - NOT WORN,B - SUSPECTED MINOR INJURY,POINT (-97.73933246 30.32198477),152726808,152692848,0,150364207,False,,Burnet Road,secondary,238.734,,,,,,,,Burnet Road,2.2847371524111805e-05,5.3635839467932475e-05
295,13792353,No,NO,,,TRUE,,,No,4/3/14,C - POSSIBLE INJURY,THURSDAY,30.38348476,1 - DAYLIGHT,-97.72409246,ONE MOTOR VEHICLE - GOING STRAIGHT,NOT APPLICABLE,,CITY STREET,40,1 - CLEAR,29,0,W - WHITE,2 - FEMALE,1 - NOT WORN,C - POSSIBLE INJURY,POINT (-97.72409246 30.38348476),9027460356,152652202,0,124953439,False,,Burnet Road,secondary,31.119999999999997,FM 1325,,45 mph,,,,,Burnet Road,2.541142725212534e-05,5.3635839467932475e-05
296,13910901,No,NO,,,FALSE,,,No,6/27/14,B - SUSPECTED MINOR INJURY,FRIDAY,30.38375383,1 - DAYLIGHT,-97.7240317,ONE MOTOR VEHICLE - GOING STRAIGHT,SLOWING/STOPPING-FOR TRAFFIC,,CITY STREET,30,1 - CLEAR,48,0,W - WHITE,1 - MALE,99 - UNKNOWN IF WORN,B - SUSPECTED MINOR INJURY,POINT (-97.7240317 30.38375383),4264803435,9027460356,0,124953439,False,,Burnet Road,secondary,195.902,FM 1325,,45 mph,,,,,Burnet Road,2.1895687749133163e-05,5.3635839467932475e-05
297,14096148,No,NO,,,TRUE,,,No,10/29/14,C - POSSIBLE INJURY,WEDNESDAY,30.36319476,1 - DAYLIGHT,-97.72898246,ONE MOTOR VEHICLE - TURNING RIGHT,ATTENTION DIVERTED FROM DRIVING,,CITY STREET,40,1 - CLEAR,21,0,W - WHITE,2 - FEMALE,1 - NOT WORN,C - POSSIBLE INJURY,POINT (-97.72898246 30.36319476),152672397,152579780,0,31025047,False,,Burnet Road,secondary,152.925,,,,,,,,Burnet Road,4.371540960696905e-06,5.3635839467932475e-05
298,14127789,Yes,NO,,,FALSE,,,No,11/16/14,A - SUSPECTED SERIOUS INJURY,SUNDAY,30.35725832,1 - DAYLIGHT,-97.73052351,ONE MOTOR VEHICLE - TURNING RIGHT,ONE VEHICLE ENTERING DRIVEWAY,,CITY STREET,40,2 - CLOUDY,31,0,W - WHITE,2 - FEMALE,1 - NOT WORN,A - SUSPECTED SERIOUS INJURY,POINT (-97.73052351 30.35725832),2621843555,152421044,0,"[204869455, 436631999]",False,"['5', '6']",Burnet Road,secondary,186.00300000000001,,,,,,,,Burnet Road,1.690673630588701e-05,5.3635839467932475e-05
299,14127789,Yes,NO,,,FALSE,,,No,11/16/14,A - SUSPECTED SERIOUS INJURY,SUNDAY,30.35725832,1 - DAYLIGHT,-97.73052351,ONE MOTOR VEHICLE - TURNING RIGHT,ONE VEHICLE ENTERING DRIVEWAY,,CITY STREET,40,2 - CLOUDY,31,0,W - WHITE,2 - FEMALE,1 - NOT WORN,A - SUSPECTED SERIOUS INJURY,POINT (-97.73052351 30.35725832),152421044,2621843555,0,"[436631999, 204869455]",False,"['5', '6']",Burnet Road,secondary,186.003,,,,,,,,Burnet Road,1.690673630588701e-05,5.3635839467932475e-05
300,14457449,Yes,NO,,,FALSE,,,No,5/14/15,C - POSSIBLE INJURY,THURSDAY,30.36131934,"3 - DARK, LIGHTED",-97.72946882,ONE MOTOR VEHICLE - TURNING LEFT,ONE VEHICLE ENTERING DRIVEWAY,,CITY STREET,30,1 - CLEAR,,0,99 - UNKNOWN,2 - FEMALE,99 - UNKNOWN IF WORN,C - POSSIBLE INJURY,POINT (-97.72946882 30.36131934),152610773,152611244,0,204869455,False,5,Burnet Road,secondary,208.517,,,,,,,,Burnet Road,2.2935315783017265e-05,5.3635839467932475e-05
301,15277549,No,NO,43326,1.3,FALSE,43326,2019,No,8/19/16,B - SUSPECTED MINOR INJURY,FRIDAY,30.37386534,"3 - DARK, LIGHTED",-97.72624515,ONE MOTOR VEHICLE - GOING STRAIGHT,ONE VEHICLE LEAVING DRIVEWAY,1.1,CITY STREET,40,2 - CLOUDY,35,0,W - WHITE,2 - FEMALE,"3 - WORN, NOT DAMAGED",B - SUSPECTED MINOR INJURY,POINT (-97.72624515 30.37386534),1762798125,152487001,0,179742340,True,2,Burnet Road,secondary,154.089,FM 1325,,,,,,,Burnet Road,0.00013586650000609434,5.3635839467932475e-05
302,15359492,No,NO,43326,1.3,FALSE,43326,2019,No,10/5/16,A - SUSPECTED SERIOUS INJURY,WEDNESDAY,30.3903223,"3 - DARK, LIGHTED",-97.72208944,ONE MOTOR VEHICLE - GOING STRAIGHT,NOT APPLICABLE,1.1,CITY STREET,45,2 - CLOUDY,33,0,W - WHITE,1 - MALE,"3 - WORN, NOT DAMAGED",A - SUSPECTED SERIOUS INJURY,POINT (-97.72208944 30.3903223),7152994898,2527536562,0,179742336,False,,Burnet Road,secondary,255.725,FM 1325,,45 mph,,,,,Burnet Road,9.585587204697016e-06,5.3635839467932475e-05
303,15940542,No,NO,,,FALSE,,,No,8/29/17,C - POSSIBLE INJURY,TUESDAY,30.32065555,1 - DAYLIGHT,-97.73924178,ONE MOTOR VEHICLE - GOING STRAIGHT,ONE VEHICLE LEAVING DRIVEWAY,,CITY STREET,40,1 - CLEAR,27,0,W - WHITE,1 - MALE,"4 - WORN, UNK DAMAGE",C - POSSIBLE INJURY,POINT (-97.73924178 30.32065555),152692848,152726808,0,150364207,False,,Burnet Road,secondary,238.734,,,,,,,,Burnet Road,9.52908355076884e-06,5.3635839467932475e-05
304,15940542,No,NO,,,FALSE,,,No,8/29/17,C - POSSIBLE INJURY,TUESDAY,30.32065555,1 - DAYLIGHT,-97.73924178,ONE MOTOR VEHICLE - GOING STRAIGHT,ONE VEHICLE LEAVING DRIVEWAY,,CITY STREET,40,1 - CLEAR,27,0,W - WHITE,1 - MALE,"4 - WORN, UNK DAMAGE",C - POSSIBLE INJURY,POINT (-97.73924178 30.32065555),152726808,152692848,0,150364207,False,,Burnet Road,secondary,238.734,,,,,,,,Burnet Road,9.52908355076884e-06,5.3635839467932475e-05
305,16065339,Yes,NO,43326,1.3,FALSE,43326,2019,No,11/3/17,B - SUSPECTED MINOR INJURY,FRIDAY,30.3943124,1 - DAYLIGHT,-97.72073532,ONE MOTOR VEHICLE - TURNING RIGHT,ONE VEHICLE LEAVING DRIVEWAY,1.1,FARM TO MARKET,-1,1 - CLEAR,56,0,W - WHITE,1 - MALE,1 - NOT WORN,B - SUSPECTED MINOR INJURY,POINT (-97.72073532 30.3943124),1256307192,8876954726,0,124953437,False,5,Burnet Road,secondary,108.266,FM 1325,,45 mph,,,,,Burnet Road,1.367645324404115e-05,5.3635839467932475e-05