,Crash ID,$1000 Damage to Any One Person's Property,Active School Zone Flag,Adjusted Average Daily Traffic Amount,Adjusted Percentage of Average Daily Traffic For Trucks,At Intersection Flag,Average Daily Traffic Amount,Average Daily Traffic Year,Construction Zone Flag,Crash Date,Crash Severity,Day of Week,Latitude,Light Condition,Longitude,Manner of Collision,Other Factor,Percentage of Single Unit Truck Average Daily Traffic,Road Class,Speed Limit,Weather Condition,Person Age,Person Death Count,Person Ethnicity,Person Gender,Person Helmet,Person Injury Severity,geometry,index_right0,index_right1,index_right2,osmid,oneway,lanes,name,highway,length,ref,bridge,maxspeed,access,tunnel,junction,service,names,distance,Crash Rate
306,16205742,No,NO,,,TRUE,,,No,1/18/18,C - POSSIBLE INJURY,THURSDAY,30.34828476,"3 - DARK, LIGHTED",-97.73571246,ONE MOTOR VEHICLE - GOING STRAIGHT,NOT APPLICABLE,,CITY STREET,40,1 - CLEAR,59,0,B - BLACK,1 - MALE,1 - NOT WORN,C - POSSIBLE INJURY,POINT (-97.73571246 30.34828476),152566616,152708847,0,"[436635352, 436635357]",False,5,Burnet Road,secondary,170.47299999999998,,,,,,,,Burnet Road,2.158796164135791e-05,5.3635839467932475e-05
307,17021138,No,NO,,,TRUE,,,No,4/18/19,B - SUSPECTED MINOR INJURY,THURSDAY,30.35217476,1 - DAYLIGHT,-97.73327246,ONE MOTOR VEHICLE - TURNING LEFT,NOT APPLICABLE,,CITY STREET,-1,1 - CLEAR,28,0,W - WHITE,1 - MALE,"3 - WORN, NOT DAMAGED",B - SUSPECTED MINOR INJURY,POINT (-97.73327246 30.35217476),152726819,1402544937,0,204869453,False,,Burnet Road,secondary,12.193,,,,,,,,Burnet Road,5.184069014400344e-06,5.3635839467932475e-05
308,17135703,No,NO,31251,1.4,FALSE,31251,2019,No,6/17/19,B - SUSPECTED MINOR INJURY,MONDAY,30.40491278,"3 - DARK, LIGHTED",-97.7161116,ONE MOTOR VEHICLE - GOING STRAIGHT,ATTENTION DIVERTED FROM DRIVING,1.3,CITY STREET,-1,1 - CLEAR,29,0,W - WHITE,2 - FEMALE,"4 - WORN, UNK DAMAGE",B - SUSPECTED MINOR INJURY,POINT (-97.7161116 30.40491278),1243911158,1242682196,0,567252930,False,,Burnet Road,secondary,334.54100000000005,FM 1325,,45 mph,,,,,Burnet Road,1.0528410608832815e-05,5.3635839467932475e-05
309,17135703,No,NO,31251,1.4,FALSE,31251,2019,No,6/17/19,B - SUSPECTED MINOR INJURY,MONDAY,30.40491278,"3 - DARK, LIGHTED",-97.7161116,ONE MOTOR VEHICLE - GOING STRAIGHT,ATTENTION DIVERTED FROM DRIVING,1.3,CITY STREET,-1,1 - CLEAR,31,0,W - WHITE,1 - MALE,"4 - WORN, UNK DAMAGE",N - NOT INJURED,POINT (-97.7161116 30.40491278),1243911158,1242682196,0,567252930,False,,Burnet Road,secondary,334.54100000000005,FM 1325,,45 mph,,,,,Burnet Road,1.0528410608832815e-05,5.3635839467932475e-05
310,17184917,No,NO,,,TRUE,,,No,7/17/19,C - POSSIBLE INJURY,WEDNESDAY,30.36001476,1 - DAYLIGHT,-97.72980246,ONE MOTOR VEHICLE - GOING STRAIGHT,ATTENTION DIVERTED FROM DRIVING,,CITY STREET,-1,1 - CLEAR,60,0,W - WHITE,1 - MALE,1 - NOT WORN,C - POSSIBLE INJURY,POINT (-97.72980246 30.36001476),152610773,152410767,0,204869455,False,5,Burnet Road,secondary,163.371,,,,,,,,Burnet Road,1.7370578713311492e-05,5.3635839467932475e-05
311,17184917,No,NO,,,TRUE,,,No,7/17/19,C - POSSIBLE INJURY,WEDNESDAY,30.36001476,1 - DAYLIGHT,-97.72980246,ONE MOTOR VEHICLE - GOING STRAIGHT,ATTENTION DIVERTED FROM DRIVING,,CITY STREET,-1,1 - CLEAR,60,0,W - WHITE,1 - MALE,1 - NOT WORN,C - POSSIBLE INJURY,POINT (-97.72980246 30.36001476),152410767,152610773,0,204869455,False,5,Burnet Road,secondary,163.371,,,,,,,,Burnet Road,1.7370578713311492e-05,5.3635839467932475e-05
312,17202667,No,NO,,,TRUE,,,No,7/23/19,B - SUSPECTED MINOR INJURY,TUESDAY,30.35217476,1 - DAYLIGHT,-97.73327246,ONE MOTOR VEHICLE - TURNING LEFT,NOT APPLICABLE,,CITY STREET,-1,1 - CLEAR,27,0,A - ASIAN,1 - MALE,"4 - WORN, UNK DAMAGE",B - SUSPECTED MINOR INJURY,POINT (-97.73327246 30.35217476),152726819,1402544937,0,204869453,False,,Burnet Road,secondary,12.193,,,,,,,,Burnet Road,5.184069014400344e-06,5.3635839467932475e-05
313,17856764,Yes,NO,,,FALSE,,,No,11/17/19,B - SUSPECTED MINOR INJURY,SUNDAY,30.3633286,1 - DAYLIGHT,-97.72894822,ONE MOTOR VEHICLE - GOING STRAIGHT,NOT APPLICABLE,,CITY STREET,-1,1 - CLEAR,35,0,W - WHITE,1 - MALE,1 - NOT WORN,B - SUSPECTED MINOR INJURY,POINT (-97.72894822 30.3633286),152579780,152672397,0,31025047,False,,Burnet Road,secondary,152.925,,,,,,,,Burnet Road,4.063850813973682e-06,5.3635839467932475e-05
314,17856764,Yes,NO,,,FALSE,,,No,11/17/19,B - SUSPECTED MINOR INJURY,SUNDAY,30.3633286,1 - DAYLIGHT,-97.72894822,ONE MOTOR VEHICLE - GOING STRAIGHT,NOT APPLICABLE,,CITY STREET,-1,1 - CLEAR,35,0,W - WHITE,1 - MALE,1 - NOT WORN,B - SUSPECTED MINOR INJURY,POINT (-97.72894822 30.3633286),152672397,152579780,0,31025047,False,,Burnet Road,secondary,152.925,,,,,,,,Burnet Road,4.063850813973682e-06,5.3635839467932475e-05
315,17685475,No,NO,43326,1.3,TRUE,43326,2019,No,5/9/20,B - SUSPECTED MINOR INJURY,SATURDAY,30.38002144,1 - DAYLIGHT,-97.72485896,ONE MOTOR VEHICLE - TURNING LEFT,NOT APPLICABLE,1.1,CITY STREET,-1,1 - CLEAR,31,0,H - HISPANIC,1 - MALE,"3 - WORN, NOT DAMAGED",B - SUSPECTED MINOR INJURY,POINT (-97.72485896 30.38002144),152671627,152487010,0,775131238,False,,Burnet Road,secondary,105.075,FM 1325,,,,,,,Burnet Road,1.6299673970791625e-05,5.3635839467932475e-05
316,18308310,No,NO,,,FALSE,,,No,5/30/21,C - POSSIBLE INJURY,SUNDAY,30.33452282,1 - DAYLIGHT,-97.73986245,ONE MOTOR VEHICLE - GOING STRAIGHT,ONE VEHICLE LEAVING DRIVEWAY,,CITY STREET,35,1 - CLEAR,44,0,B - BLACK,1 - MALE,1 - NOT WORN,C - POSSIBLE INJURY,POINT (-97.73986245 30.33452282),152449500,152596346,0,"[711938227, 655501731]",False,,Burnet Road,secondary,254.757,,,,,,,,Burnet Road,3.6754808795935486e-05,5.3635839467932475e-05
317,18308310,No,NO,,,FALSE,,,No,5/30/21,C - POSSIBLE INJURY,SUNDAY,30.33452282,1 - DAYLIGHT,-97.73986245,ONE MOTOR VEHICLE - GOING STRAIGHT,ONE VEHICLE LEAVING DRIVEWAY,,CITY STREET,35,1 - CLEAR,44,0,B - BLACK,1 - MALE,1 - NOT WORN,C - POSSIBLE INJURY,POINT (-97.73986245 30.33452282),152596346,152449500,0,"[655501731, 711938227]",False,,Burnet Road,secondary,254.757,,,,,,,,Burnet Road,3.6754808795935486e-05,5.3635839467932475e-05
318,18551575,No,NO,,,TRUE,,,No,10/26/21,B - SUSPECTED MINOR INJURY,TUESDAY,30.38552476,"2 - DARK, NOT LIGHTED",-97.72363246,ONE MOTOR VEHICLE - TURNING RIGHT,NOT APPLICABLE,,CITY STREET,45,1 - CLEAR,29,0,W - WHITE,1 - MALE,1 - NOT WORN,B - SUSPECTED MINOR INJURY,POINT (-97.72363246 30.38552476),152452109,4264803435,0,124953439,False,,Burnet Road,secondary,9.302,FM 1325,,45 mph,,,,,Burnet Road,1.2332739508532918e-05,5.3635839467932475e-05
319,12609367,No,NO,,,TRUE,,,No,2/7/12,B - SUSPECTED MINOR INJURY,TUESDAY,30.28978477,1 - DAYLIGHT,-97.74140246,ONE MOTOR VEHICLE - GOING STRAIGHT,NOT APPLICABLE,,CITY STREET,0,1 - CLEAR,,0,W - WHITE,1 - MALE,1 - NOT WORN,B - SUSPECTED MINOR INJURY,POINT (-97.74140246 30.28978477),152399401,280233425,0,128208741,False,,Guadalupe Street,primary,12.835,,,,,,,,Guadalupe Street,7.97450188749761e-06,5.0286633812732576e-05
320,12609367,No,NO,,,TRUE,,,No,2/7/12,B - SUSPECTED MINOR INJURY,TUESDAY,30.28978477,1 - DAYLIGHT,-97.74140246,ONE MOTOR VEHICLE - GOING STRAIGHT,NOT APPLICABLE,,CITY STREET,0,1 - CLEAR,,0,W - WHITE,1 - MALE,1 - NOT WORN,B - SUSPECTED MINOR INJURY,POINT (-97.74140246 30.28978477),280233425,152399401,0,128208741,False,,Guadalupe Street,primary,12.835,,,,,,,,Guadalupe Street,7.97450188749761e-06,5.0286633812732576e-05
321,12587778,No,NO,,,TRUE,,,No,3/3/12,C - POSSIBLE INJURY,SATURDAY,30.30274477,"3 - DARK, LIGHTED",-97.73815246,ONE MOTOR VEHICLE - GOING STRAIGHT,NOT APPLICABLE,,CITY STREET,0,1 - CLEAR,28,0,W - WHITE,2 - FEMALE,1 - NOT WORN,C - POSSIBLE INJURY,POINT (-97.73815246 30.30274477),152456724,152456717,0,"[436624096, 204981558]",False,5,Guadalupe Street,primary,97.626,,,35 mph,,,,,Guadalupe Street,3.5044486986495276e-07,5.0286633812732576e-05
322,12677620,Yes,NO,,,TRUE,,,No,4/23/12,B - SUSPECTED MINOR INJURY,MONDAY,30.30274477,"3 - DARK, LIGHTED",-97.73815246,ONE MOTOR VEHICLE - TURNING LEFT,NOT APPLICABLE,,CITY STREET,35,1 - CLEAR,21,0,W - WHITE,1 - MALE,1 - NOT WORN,B - SUSPECTED MINOR INJURY,POINT (-97.73815246 30.30274477),152456724,152456717,0,"[436624096, 204981558]",False,5,Guadalupe Street,primary,97.626,,,35 mph,,,,,Guadalupe Street,3.5044486986495276e-07,5.0286633812732576e-05
323,12748692,No,NO,,,FALSE,,,No,6/7/12,B - SUSPECTED MINOR INJURY,THURSDAY,30.32196864,1 - DAYLIGHT,-97.7256368,ONE MOTOR VEHICLE - TURNING LEFT,ONE VEHICLE LEAVING DRIVEWAY,,CITY STREET,35,2 - CLOUDY,32,0,W - WHITE,1 - MALE,1 - NOT WORN,B - SUSPECTED MINOR INJURY,POINT (-97.7256368 30.32196864),152424361,152453731,0,163341006,False,2,Guadalupe Street,tertiary,109.905,,,,,,,,Guadalupe Street,8.469750049244193e-07,5.0286633812732576e-05
324,12766636,No,NO,,,FALSE,,,No,6/22/12,B - SUSPECTED MINOR INJURY,FRIDAY,30.27296413,1 - DAYLIGHT,-97.74481686,ONE MOTOR VEHICLE - TURNING LEFT,ONE VEHICLE ENTERING DRIVEWAY,,CITY STREET,0,1 - CLEAR,30,0,W - WHITE,1 - MALE,1 - NOT WORN,B - SUSPECTED MINOR INJURY,POINT (-97.74481686 30.27296413),152456616,152456613,0,"[1049231853, 1049231854]",True,4,Guadalupe Street,primary,109.451,,,30 mph,,,,,Guadalupe Street,1.9171260238082133e-06,5.0286633812732576e-05
325,12766743,No,NO,,,TRUE,,,No,6/23/12,B - SUSPECTED MINOR INJURY,SATURDAY,30.26716478,1 - DAYLIGHT,-97.74698246,ONE MOTOR VEHICLE - GOING STRAIGHT,NOT APPLICABLE,,CITY STREET,35,1 - CLEAR,24,0,W - WHITE,2 - FEMALE,1 - NOT WORN,B - SUSPECTED MINOR INJURY,POINT (-97.74698246 30.26716478),280908622,2328939747,0,655283350,True,3,Guadalupe Street,primary,109.20400000000001,,,30 mph,,,,,Guadalupe Street,1.3857300060540777e-06,5.0286633812732576e-05
326,12793559,No,NO,,,TRUE,,,No,7/7/12,B - SUSPECTED MINOR INJURY,SATURDAY,30.26901478,"3 - DARK, LIGHTED",-97.74629246,ONE MOTOR VEHICLE - GOING STRAIGHT,NOT APPLICABLE,,CITY STREET,30,1 - CLEAR,21,0,W - WHITE,1 - MALE,99 - UNKNOWN IF WORN,B - SUSPECTED MINOR INJURY,POINT (-97.74629246 30.26901478),152456605,2641443828,0,"[130624540, 656122421, 436742886]",True,"['5', '3']",Guadalupe Street,primary,109.087,,,30 mph,,,,,Guadalupe Street,2.854476060787851e-07,5.0286633812732576e-05
327,12835312,No,NO,,,TRUE,,,No,7/18/12,B - SUSPECTED MINOR INJURY,WEDNESDAY,30.30274477,1 - DAYLIGHT,-97.73815246,ONE MOTOR VEHICLE - TURNING LEFT,NOT APPLICABLE,,CITY STREET,35,1 - CLEAR,33,0,W - WHITE,1 - MALE,1 - NOT WORN,B - SUSPECTED MINOR INJURY,POINT (-97.73815246 30.30274477),152456724,152456717,0,"[436624096, 204981558]",False,5,Guadalupe Street,primary,97.626,,,35 mph,,,,,Guadalupe Street,3.5044486986495276e-07,5.0286633812732576e-05
328,12819682,No,NO,,,TRUE,,,No,7/25/12,B - SUSPECTED MINOR INJURY,WEDNESDAY,30.30033477,1 - DAYLIGHT,-97.73968246,ONE MOTOR VEHICLE - GOING STRAIGHT,NOT APPLICABLE,,CITY STREET,0,1 - CLEAR,22,0,H - HISPANIC,1 - MALE,1 - NOT WORN,B - SUSPECTED MINOR INJURY,POINT (-97.73968246 30.30033477),152456708,1750540687,0,"[204981558, 436624094]",False,5,Guadalupe Street,primary,102.413,,,35 mph,,,,,Guadalupe Street,1.4969880216156986e-06,5.0286633812732576e-05
329,12908625,No,NO,,,FALSE,,,No,8/23/12,B - SUSPECTED MINOR INJURY,THURSDAY,30.28197742,1 - DAYLIGHT,-97.74201334,ONE MOTOR VEHICLE - TURNING LEFT,ONE VEHICLE ENTERING DRIVEWAY,,CITY STREET,0,1 - CLEAR,25,0,98 - OTHER,1 - MALE,1 - NOT WORN,B - SUSPECTED MINOR INJURY,POINT (-97.74201334 30.28197742),152456636,1399124201,0,25745320,False,4,Guadalupe Street,primary,55.596000000000004,,,30 mph,,,,,Guadalupe Street,2.6747124406232704e-05,5.0286633812732576e-05
330,12972046,No,NO,,,TRUE,,,No,9/2/12,B - SUSPECTED MINOR INJURY,SUNDAY,30.29195477,"3 - DARK, LIGHTED",-97.74119246,ONE MOTOR VEHICLE - TURNING RIGHT,NOT APPLICABLE,,CITY STREET,30,1 - CLEAR,25,0,W - WHITE,2 - FEMALE,99 - UNKNOWN IF WORN,B - SUSPECTED MINOR INJURY,POINT (-97.74119246 30.29195477),152456683,152456679,0,436614664,False,5,Guadalupe Street,primary,39.032,,,35 mph,,,,,Guadalupe Street,4.302551145430433e-06,5.0286633812732576e-05
331,12972046,No,NO,,,TRUE,,,No,9/2/12,B - SUSPECTED MINOR INJURY,SUNDAY,30.29195477,"3 - DARK, LIGHTED",-97.74119246,ONE MOTOR VEHICLE - TURNING RIGHT,NOT APPLICABLE,,CITY STREET,30,1 - CLEAR,25,0,W - WHITE,2 - FEMALE,99 - UNKNOWN IF WORN,B - SUSPECTED MINOR INJURY,POINT (-97.74119246 30.29195477),152456679,152456683,0,436614664,False,5,Guadalupe Street,primary,39.032,,,35 mph,,,,,Guadalupe Street,4.302551145430433e-06,5.0286633812732576e-05
332,12948822,Yes,NO,,,FALSE,,,No,10/12/12,A - SUSPECTED SERIOUS INJURY,FRIDAY,30.28020693,"3 - DARK, LIGHTED",-97.74213601,ONE MOTOR VEHICLE - GOING STRAIGHT,NOT APPLICABLE,,CITY STREET,30,1 - CLEAR,27,0,W - WHITE,1 - MALE,1 - NOT WORN,A - SUSPECTED SERIOUS INJURY,POINT (-97.74213601 30.28020693),152456630,152456628,0,387759475,True,2,Guadalupe Street,primary,102.245,,,30 mph,,,,,Guadalupe Street,1.3648351522997484e-05,5.0286633812732576e-05
333,13260929,Yes,NO,,,TRUE,,,No,3/17/13,B - SUSPECTED MINOR INJURY,SUNDAY,30.31764477,"3 - DARK, LIGHTED",-97.72846246,ONE MOTOR VEHICLE - GOING STRAIGHT,NOT APPLICABLE,,CITY STREET,30,1 - CLEAR,19,0,H - HISPANIC,1 - MALE,1 - NOT WORN,B - SUSPECTED MINOR INJURY,POINT (-97.72846246 30.31764477),152456753,152456761,0,"[124953440, 128928827, 656058571]",False,2,Guadalupe Street,tertiary,617.6049999999999,,,30 mph,,,,,Guadalupe Street,7.52561797409196e-07,5.0286633812732576e-05
334,13256097,No,NO,,,TRUE,,,No,3/22/13,B - SUSPECTED MINOR INJURY,FRIDAY,30.30033477,1 - DAYLIGHT,-97.73968246,ONE MOTOR VEHICLE - TURNING RIGHT,NOT APPLICABLE,,CITY STREET,0,1 - CLEAR,37,0,W - WHITE,1 - MALE,1 - NOT WORN,B - SUSPECTED MINOR INJURY,POINT (-97.73968246 30.30033477),152456708,1750540687,0,"[204981558, 436624094]",False,5,Guadalupe Street,primary,102.413,,,35 mph,,,,,Guadalupe Street,1.4969880216156986e-06,5.0286633812732576e-05
335,13297418,No,NO,,,FALSE,,,No,5/29/13,B - SUSPECTED MINOR INJURY,WEDNESDAY,30.31740718,1 - DAYLIGHT,-97.72862086,ONE MOTOR VEHICLE - GOING STRAIGHT,NOT APPLICABLE,,CITY STREET,30,1 - CLEAR,30,0,W - WHITE,1 - MALE,99 - UNKNOWN IF WORN,B - SUSPECTED MINOR INJURY,POINT (-97.72862086 30.31740718),152456753,152456761,0,"[124953440, 128928827, 656058571]",False,2,Guadalupe Street,tertiary,617.6049999999999,,,30 mph,,,,,Guadalupe Street,1.895468048503322e-06,5.0286633812732576e-05
336,13416973,Yes,NO,,,TRUE,,,No,7/12/13,C - POSSIBLE INJURY,FRIDAY,30.27367478,1 - DAYLIGHT,-97.74456246,ONE MOTOR VEHICLE - GOING STRAIGHT,NOT APPLICABLE,,CITY STREET,30,1 - CLEAR,23,0,B - BLACK,1 - MALE,1 - NOT WORN,C - POSSIBLE INJURY,POINT (-97.74456246 30.27367478),152456616,152456613,0,"[1049231853, 1049231854]",True,4,Guadalupe Street,primary,109.451,,,30 mph,,,,,Guadalupe Street,1.2754119072122744e-05,5.0286633812732576e-05
337,13467381,No,NO,,,FALSE,,,No,8/30/13,B - SUSPECTED MINOR INJURY,FRIDAY,30.29775444,1 - DAYLIGHT,-97.74130846,ONE MOTOR VEHICLE - TURNING LEFT,ONE VEHICLE ENTERING DRIVEWAY,,CITY STREET,35,1 - CLEAR,,0,A - ASIAN,1 - MALE,"3 - WORN, NOT DAMAGED",B - SUSPECTED MINOR INJURY,POINT (-97.74130846 30.29775444),152394155,152456696,0,"[130889282, 436614663]",False,5,Guadalupe Street,primary,153.64000000000001,,,35 mph,,,,,Guadalupe Street,1.064204961520232e-05,5.0286633812732576e-05
338,13559529,No,NO,,,FALSE,,,No,10/9/13,B - SUSPECTED MINOR INJURY,WEDNESDAY,30.29661443,1 - DAYLIGHT,-97.74203504,ONE MOTOR VEHICLE - TURNING LEFT,ONE VEHICLE ENTERING DRIVEWAY,,CITY STREET,35,1 - CLEAR,21,0,H - HISPANIC,1 - MALE,1 - NOT WORN,B - SUSPECTED MINOR INJURY,POINT (-97.74203504 30.29661443),152456693,152456696,0,436614659,False,4,Guadalupe Street,primary,22.298,,,35 mph,,,,,Guadalupe Street,7.471786034605684e-06,5.0286633812732576e-05
339,13563427,No,NO,,,TRUE,,,No,10/10/13,C - POSSIBLE INJURY,THURSDAY,30.30274477,1 - DAYLIGHT,-97.73815246,ONE MOTOR VEHICLE - TURNING LEFT,NOT APPLICABLE,,CITY STREET,-1,1 - CLEAR,,0,W - WHITE,1 - MALE,1 - NOT WORN,C - POSSIBLE INJURY,POINT (-97.73815246 30.30274477),152456724,152456717,0,"[436624096, 204981558]",False,5,Guadalupe Street,primary,97.626,,,35 mph,,,,,Guadalupe Street,3.5044486986495276e-07,5.0286633812732576e-05
340,13661206,No,NO,,,TRUE,,,No,10/21/13,C - POSSIBLE INJURY,MONDAY,30.29042477,1 - DAYLIGHT,-97.74134246,ONE MOTOR VEHICLE - TURNING LEFT,NOT APPLICABLE,,CITY STREET,45,1 - CLEAR,20,0,H - HISPANIC,2 - FEMALE,1 - NOT WORN,C - POSSIBLE INJURY,POINT (-97.74134246 30.29042477),152456671,152399401,0,"[126307536, 436614661]",False,5,Guadalupe Street,primary,63.45099999999999,,,30 mph,,,,,Guadalupe Street,4.194014944580594e-07,5.0286633812732576e-05
341,13661206,No,NO,,,TRUE,,,No,10/21/13,C - POSSIBLE INJURY,MONDAY,30.29042477,1 - DAYLIGHT,-97.74134246,ONE MOTOR VEHICLE - TURNING LEFT,NOT APPLICABLE,,CITY STREET,45,1 - CLEAR,20,0,H - HISPANIC,2 - FEMALE,1 - NOT WORN,C - POSSIBLE INJURY,POINT (-97.74134246 30.29042477),152399401,152456671,0,"[126307536, 436614661]",False,5,Guadalupe Street,primary,63.45099999999999,,,30 mph,,,,,Guadalupe Street,4.194014944580594e-07,5.0286633812732576e-05
342,13563286,No,NO,,,TRUE,,,No,11/18/13,C - POSSIBLE INJURY,MONDAY,30.31084477,"3 - DARK, LIGHTED",-97.73298246,ONE MOTOR VEHICLE - TURNING LEFT,NOT APPLICABLE,,CITY STREET,35,1 - CLEAR,32,0,W - WHITE,1 - MALE,99 - UNKNOWN IF WORN,C - POSSIBLE INJURY,POINT (-97.73298246 30.31084477),1541584129,152456575,0,"[906203360, 436634355]",False,5,Guadalupe Street,primary,56.968,,,35 mph,,,,,Guadalupe Street,2.1439191675943657e-06,5.0286633812732576e-05
343,13563286,No,NO,,,TRUE,,,No,11/18/13,C - POSSIBLE INJURY,MONDAY,30.31084477,"3 - DARK, LIGHTED",-97.73298246,ONE MOTOR VEHICLE - TURNING LEFT,NOT APPLICABLE,,CITY STREET,35,1 - CLEAR,32,0,W - WHITE,1 - MALE,99 - UNKNOWN IF WORN,C - POSSIBLE INJURY,POINT (-97.73298246 30.31084477),152456575,1541584129,0,"[906203360, 436634355]",False,5,Guadalupe Street,primary,56.968,,,35 mph,,,,,Guadalupe Street,2.1439191675943657e-06,5.0286633812732576e-05
344,13655723,No,NO,,,TRUE,,,No,11/23/13,B - SUSPECTED MINOR INJURY,SATURDAY,30.29890477,1 - DAYLIGHT,-97.74059246,ONE MOTOR VEHICLE - GOING STRAIGHT,ATTENTION DIVERTED FROM DRIVING,,CITY STREET,25,2 - CLOUDY,21,0,W - WHITE,2 - FEMALE,99 - UNKNOWN IF WORN,B - SUSPECTED MINOR INJURY,POINT (-97.74059246 30.29890477),152456702,152456705,0,130889282,False,5,Guadalupe Street,primary,28.458,,,35 mph,,,,,Guadalupe Street,8.711013255656831e-06,5.0286633812732576e-05
345,13655723,No,NO,,,TRUE,,,No,11/23/13,B - SUSPECTED MINOR INJURY,SATURDAY,30.29890477,1 - DAYLIGHT,-97.74059246,ONE MOTOR VEHICLE - GOING STRAIGHT,ATTENTION DIVERTED FROM DRIVING,,CITY STREET,25,2 - CLOUDY,21,0,W - WHITE,2 - FEMALE,99 - UNKNOWN IF WORN,B - SUSPECTED MINOR INJURY,POINT (-97.74059246 30.29890477),152456705,152456702,0,130889282,False,5,Guadalupe Street,primary,28.458,,,35 mph,,,,,Guadalupe Street,8.711013255656831e-06,5.0286633812732576e-05
346,13671400,No,NO,,,FALSE,,,No,1/21/14,B - SUSPECTED MINOR INJURY,TUESDAY,30.28686481,1 - DAYLIGHT,-97.74162879,ONE MOTOR VEHICLE - GOING STRAIGHT,NOT APPLICABLE,,CITY STREET,-1,1 - CLEAR,29,0,W - WHITE,2 - FEMALE,99 - UNKNOWN IF WORN,B - SUSPECTED MINOR INJURY,POINT (-97.74162879 30.28686481),152456658,152456647,0,"[201680476, 655414277]",False,4,Guadalupe Street,primary,301.26,,,30 mph,,,,,Guadalupe Street,1.8546549697774822e-05,5.0286633812732576e-05
347,13671400,No,NO,,,FALSE,,,No,1/21/14,B - SUSPECTED MINOR INJURY,TUESDAY,30.28686481,1 - DAYLIGHT,-97.74162879,ONE MOTOR VEHICLE - GOING STRAIGHT,NOT APPLICABLE,,CITY STREET,-1,1 - CLEAR,29,0,W - WHITE,2 - FEMALE,99 - UNKNOWN IF WORN,B - SUSPECTED MINOR INJURY,POINT (-97.74162879 30.28686481),152456647,152456658,0,"[201680476, 655414277]",False,4,Guadalupe Street,primary,301.26,,,30 mph,,,,,Guadalupe Street,1.8546549697774822e-05,5.0286633812732576e-05
348,13718351,No,NO,,,TRUE,,,No,2/18/14,A - SUSPECTED SERIOUS INJURY,TUESDAY,30.30274477,1 - DAYLIGHT,-97.73815246,ONE MOTOR VEHICLE - TURNING LEFT,ATTENTION DIVERTED FROM DRIVING,,CITY STREET,35,2 - CLOUDY,22,0,W - WHITE,1 - MALE,1 - NOT WORN,A - SUSPECTED SERIOUS INJURY,POINT (-97.73815246 30.30274477),152456724,152456717,0,"[436624096, 204981558]",False,5,Guadalupe Street,primary,97.626,,,35 mph,,,,,Guadalupe Street,3.5044486986495276e-07,5.0286633812732576e-05
349,13718698,No,NO,,,FALSE,,,No,2/22/14,C - POSSIBLE INJURY,SATURDAY,30.29331133,"3 - DARK, LIGHTED",-97.74182726,ONE MOTOR VEHICLE - GOING STRAIGHT,ONE VEHICLE LEAVING DRIVEWAY,,CITY STREET,-1,1 - CLEAR,27,0,W - WHITE,1 - MALE,1 - NOT WORN,C - POSSIBLE INJURY,POINT (-97.74182726 30.29331133),152456687,152456685,0,124953118,False,4,Guadalupe Street,primary,127.362,,,30 mph,,,,,Guadalupe Street,4.925119451410051e-05,5.0286633812732576e-05
350,13718698,No,NO,,,FALSE,,,No,2/22/14,C - POSSIBLE INJURY,SATURDAY,30.29331133,"3 - DARK, LIGHTED",-97.74182726,ONE MOTOR VEHICLE - GOING STRAIGHT,ONE VEHICLE LEAVING DRIVEWAY,,CITY STREET,-1,1 - CLEAR,27,0,W - WHITE,1 - MALE,1 - NOT WORN,C - POSSIBLE INJURY,POINT (-97.74182726 30.29331133),152456685,152456687,0,124953118,False,4,Guadalupe Street,primary,127.362,,,30 mph,,,,,Guadalupe Street,4.925119451410051e-05,5.0286633812732576e-05
351,13722441,No,NO,,,TRUE,,,No,2/25/14,B - SUSPECTED MINOR INJURY,TUESDAY,30.29334477,"3 - DARK, LIGHTED",-97.74184246,ONE MOTOR VEHICLE - GOING STRAIGHT,NOT APPLICABLE,,CITY STREET,-1,3 - RAIN,,0,W - WHITE,1 - MALE,1 - NOT WORN,B - SUSPECTED MINOR INJURY,POINT (-97.74184246 30.29334477),152456687,152456685,0,124953118,False,4,Guadalupe Street,primary,127.362,,,30 mph,,,,,Guadalupe Street,4.8037983785192654e-05,5.0286633812732576e-05
352,13722873,No,NO,,,TRUE,,,No,2/26/14,B - SUSPECTED MINOR INJURY,WEDNESDAY,30.26901478,1 - DAYLIGHT,-97.74629246,ONE MOTOR VEHICLE - TURNING RIGHT,ATTENTION DIVERTED FROM DRIVING,,CITY STREET,-1,1 - CLEAR,21,0,W - WHITE,1 - MALE,99 - UNKNOWN IF WORN,B - SUSPECTED MINOR INJURY,POINT (-97.74629246 30.26901478),152456605,2641443828,0,"[130624540, 656122421, 436742886]",True,"['5', '3']",Guadalupe Street,primary,109.087,,,30 mph,,,,,Guadalupe Street,2.854476060787851e-07,5.0286633812732576e-05