,Crash ID,$1000 Damage to Any One Person's Property,Active School Zone Flag,Adjusted Average Daily Traffic Amount,Adjusted Percentage of Average Daily Traffic For Trucks,At Intersection Flag,Average Daily Traffic Amount,Average Daily Traffic Year,Construction Zone Flag,Crash Date,Crash Severity,Day of Week,Latitude,Light Condition,Longitude,Manner of Collision,Other Factor,Percentage of Single Unit Truck Average Daily Traffic,Road Class,Speed Limit,Weather Condition,Person Age,Person Death Count,Person Ethnicity,Person Gender,Person Helmet,Person Injury Severity,geometry,index_right0,index_right1,index_right2,osmid,oneway,lanes,name,highway,length,ref,bridge,maxspeed,access,tunnel,junction,service,names,distance,Crash Rate
353,13722564,No,NO,,,FALSE,,,No,2/27/14,B - SUSPECTED MINOR INJURY,THURSDAY,30.27780209,1 - DAYLIGHT,-97.74304002,ONE MOTOR VEHICLE - GOING STRAIGHT,ATTENTION DIVERTED FROM DRIVING,,CITY STREET,30,1 - CLEAR,24,0,W - WHITE,2 - FEMALE,1 - NOT WORN,B - SUSPECTED MINOR INJURY,POINT (-97.74304002 30.27780209),1626555832,152428308,0,"[800274409, 124953219]",True,4,Guadalupe Street,primary,105.66,,,30 mph,,,,,Guadalupe Street,1.6304337325714002e-06,5.0286633812732576e-05
354,13744212,No,NO,,,FALSE,,,No,3/10/14,B - SUSPECTED MINOR INJURY,MONDAY,30.32909396,1 - DAYLIGHT,-97.72027732,ONE MOTOR VEHICLE - GOING STRAIGHT,NOT APPLICABLE,,CITY STREET,30,1 - CLEAR,14,0,B - BLACK,1 - MALE,99 - UNKNOWN IF WORN,B - SUSPECTED MINOR INJURY,POINT (-97.72027732 30.32909396),152456802,152456806,0,"[764462579, 808717580]",False,2,Guadalupe Street,tertiary,99.923,,,,,,,,Guadalupe Street,2.4696811402370263e-05,5.0286633812732576e-05
355,13813945,No,NO,,,TRUE,,,No,4/23/14,B - SUSPECTED MINOR INJURY,WEDNESDAY,30.30863477,1 - DAYLIGHT,-97.73443246,ONE MOTOR VEHICLE - TURNING LEFT,NOT APPLICABLE,,CITY STREET,35,1 - CLEAR,24,0,W - WHITE,1 - MALE,1 - NOT WORN,B - SUSPECTED MINOR INJURY,POINT (-97.73443246 30.30863477),152456740,152456738,0,764477069,False,4,Guadalupe Street,primary,143.974,,,35 mph,,,,,Guadalupe Street,3.083530576394092e-05,5.0286633812732576e-05
356,13831895,Yes,NO,,,FALSE,,,No,5/9/14,C - POSSIBLE INJURY,FRIDAY,30.29336201,1 - DAYLIGHT,-97.74185142,ONE MOTOR VEHICLE - BACKING,ONE VEHICLE BACKWARD FROM PARKING,,CITY STREET,-1,2 - CLOUDY,26,0,H - HISPANIC,1 - MALE,1 - NOT WORN,C - POSSIBLE INJURY,POINT (-97.74185142 30.29336201),152456687,152456685,0,124953118,False,4,Guadalupe Street,primary,127.362,,,30 mph,,,,,Guadalupe Street,4.8419518520939054e-05,5.0286633812732576e-05
357,13868440,Yes,NO,,,TRUE,,,No,6/4/14,B - SUSPECTED MINOR INJURY,WEDNESDAY,30.31764477,1 - DAYLIGHT,-97.72846246,ONE MOTOR VEHICLE - TURNING RIGHT,NOT APPLICABLE,,CITY STREET,35,1 - CLEAR,41,0,H - HISPANIC,2 - FEMALE,"3 - WORN, NOT DAMAGED",B - SUSPECTED MINOR INJURY,POINT (-97.72846246 30.31764477),152456753,152456761,0,"[124953440, 128928827, 656058571]",False,2,Guadalupe Street,tertiary,617.6049999999999,,,30 mph,,,,,Guadalupe Street,7.52561797409196e-07,5.0286633812732576e-05
358,13891691,No,NO,,,TRUE,,,No,6/8/14,B - SUSPECTED MINOR INJURY,SUNDAY,30.28978477,1 - DAYLIGHT,-97.74140246,ONE MOTOR VEHICLE - TURNING LEFT,NOT APPLICABLE,,CITY STREET,-1,1 - CLEAR,34,0,W - WHITE,2 - FEMALE,99 - UNKNOWN IF WORN,B - SUSPECTED MINOR INJURY,POINT (-97.74140246 30.28978477),152399401,280233425,0,128208741,False,,Guadalupe Street,primary,12.835,,,,,,,,Guadalupe Street,7.97450188749761e-06,5.0286633812732576e-05
359,13891691,No,NO,,,TRUE,,,No,6/8/14,B - SUSPECTED MINOR INJURY,SUNDAY,30.28978477,1 - DAYLIGHT,-97.74140246,ONE MOTOR VEHICLE - TURNING LEFT,NOT APPLICABLE,,CITY STREET,-1,1 - CLEAR,34,0,W - WHITE,2 - FEMALE,99 - UNKNOWN IF WORN,B - SUSPECTED MINOR INJURY,POINT (-97.74140246 30.28978477),280233425,152399401,0,128208741,False,,Guadalupe Street,primary,12.835,,,,,,,,Guadalupe Street,7.97450188749761e-06,5.0286633812732576e-05
360,13983973,Yes,NO,,,TRUE,,,No,7/24/14,B - SUSPECTED MINOR INJURY,THURSDAY,30.29787477,1 - DAYLIGHT,-97.74123246,ONE MOTOR VEHICLE - TURNING LEFT,NOT APPLICABLE,,CITY STREET,35,1 - CLEAR,22,0,A - ASIAN,1 - MALE,1 - NOT WORN,B - SUSPECTED MINOR INJURY,POINT (-97.74123246 30.29787477),152394155,152456696,0,"[130889282, 436614663]",False,5,Guadalupe Street,primary,153.64000000000001,,,35 mph,,,,,Guadalupe Street,7.1412550577584626e-06,5.0286633812732576e-05
361,13950799,No,NO,,,TRUE,,,No,7/30/14,B - SUSPECTED MINOR INJURY,WEDNESDAY,30.29195477,1 - DAYLIGHT,-97.74119246,ONE MOTOR VEHICLE - TURNING RIGHT,ATTENTION DIVERTED FROM DRIVING,,CITY STREET,-1,1 - CLEAR,25,0,W - WHITE,2 - FEMALE,"3 - WORN, NOT DAMAGED",B - SUSPECTED MINOR INJURY,POINT (-97.74119246 30.29195477),152456683,152456679,0,436614664,False,5,Guadalupe Street,primary,39.032,,,35 mph,,,,,Guadalupe Street,4.302551145430433e-06,5.0286633812732576e-05
362,13950799,No,NO,,,TRUE,,,No,7/30/14,B - SUSPECTED MINOR INJURY,WEDNESDAY,30.29195477,1 - DAYLIGHT,-97.74119246,ONE MOTOR VEHICLE - TURNING RIGHT,ATTENTION DIVERTED FROM DRIVING,,CITY STREET,-1,1 - CLEAR,25,0,W - WHITE,2 - FEMALE,"3 - WORN, NOT DAMAGED",B - SUSPECTED MINOR INJURY,POINT (-97.74119246 30.29195477),152456679,152456683,0,436614664,False,5,Guadalupe Street,primary,39.032,,,35 mph,,,,,Guadalupe Street,4.302551145430433e-06,5.0286633812732576e-05
363,13982042,Yes,NO,,,FALSE,,,No,8/19/14,N - NOT INJURED,TUESDAY,30.27993078,1 - DAYLIGHT,-97.74224059,ONE MOTOR VEHICLE - TURNING RIGHT,ATTENTION DIVERTED FROM DRIVING,,CITY STREET,-1,1 - CLEAR,23,0,W - WHITE,1 - MALE,1 - NOT WORN,N - NOT INJURED,POINT (-97.74224059 30.27993078),152456630,152456628,0,387759475,True,2,Guadalupe Street,primary,102.245,,,30 mph,,,,,Guadalupe Street,1.0687598226755216e-05,5.0286633812732576e-05
364,14008063,No,NO,,,TRUE,,,No,9/5/14,B - SUSPECTED MINOR INJURY,FRIDAY,30.28978477,1 - DAYLIGHT,-97.74140246,ONE MOTOR VEHICLE - TURNING RIGHT,NOT APPLICABLE,,CITY STREET,30,1 - CLEAR,20,0,A - ASIAN,1 - MALE,1 - NOT WORN,B - SUSPECTED MINOR INJURY,POINT (-97.74140246 30.28978477),152399401,280233425,0,128208741,False,,Guadalupe Street,primary,12.835,,,,,,,,Guadalupe Street,7.97450188749761e-06,5.0286633812732576e-05
365,14008063,No,NO,,,TRUE,,,No,9/5/14,B - SUSPECTED MINOR INJURY,FRIDAY,30.28978477,1 - DAYLIGHT,-97.74140246,ONE MOTOR VEHICLE - TURNING RIGHT,NOT APPLICABLE,,CITY STREET,30,1 - CLEAR,20,0,A - ASIAN,1 - MALE,1 - NOT WORN,B - SUSPECTED MINOR INJURY,POINT (-97.74140246 30.28978477),280233425,152399401,0,128208741,False,,Guadalupe Street,primary,12.835,,,,,,,,Guadalupe Street,7.97450188749761e-06,5.0286633812732576e-05
366,14056226,Yes,NO,,,TRUE,,,No,9/16/14,B - SUSPECTED MINOR INJURY,TUESDAY,30.30637477,1 - DAYLIGHT,-97.73583246,ONE MOTOR VEHICLE - TURNING LEFT,NOT APPLICABLE,,CITY STREET,35,1 - CLEAR,,0,W - WHITE,2 - FEMALE,1 - NOT WORN,B - SUSPECTED MINOR INJURY,POINT (-97.73583246 30.30637477),152456732,152456735,0,764477069,False,4,Guadalupe Street,primary,142.47400000000002,,,35 mph,,,,,Guadalupe Street,7.3095395338739315e-06,5.0286633812732576e-05
367,14061716,No,NO,,,FALSE,,,No,9/25/14,B - SUSPECTED MINOR INJURY,THURSDAY,30.26888485,1 - DAYLIGHT,-97.74634299,ONE MOTOR VEHICLE - GOING STRAIGHT,ONE VEHICLE LEAVING DRIVEWAY,,CITY STREET,40,1 - CLEAR,28,0,W - WHITE,1 - MALE,99 - UNKNOWN IF WORN,B - SUSPECTED MINOR INJURY,POINT (-97.74634299 30.26888485),152456605,2641443828,0,"[130624540, 656122421, 436742886]",True,"['5', '3']",Guadalupe Street,primary,109.087,,,30 mph,,,,,Guadalupe Street,2.046299715459483e-06,5.0286633812732576e-05
368,14098594,No,NO,,,TRUE,,,No,10/31/14,B - SUSPECTED MINOR INJURY,FRIDAY,30.30274477,1 - DAYLIGHT,-97.73815246,ONE MOTOR VEHICLE - TURNING LEFT,NOT APPLICABLE,,CITY STREET,35,1 - CLEAR,46,0,W - WHITE,1 - MALE,1 - NOT WORN,B - SUSPECTED MINOR INJURY,POINT (-97.73815246 30.30274477),152456724,152456717,0,"[436624096, 204981558]",False,5,Guadalupe Street,primary,97.626,,,35 mph,,,,,Guadalupe Street,3.5044486986495276e-07,5.0286633812732576e-05
369,14127330,Yes,NO,,,FALSE,,,No,10/31/14,B - SUSPECTED MINOR INJURY,FRIDAY,30.30274478,1 - DAYLIGHT,-97.73815246,ONE MOTOR VEHICLE - GOING STRAIGHT,ATTENTION DIVERTED FROM DRIVING,,CITY STREET,35,1 - CLEAR,55,0,W - WHITE,1 - MALE,1 - NOT WORN,B - SUSPECTED MINOR INJURY,POINT (-97.73815246 30.30274478),152456724,152456717,0,"[436624096, 204981558]",False,5,Guadalupe Street,primary,97.626,,,35 mph,,,,,Guadalupe Street,3.557884059036902e-07,5.0286633812732576e-05
370,14142580,No,NO,,,FALSE,,,No,11/24/14,B - SUSPECTED MINOR INJURY,MONDAY,30.27704919,6 - DUSK,-97.74332368,ONE MOTOR VEHICLE - TURNING RIGHT,NOT APPLICABLE,,CITY STREET,-1,1 - CLEAR,23,0,W - WHITE,1 - MALE,1 - NOT WORN,B - SUSPECTED MINOR INJURY,POINT (-97.74332368 30.27704919),1626555832,152428308,0,"[800274409, 124953219]",True,4,Guadalupe Street,primary,105.66,,,30 mph,,,,,Guadalupe Street,6.904317734530254e-06,5.0286633812732576e-05
371,14182027,No,NO,,,TRUE,,,No,11/26/14,B - SUSPECTED MINOR INJURY,WEDNESDAY,30.26716478,1 - DAYLIGHT,-97.74698246,ONE MOTOR VEHICLE - TURNING RIGHT,NOT APPLICABLE,,CITY STREET,35,1 - CLEAR,29,0,W - WHITE,2 - FEMALE,"2 - WORN, DAMAGED",B - SUSPECTED MINOR INJURY,POINT (-97.74698246 30.26716478),280908622,2328939747,0,655283350,True,3,Guadalupe Street,primary,109.20400000000001,,,30 mph,,,,,Guadalupe Street,1.3857300060540777e-06,5.0286633812732576e-05
372,14467010,Yes,NO,,,FALSE,,,No,5/22/15,B - SUSPECTED MINOR INJURY,FRIDAY,30.29601453,1 - DAYLIGHT,-97.74241861,ONE MOTOR VEHICLE - TURNING LEFT,ATTENTION DIVERTED FROM DRIVING,,CITY STREET,35,2 - CLOUDY,48,0,W - WHITE,1 - MALE,99 - UNKNOWN IF WORN,B - SUSPECTED MINOR INJURY,POINT (-97.74241861 30.29601453),152456693,152456689,0,"[152432176, 436614662]",False,5,Guadalupe Street,primary,138.343,,,30 mph,,,,,Guadalupe Street,8.740199318453357e-06,5.0286633812732576e-05
373,14582884,No,NO,,,FALSE,,,No,8/3/15,B - SUSPECTED MINOR INJURY,MONDAY,30.3234181,1 - DAYLIGHT,-97.7238658,ONE MOTOR VEHICLE - TURNING LEFT,ONE VEHICLE ENTERING DRIVEWAY,,CITY STREET,30,1 - CLEAR,23,0,H - HISPANIC,1 - MALE,1 - NOT WORN,B - SUSPECTED MINOR INJURY,POINT (-97.7238658 30.3234181),1778797642,152456783,0,163341006,False,2,Guadalupe Street,tertiary,67.019,,,,,,,,Guadalupe Street,2.9038080550890877e-05,5.0286633812732576e-05
374,14582884,No,NO,,,FALSE,,,No,8/3/15,B - SUSPECTED MINOR INJURY,MONDAY,30.3234181,1 - DAYLIGHT,-97.7238658,ONE MOTOR VEHICLE - TURNING LEFT,ONE VEHICLE ENTERING DRIVEWAY,,CITY STREET,30,1 - CLEAR,23,0,H - HISPANIC,1 - MALE,1 - NOT WORN,B - SUSPECTED MINOR INJURY,POINT (-97.7238658 30.3234181),152456783,1778797642,0,163341006,False,2,Guadalupe Street,tertiary,67.019,,,,,,,,Guadalupe Street,2.9038080550890877e-05,5.0286633812732576e-05
375,14601611,No,NO,,,FALSE,,,No,8/19/15,C - POSSIBLE INJURY,WEDNESDAY,30.29791096,1 - DAYLIGHT,-97.74120985,ONE MOTOR VEHICLE - TURNING RIGHT,NOT APPLICABLE,,CITY STREET,-1,1 - CLEAR,27,0,W - WHITE,1 - MALE,99 - UNKNOWN IF WORN,C - POSSIBLE INJURY,POINT (-97.74120985 30.29791096),152394155,152456699,0,130889282,False,5,Guadalupe Street,primary,47.722,,,35 mph,,,,,Guadalupe Street,6.682403820301094e-06,5.0286633812732576e-05
376,14633387,No,NO,,,TRUE,,,No,9/3/15,C - POSSIBLE INJURY,THURSDAY,30.31764477,1 - DAYLIGHT,-97.72846246,ONE MOTOR VEHICLE - GOING STRAIGHT,ATTENTION DIVERTED FROM DRIVING,,CITY STREET,35,1 - CLEAR,33,0,W - WHITE,1 - MALE,99 - UNKNOWN IF WORN,C - POSSIBLE INJURY,POINT (-97.72846246 30.31764477),152456753,152456761,0,"[124953440, 128928827, 656058571]",False,2,Guadalupe Street,tertiary,617.6049999999999,,,30 mph,,,,,Guadalupe Street,7.52561797409196e-07,5.0286633812732576e-05
377,14675711,No,NO,,,TRUE,,,No,9/3/15,B - SUSPECTED MINOR INJURY,THURSDAY,30.29649477,1 - DAYLIGHT,-97.74211246,ONE MOTOR VEHICLE - GOING STRAIGHT,ATTENTION DIVERTED FROM DRIVING,,CITY STREET,-1,1 - CLEAR,22,0,H - HISPANIC,1 - MALE,99 - UNKNOWN IF WORN,B - SUSPECTED MINOR INJURY,POINT (-97.74211246 30.29649477),152456689,152456693,0,"[152432176, 436614662]",False,5,Guadalupe Street,primary,138.343,,,30 mph,,,,,Guadalupe Street,6.285823475742989e-06,5.0286633812732576e-05
378,14675711,No,NO,,,TRUE,,,No,9/3/15,B - SUSPECTED MINOR INJURY,THURSDAY,30.29649477,1 - DAYLIGHT,-97.74211246,ONE MOTOR VEHICLE - GOING STRAIGHT,ATTENTION DIVERTED FROM DRIVING,,CITY STREET,-1,1 - CLEAR,22,0,H - HISPANIC,1 - MALE,99 - UNKNOWN IF WORN,B - SUSPECTED MINOR INJURY,POINT (-97.74211246 30.29649477),152456693,152456689,0,"[152432176, 436614662]",False,5,Guadalupe Street,primary,138.343,,,30 mph,,,,,Guadalupe Street,6.285823475742989e-06,5.0286633812732576e-05
379,14653110,Yes,NO,,,TRUE,,,No,9/16/15,C - POSSIBLE INJURY,WEDNESDAY,30.26716478,1 - DAYLIGHT,-97.74698246,ONE MOTOR VEHICLE - TURNING RIGHT,NOT APPLICABLE,,CITY STREET,30,2 - CLOUDY,27,0,W - WHITE,2 - FEMALE,1 - NOT WORN,C - POSSIBLE INJURY,POINT (-97.74698246 30.26716478),280908622,2328939747,0,655283350,True,3,Guadalupe Street,primary,109.20400000000001,,,30 mph,,,,,Guadalupe Street,1.3857300060540777e-06,5.0286633812732576e-05
380,14650958,No,NO,,,TRUE,,,No,9/18/15,C - POSSIBLE INJURY,FRIDAY,30.29420477,"3 - DARK, LIGHTED",-97.74228246,ONE MOTOR VEHICLE - TURNING LEFT,ATTENTION DIVERTED FROM DRIVING,,CITY STREET,35,1 - CLEAR,22,0,A - ASIAN,2 - FEMALE,"2 - WORN, DAMAGED",C - POSSIBLE INJURY,POINT (-97.74228246 30.29420477),152456687,152456685,0,124953118,False,4,Guadalupe Street,primary,127.362,,,30 mph,,,,,Guadalupe Street,6.080268105363192e-05,5.0286633812732576e-05
381,14650958,No,NO,,,TRUE,,,No,9/18/15,C - POSSIBLE INJURY,FRIDAY,30.29420477,"3 - DARK, LIGHTED",-97.74228246,ONE MOTOR VEHICLE - TURNING LEFT,ATTENTION DIVERTED FROM DRIVING,,CITY STREET,35,1 - CLEAR,22,0,A - ASIAN,2 - FEMALE,"2 - WORN, DAMAGED",C - POSSIBLE INJURY,POINT (-97.74228246 30.29420477),152456685,152456687,0,124953118,False,4,Guadalupe Street,primary,127.362,,,30 mph,,,,,Guadalupe Street,6.080268105363192e-05,5.0286633812732576e-05
382,14665702,No,NO,,,TRUE,,,No,9/28/15,B - SUSPECTED MINOR INJURY,MONDAY,30.28497478,1 - DAYLIGHT,-97.74181246,ONE MOTOR VEHICLE - TURNING RIGHT,NOT APPLICABLE,,CITY STREET,30,1 - CLEAR,20,0,A - ASIAN,1 - MALE,1 - NOT WORN,B - SUSPECTED MINOR INJURY,POINT (-97.74181246 30.28497478),152456645,152456647,0,124953117,False,4,Guadalupe Street,primary,132.289,,,30 mph,,,,,Guadalupe Street,9.201441232055457e-06,5.0286633812732576e-05
383,14714881,No,NO,,,TRUE,,,No,10/9/15,B - SUSPECTED MINOR INJURY,FRIDAY,30.27367478,1 - DAYLIGHT,-97.74456246,ONE MOTOR VEHICLE - TURNING RIGHT,NOT APPLICABLE,,CITY STREET,30,1 - CLEAR,23,0,W - WHITE,2 - FEMALE,99 - UNKNOWN IF WORN,B - SUSPECTED MINOR INJURY,POINT (-97.74456246 30.27367478),152456616,152456613,0,"[1049231853, 1049231854]",True,4,Guadalupe Street,primary,109.451,,,30 mph,,,,,Guadalupe Street,1.2754119072122744e-05,5.0286633812732576e-05
384,14706345,No,NO,,,TRUE,,,No,10/16/15,B - SUSPECTED MINOR INJURY,FRIDAY,30.30274477,1 - DAYLIGHT,-97.73815246,ONE MOTOR VEHICLE - TURNING LEFT,NOT APPLICABLE,,CITY STREET,-1,1 - CLEAR,26,0,W - WHITE,1 - MALE,1 - NOT WORN,B - SUSPECTED MINOR INJURY,POINT (-97.73815246 30.30274477),152456724,152456717,0,"[436624096, 204981558]",False,5,Guadalupe Street,primary,97.626,,,35 mph,,,,,Guadalupe Street,3.5044486986495276e-07,5.0286633812732576e-05
385,14875535,No,NO,,,TRUE,,,No,1/20/16,B - SUSPECTED MINOR INJURY,WEDNESDAY,30.30274477,1 - DAYLIGHT,-97.73815246,ONE MOTOR VEHICLE - TURNING LEFT,NOT APPLICABLE,,CITY STREET,40,1 - CLEAR,18,0,W - WHITE,1 - MALE,1 - NOT WORN,B - SUSPECTED MINOR INJURY,POINT (-97.73815246 30.30274477),152456724,152456717,0,"[436624096, 204981558]",False,5,Guadalupe Street,primary,97.626,,,35 mph,,,,,Guadalupe Street,3.5044486986495276e-07,5.0286633812732576e-05
386,14970523,Yes,NO,,,FALSE,,,No,3/1/16,B - SUSPECTED MINOR INJURY,TUESDAY,30.2903565,1 - DAYLIGHT,-97.74134929,ONE MOTOR VEHICLE - GOING STRAIGHT,NOT APPLICABLE,,CITY STREET,35,1 - CLEAR,19,0,W - WHITE,1 - MALE,1 - NOT WORN,B - SUSPECTED MINOR INJURY,POINT (-97.74134929 30.2903565),152456671,152399401,0,"[126307536, 436614661]",False,5,Guadalupe Street,primary,63.45099999999999,,,30 mph,,,,,Guadalupe Street,7.57688293508089e-08,5.0286633812732576e-05
387,14998088,No,NO,,,TRUE,,,No,3/22/16,C - POSSIBLE INJURY,TUESDAY,30.26901478,"2 - DARK, NOT LIGHTED",-97.74629246,ONE MOTOR VEHICLE - TURNING RIGHT,NOT APPLICABLE,,CITY STREET,30,1 - CLEAR,22,0,W - WHITE,1 - MALE,"3 - WORN, NOT DAMAGED",C - POSSIBLE INJURY,POINT (-97.74629246 30.26901478),152456605,2641443828,0,"[130624540, 656122421, 436742886]",True,"['5', '3']",Guadalupe Street,primary,109.087,,,30 mph,,,,,Guadalupe Street,2.854476060787851e-07,5.0286633812732576e-05
388,14987617,Yes,NO,,,TRUE,,,No,3/24/16,B - SUSPECTED MINOR INJURY,THURSDAY,30.28497478,1 - DAYLIGHT,-97.74181246,ONE MOTOR VEHICLE - TURNING RIGHT,NOT APPLICABLE,,CITY STREET,30,1 - CLEAR,18,0,W - WHITE,1 - MALE,1 - NOT WORN,B - SUSPECTED MINOR INJURY,POINT (-97.74181246 30.28497478),152456645,152456647,0,124953117,False,4,Guadalupe Street,primary,132.289,,,30 mph,,,,,Guadalupe Street,9.201441232055457e-06,5.0286633812732576e-05
389,14998058,No,NO,,,FALSE,,,No,3/25/16,C - POSSIBLE INJURY,FRIDAY,30.27347863,1 - DAYLIGHT,-97.74463379,ONE MOTOR VEHICLE - TURNING RIGHT,ONE VEHICLE ENTERING DRIVEWAY,,CITY STREET,30,1 - CLEAR,40,0,W - WHITE,1 - MALE,1 - NOT WORN,C - POSSIBLE INJURY,POINT (-97.74463379 30.27347863),152456616,152456613,0,"[1049231853, 1049231854]",True,4,Guadalupe Street,primary,109.451,,,30 mph,,,,,Guadalupe Street,1.0830259363709562e-05,5.0286633812732576e-05
390,15025000,No,NO,,,TRUE,,,No,4/8/16,B - SUSPECTED MINOR INJURY,FRIDAY,30.29420477,1 - DAYLIGHT,-97.74228246,ONE MOTOR VEHICLE - TURNING LEFT,NOT APPLICABLE,,CITY STREET,35,1 - CLEAR,28,0,W - WHITE,1 - MALE,"2 - WORN, DAMAGED",B - SUSPECTED MINOR INJURY,POINT (-97.74228246 30.29420477),152456687,152456685,0,124953118,False,4,Guadalupe Street,primary,127.362,,,30 mph,,,,,Guadalupe Street,6.080268105363192e-05,5.0286633812732576e-05
391,15025000,No,NO,,,TRUE,,,No,4/8/16,B - SUSPECTED MINOR INJURY,FRIDAY,30.29420477,1 - DAYLIGHT,-97.74228246,ONE MOTOR VEHICLE - TURNING LEFT,NOT APPLICABLE,,CITY STREET,35,1 - CLEAR,28,0,W - WHITE,1 - MALE,"2 - WORN, DAMAGED",B - SUSPECTED MINOR INJURY,POINT (-97.74228246 30.29420477),152456685,152456687,0,124953118,False,4,Guadalupe Street,primary,127.362,,,30 mph,,,,,Guadalupe Street,6.080268105363192e-05,5.0286633812732576e-05
392,15049990,No,NO,,,TRUE,,,No,4/22/16,B - SUSPECTED MINOR INJURY,FRIDAY,30.26812478,1 - DAYLIGHT,-97.74663246,ONE MOTOR VEHICLE - GOING STRAIGHT,NOT APPLICABLE,,CITY STREET,35,1 - CLEAR,23,0,W - WHITE,1 - MALE,1 - NOT WORN,B - SUSPECTED MINOR INJURY,POINT (-97.74663246 30.26812478),152456605,2641443828,0,"[130624540, 656122421, 436742886]",True,"['5', '3']",Guadalupe Street,primary,109.087,,,30 mph,,,,,Guadalupe Street,6.831815048180789e-06,5.0286633812732576e-05
393,15162136,Yes,NO,,,FALSE,,,No,6/9/16,B - SUSPECTED MINOR INJURY,THURSDAY,30.30298425,1 - DAYLIGHT,-97.73799796,ONE MOTOR VEHICLE - GOING STRAIGHT,NOT APPLICABLE,,CITY STREET,35,1 - CLEAR,38,0,W - WHITE,1 - MALE,"3 - WORN, NOT DAMAGED",B - SUSPECTED MINOR INJURY,POINT (-97.73799796 30.30298425),152456724,152456729,0,"[130889281, 436624093]",False,5,Guadalupe Street,primary,94.65899999999999,,,35 mph,,,,,Guadalupe Street,3.661148178455514e-06,5.0286633812732576e-05
394,15202119,No,NO,19886,1.8,TRUE,19886,2019,No,7/8/16,A - SUSPECTED SERIOUS INJURY,FRIDAY,30.32351352,1 - DAYLIGHT,-97.72379779,ONE MOTOR VEHICLE - GOING STRAIGHT,NOT APPLICABLE,1.6,US & STATE HIGHWAYS,35,1 - CLEAR,35,0,W - WHITE,2 - FEMALE,1 - NOT WORN,A - SUSPECTED SERIOUS INJURY,POINT (-97.72379779 30.32351352),1778797642,152456786,0,163341006,False,2,Guadalupe Street,tertiary,12.491,,,,,,,,Guadalupe Street,3.495696774462865e-05,5.0286633812732576e-05
395,15202119,No,NO,19886,1.8,TRUE,19886,2019,No,7/8/16,A - SUSPECTED SERIOUS INJURY,FRIDAY,30.32351352,1 - DAYLIGHT,-97.72379779,ONE MOTOR VEHICLE - GOING STRAIGHT,NOT APPLICABLE,1.6,US & STATE HIGHWAYS,35,1 - CLEAR,35,0,W - WHITE,2 - FEMALE,1 - NOT WORN,A - SUSPECTED SERIOUS INJURY,POINT (-97.72379779 30.32351352),152456786,1778797642,0,163341006,False,2,Guadalupe Street,tertiary,12.491,,,,,,,,Guadalupe Street,3.495696774462865e-05,5.0286633812732576e-05
396,15217462,Yes,NO,,,TRUE,,,No,7/19/16,B - SUSPECTED MINOR INJURY,TUESDAY,30.28497478,1 - DAYLIGHT,-97.74181246,ONE MOTOR VEHICLE - TURNING RIGHT,NOT APPLICABLE,,CITY STREET,30,1 - CLEAR,20,0,H - HISPANIC,1 - MALE,1 - NOT WORN,B - SUSPECTED MINOR INJURY,POINT (-97.74181246 30.28497478),152456645,152456647,0,124953117,False,4,Guadalupe Street,primary,132.289,,,30 mph,,,,,Guadalupe Street,9.201441232055457e-06,5.0286633812732576e-05
397,15331291,Yes,NO,,,TRUE,,,No,9/20/16,B - SUSPECTED MINOR INJURY,TUESDAY,30.26716478,1 - DAYLIGHT,-97.74698246,ONE MOTOR VEHICLE - TURNING RIGHT,NOT APPLICABLE,,CITY STREET,30,1 - CLEAR,30,0,W - WHITE,1 - MALE,1 - NOT WORN,B - SUSPECTED MINOR INJURY,POINT (-97.74698246 30.26716478),280908622,2328939747,0,655283350,True,3,Guadalupe Street,primary,109.20400000000001,,,30 mph,,,,,Guadalupe Street,1.3857300060540777e-06,5.0286633812732576e-05
398,15332545,No,NO,,,TRUE,,,No,9/21/16,B - SUSPECTED MINOR INJURY,WEDNESDAY,30.29787477,1 - DAYLIGHT,-97.74123246,ONE MOTOR VEHICLE - TURNING LEFT,NOT APPLICABLE,,CITY STREET,30,1 - CLEAR,26,0,W - WHITE,1 - MALE,"3 - WORN, NOT DAMAGED",B - SUSPECTED MINOR INJURY,POINT (-97.74123246 30.29787477),152394155,152456696,0,"[130889282, 436614663]",False,5,Guadalupe Street,primary,153.64000000000001,,,35 mph,,,,,Guadalupe Street,7.1412550577584626e-06,5.0286633812732576e-05
399,15344807,No,NO,,,FALSE,,,No,9/23/16,C - POSSIBLE INJURY,FRIDAY,30.27372697,"4 - DARK, UNKNOWN LIGHTING",-97.74454304,ONE MOTOR VEHICLE - GOING STRAIGHT,NOT APPLICABLE,,CITY STREET,40,99 - UNKNOWN,27,0,W - WHITE,1 - MALE,99 - UNKNOWN IF WORN,C - POSSIBLE INJURY,POINT (-97.74454304 30.27372697),1626559341,152456616,0,1036272812,True,4,Guadalupe Street,primary,127.958,,,30 mph,,,,,Guadalupe Street,1.2088586296760617e-05,5.0286633812732576e-05
400,15348422,No,NO,,,TRUE,,,No,9/29/16,B - SUSPECTED MINOR INJURY,THURSDAY,30.26527478,1 - DAYLIGHT,-97.74768246,ONE MOTOR VEHICLE - TURNING LEFT,NOT APPLICABLE,,CITY STREET,35,1 - CLEAR,30,0,W - WHITE,1 - MALE,1 - NOT WORN,B - SUSPECTED MINOR INJURY,POINT (-97.74768246 30.26527478),152442422,152456593,0,"[311608419, 436615692]",True,"['3', '4']",Guadalupe Street,primary,109.43900000000001,,,30 mph,,,,,Guadalupe Street,3.9071049190322575e-06,5.0286633812732576e-05