,Crash ID,$1000 Damage to Any One Person's Property,Active School Zone Flag,Adjusted Average Daily Traffic Amount,Adjusted Percentage of Average Daily Traffic For Trucks,At Intersection Flag,Average Daily Traffic Amount,Average Daily Traffic Year,Construction Zone Flag,Crash Date,Crash Severity,Day of Week,Latitude,Light Condition,Longitude,Manner of Collision,Other Factor,Percentage of Single Unit Truck Average Daily Traffic,Road Class,Speed Limit,Weather Condition,Person Age,Person Death Count,Person Ethnicity,Person Gender,Person Helmet,Person Injury Severity,geometry,index_right0,index_right1,index_right2,osmid,oneway,lanes,name,highway,length,ref,bridge,maxspeed,access,tunnel,junction,service,names,distance,Crash Rate
401,15381571,Yes,NO,,,TRUE,,,No,10/4/16,C - POSSIBLE INJURY,TUESDAY,30.26901478,1 - DAYLIGHT,-97.74629246,ONE MOTOR VEHICLE - TURNING RIGHT,NOT APPLICABLE,,CITY STREET,-1,1 - CLEAR,34,0,98 - OTHER,1 - MALE,"3 - WORN, NOT DAMAGED",C - POSSIBLE INJURY,POINT (-97.74629246 30.26901478),152456605,2641443828,0,"[130624540, 656122421, 436742886]",True,"['5', '3']",Guadalupe Street,primary,109.087,,,30 mph,,,,,Guadalupe Street,2.854476060787851e-07,5.0286633812732576e-05
402,15372327,No,NO,,,FALSE,,,No,10/12/16,B - SUSPECTED MINOR INJURY,WEDNESDAY,30.29457688,1 - DAYLIGHT,-97.74246398,ONE MOTOR VEHICLE - GOING STRAIGHT,VEHICLE CHANGING LANES,,CITY STREET,30,1 - CLEAR,33,0,H - HISPANIC,1 - MALE,"2 - WORN, DAMAGED",B - SUSPECTED MINOR INJURY,POINT (-97.74246398 30.29457688),152393455,152456687,0,124953118,False,4,Guadalupe Street,primary,54.184,,,30 mph,,,,,Guadalupe Street,3.1506157708485864e-05,5.0286633812732576e-05
403,15372341,No,NO,,,TRUE,,,No,10/12/16,C - POSSIBLE INJURY,WEDNESDAY,30.29042477,1 - DAYLIGHT,-97.74134246,ONE MOTOR VEHICLE - GOING STRAIGHT,NOT APPLICABLE,,CITY STREET,-1,1 - CLEAR,21,0,W - WHITE,2 - FEMALE,1 - NOT WORN,C - POSSIBLE INJURY,POINT (-97.74134246 30.29042477),152456671,152399401,0,"[126307536, 436614661]",False,5,Guadalupe Street,primary,63.45099999999999,,,30 mph,,,,,Guadalupe Street,4.194014944580594e-07,5.0286633812732576e-05
404,15372341,No,NO,,,TRUE,,,No,10/12/16,C - POSSIBLE INJURY,WEDNESDAY,30.29042477,1 - DAYLIGHT,-97.74134246,ONE MOTOR VEHICLE - GOING STRAIGHT,NOT APPLICABLE,,CITY STREET,-1,1 - CLEAR,21,0,W - WHITE,2 - FEMALE,1 - NOT WORN,C - POSSIBLE INJURY,POINT (-97.74134246 30.29042477),152399401,152456671,0,"[126307536, 436614661]",False,5,Guadalupe Street,primary,63.45099999999999,,,30 mph,,,,,Guadalupe Street,4.194014944580594e-07,5.0286633812732576e-05
405,15471017,No,NO,,,TRUE,,,No,12/3/16,B - SUSPECTED MINOR INJURY,SATURDAY,30.30863477,"2 - DARK, NOT LIGHTED",-97.73443246,ONE MOTOR VEHICLE - GOING STRAIGHT,NOT APPLICABLE,,CITY STREET,35,3 - RAIN,21,0,B - BLACK,2 - FEMALE,1 - NOT WORN,B - SUSPECTED MINOR INJURY,POINT (-97.73443246 30.30863477),152456740,152456738,0,764477069,False,4,Guadalupe Street,primary,143.974,,,35 mph,,,,,Guadalupe Street,3.083530576394092e-05,5.0286633812732576e-05
406,15540820,Yes,NO,,,TRUE,,,No,1/13/17,B - SUSPECTED MINOR INJURY,FRIDAY,30.29787477,1 - DAYLIGHT,-97.74123246,ONE MOTOR VEHICLE - TURNING RIGHT,NOT APPLICABLE,,CITY STREET,30,1 - CLEAR,27,0,,1 - MALE,1 - NOT WORN,B - SUSPECTED MINOR INJURY,POINT (-97.74123246 30.29787477),152394155,152456696,0,"[130889282, 436614663]",False,5,Guadalupe Street,primary,153.64000000000001,,,35 mph,,,,,Guadalupe Street,7.1412550577584626e-06,5.0286633812732576e-05
407,15556906,No,NO,,,TRUE,,,No,1/22/17,C - POSSIBLE INJURY,SUNDAY,30.26901478,1 - DAYLIGHT,-97.74629246,ONE MOTOR VEHICLE - TURNING RIGHT,NOT APPLICABLE,,CITY STREET,35,1 - CLEAR,27,0,98 - OTHER,1 - MALE,1 - NOT WORN,C - POSSIBLE INJURY,POINT (-97.74629246 30.26901478),152456605,2641443828,0,"[130624540, 656122421, 436742886]",True,"['5', '3']",Guadalupe Street,primary,109.087,,,30 mph,,,,,Guadalupe Street,2.854476060787851e-07,5.0286633812732576e-05
408,15559034,No,NO,,,TRUE,,,No,1/27/17,B - SUSPECTED MINOR INJURY,FRIDAY,30.28497478,1 - DAYLIGHT,-97.74181246,ONE MOTOR VEHICLE - TURNING RIGHT,ATTENTION DIVERTED FROM DRIVING,,CITY STREET,35,1 - CLEAR,26,0,W - WHITE,2 - FEMALE,"2 - WORN, DAMAGED",B - SUSPECTED MINOR INJURY,POINT (-97.74181246 30.28497478),152456645,152456647,0,124953117,False,4,Guadalupe Street,primary,132.289,,,30 mph,,,,,Guadalupe Street,9.201441232055457e-06,5.0286633812732576e-05
409,15688553,No,NO,,,TRUE,,,No,4/6/17,N - NOT INJURED,THURSDAY,30.31084477,1 - DAYLIGHT,-97.73298246,ONE MOTOR VEHICLE - TURNING RIGHT,SWERVED OR VEERED-REASON NOT SPECIFIED,,CITY STREET,-1,1 - CLEAR,27,0,W - WHITE,1 - MALE,"2 - WORN, DAMAGED",99 - UNKNOWN,POINT (-97.73298246 30.31084477),1541584129,152456575,0,"[906203360, 436634355]",False,5,Guadalupe Street,primary,56.968,,,35 mph,,,,,Guadalupe Street,2.1439191675943657e-06,5.0286633812732576e-05
410,15688553,No,NO,,,TRUE,,,No,4/6/17,N - NOT INJURED,THURSDAY,30.31084477,1 - DAYLIGHT,-97.73298246,ONE MOTOR VEHICLE - TURNING RIGHT,SWERVED OR VEERED-REASON NOT SPECIFIED,,CITY STREET,-1,1 - CLEAR,27,0,W - WHITE,1 - MALE,"2 - WORN, DAMAGED",99 - UNKNOWN,POINT (-97.73298246 30.31084477),152456575,1541584129,0,"[906203360, 436634355]",False,5,Guadalupe Street,primary,56.968,,,35 mph,,,,,Guadalupe Street,2.1439191675943657e-06,5.0286633812732576e-05
411,15751012,No,NO,,,TRUE,,,No,5/9/17,B - SUSPECTED MINOR INJURY,TUESDAY,30.26901478,1 - DAYLIGHT,-97.74629246,ONE MOTOR VEHICLE - GOING STRAIGHT,ATTENTION DIVERTED FROM DRIVING,,CITY STREET,35,3 - RAIN,25,0,W - WHITE,1 - MALE,"3 - WORN, NOT DAMAGED",B - SUSPECTED MINOR INJURY,POINT (-97.74629246 30.26901478),152456605,2641443828,0,"[130624540, 656122421, 436742886]",True,"['5', '3']",Guadalupe Street,primary,109.087,,,30 mph,,,,,Guadalupe Street,2.854476060787851e-07,5.0286633812732576e-05
412,15787143,No,NO,,,TRUE,,,No,5/24/17,C - POSSIBLE INJURY,WEDNESDAY,30.29649477,1 - DAYLIGHT,-97.74211246,ONE MOTOR VEHICLE - TURNING RIGHT,ATTENTION DIVERTED FROM DRIVING,,CITY STREET,45,1 - CLEAR,45,0,W - WHITE,1 - MALE,"3 - WORN, NOT DAMAGED",C - POSSIBLE INJURY,POINT (-97.74211246 30.29649477),152456689,152456693,0,"[152432176, 436614662]",False,5,Guadalupe Street,primary,138.343,,,30 mph,,,,,Guadalupe Street,6.285823475742989e-06,5.0286633812732576e-05
413,15787143,No,NO,,,TRUE,,,No,5/24/17,C - POSSIBLE INJURY,WEDNESDAY,30.29649477,1 - DAYLIGHT,-97.74211246,ONE MOTOR VEHICLE - TURNING RIGHT,ATTENTION DIVERTED FROM DRIVING,,CITY STREET,45,1 - CLEAR,45,0,W - WHITE,1 - MALE,"3 - WORN, NOT DAMAGED",C - POSSIBLE INJURY,POINT (-97.74211246 30.29649477),152456693,152456689,0,"[152432176, 436614662]",False,5,Guadalupe Street,primary,138.343,,,30 mph,,,,,Guadalupe Street,6.285823475742989e-06,5.0286633812732576e-05
414,15908345,No,NO,,,FALSE,,,No,8/10/17,B - SUSPECTED MINOR INJURY,THURSDAY,30.3026253,1 - DAYLIGHT,-97.73823026,ONE MOTOR VEHICLE - TURNING RIGHT,ONE VEHICLE ENTERING DRIVEWAY,,CITY STREET,35,2 - CLOUDY,21,0,W - WHITE,1 - MALE,1 - NOT WORN,B - SUSPECTED MINOR INJURY,POINT (-97.73823026 30.3026253),152456724,152456717,0,"[436624096, 204981558]",False,5,Guadalupe Street,primary,97.626,,,35 mph,,,,,Guadalupe Street,2.2725361958143146e-06,5.0286633812732576e-05
415,15929475,Yes,NO,,,FALSE,,,No,8/18/17,B - SUSPECTED MINOR INJURY,FRIDAY,30.27701003,1 - DAYLIGHT,-97.74333822,ONE MOTOR VEHICLE - GOING STRAIGHT,NOT APPLICABLE,,CITY STREET,-1,1 - CLEAR,29,0,H - HISPANIC,1 - MALE,1 - NOT WORN,B - SUSPECTED MINOR INJURY,POINT (-97.74333822 30.27701003),1626555832,152428308,0,"[800274409, 124953219]",True,4,Guadalupe Street,primary,105.66,,,30 mph,,,,,Guadalupe Street,6.981664076492619e-06,5.0286633812732576e-05
416,15948415,No,NO,,,FALSE,,,No,9/4/17,B - SUSPECTED MINOR INJURY,MONDAY,30.30137419,1 - DAYLIGHT,-97.73902785,ONE MOTOR VEHICLE - GOING STRAIGHT,NOT APPLICABLE,,CITY STREET,35,1 - CLEAR,32,0,W - WHITE,2 - FEMALE,1 - NOT WORN,B - SUSPECTED MINOR INJURY,POINT (-97.73902785 30.30137419),152456714,152456711,0,204981558,False,5,Guadalupe Street,primary,39.787,,,35 mph,,,,,Guadalupe Street,1.3662973244579524e-05,5.0286633812732576e-05
417,16027051,No,NO,,,FALSE,,,No,10/16/17,B - SUSPECTED MINOR INJURY,MONDAY,30.29602477,1 - DAYLIGHT,-97.74241246,ONE MOTOR VEHICLE - TURNING RIGHT,ONE VEHICLE ENTERING DRIVEWAY,,CITY STREET,35,1 - CLEAR,37,0,W - WHITE,2 - FEMALE,"4 - WORN, UNK DAMAGE",B - SUSPECTED MINOR INJURY,POINT (-97.74241246 30.29602477),152456689,152456693,0,"[152432176, 436614662]",False,5,Guadalupe Street,primary,138.343,,,30 mph,,,,,Guadalupe Street,8.387848981813175e-06,5.0286633812732576e-05
418,16027051,No,NO,,,FALSE,,,No,10/16/17,B - SUSPECTED MINOR INJURY,MONDAY,30.29602477,1 - DAYLIGHT,-97.74241246,ONE MOTOR VEHICLE - TURNING RIGHT,ONE VEHICLE ENTERING DRIVEWAY,,CITY STREET,35,1 - CLEAR,37,0,W - WHITE,2 - FEMALE,"4 - WORN, UNK DAMAGE",B - SUSPECTED MINOR INJURY,POINT (-97.74241246 30.29602477),152456693,152456689,0,"[152432176, 436614662]",False,5,Guadalupe Street,primary,138.343,,,30 mph,,,,,Guadalupe Street,8.387848981813175e-06,5.0286633812732576e-05
419,16042650,No,NO,,,FALSE,,,No,10/24/17,B - SUSPECTED MINOR INJURY,TUESDAY,30.28782184,1 - DAYLIGHT,-97.74157246,ONE MOTOR VEHICLE - GOING STRAIGHT,NOT APPLICABLE,,CITY STREET,30,1 - CLEAR,24,0,W - WHITE,1 - MALE,"4 - WORN, UNK DAMAGE",B - SUSPECTED MINOR INJURY,POINT (-97.74157246 30.28782184),152456663,152456658,0,"[391685208, 124953218, 436614660]",False,5,Guadalupe Street,primary,122.175,,,30 mph,,,,,Guadalupe Street,5.01738819839681e-06,5.0286633812732576e-05
420,16042650,No,NO,,,FALSE,,,No,10/24/17,B - SUSPECTED MINOR INJURY,TUESDAY,30.28782184,1 - DAYLIGHT,-97.74157246,ONE MOTOR VEHICLE - GOING STRAIGHT,NOT APPLICABLE,,CITY STREET,30,1 - CLEAR,24,0,W - WHITE,1 - MALE,"4 - WORN, UNK DAMAGE",B - SUSPECTED MINOR INJURY,POINT (-97.74157246 30.28782184),152456658,152456663,0,"[391685208, 124953218, 436614660]",False,5,Guadalupe Street,primary,122.17500000000001,,,30 mph,,,,,Guadalupe Street,5.01738819839681e-06,5.0286633812732576e-05
421,16257975,No,NO,,,TRUE,,,No,2/16/18,B - SUSPECTED MINOR INJURY,FRIDAY,30.31084477,"3 - DARK, LIGHTED",-97.73298246,ONE MOTOR VEHICLE - TURNING LEFT,NOT APPLICABLE,,CITY STREET,-1,1 - CLEAR,32,0,W - WHITE,2 - FEMALE,"4 - WORN, UNK DAMAGE",B - SUSPECTED MINOR INJURY,POINT (-97.73298246 30.31084477),1541584129,152456575,0,"[906203360, 436634355]",False,5,Guadalupe Street,primary,56.968,,,35 mph,,,,,Guadalupe Street,2.1439191675943657e-06,5.0286633812732576e-05
422,16257975,No,NO,,,TRUE,,,No,2/16/18,B - SUSPECTED MINOR INJURY,FRIDAY,30.31084477,"3 - DARK, LIGHTED",-97.73298246,ONE MOTOR VEHICLE - TURNING LEFT,NOT APPLICABLE,,CITY STREET,-1,1 - CLEAR,32,0,W - WHITE,2 - FEMALE,"4 - WORN, UNK DAMAGE",B - SUSPECTED MINOR INJURY,POINT (-97.73298246 30.31084477),152456575,1541584129,0,"[906203360, 436634355]",False,5,Guadalupe Street,primary,56.968,,,35 mph,,,,,Guadalupe Street,2.1439191675943657e-06,5.0286633812732576e-05
423,16321367,No,NO,,,TRUE,,,No,3/26/18,B - SUSPECTED MINOR INJURY,MONDAY,30.28978477,1 - DAYLIGHT,-97.74140246,ONE MOTOR VEHICLE - TURNING LEFT,NOT APPLICABLE,,CITY STREET,30,1 - CLEAR,18,0,A - ASIAN,1 - MALE,1 - NOT WORN,B - SUSPECTED MINOR INJURY,POINT (-97.74140246 30.28978477),152399401,280233425,0,128208741,False,,Guadalupe Street,primary,12.835,,,,,,,,Guadalupe Street,7.97450188749761e-06,5.0286633812732576e-05
424,16321367,No,NO,,,TRUE,,,No,3/26/18,B - SUSPECTED MINOR INJURY,MONDAY,30.28978477,1 - DAYLIGHT,-97.74140246,ONE MOTOR VEHICLE - TURNING LEFT,NOT APPLICABLE,,CITY STREET,30,1 - CLEAR,18,0,A - ASIAN,1 - MALE,1 - NOT WORN,B - SUSPECTED MINOR INJURY,POINT (-97.74140246 30.28978477),280233425,152399401,0,128208741,False,,Guadalupe Street,primary,12.835,,,,,,,,Guadalupe Street,7.97450188749761e-06,5.0286633812732576e-05
425,16327591,Yes,NO,,,TRUE,,,No,3/29/18,B - SUSPECTED MINOR INJURY,THURSDAY,30.28978477,1 - DAYLIGHT,-97.74140246,ONE MOTOR VEHICLE - TURNING RIGHT,ATTENTION DIVERTED FROM DRIVING,,CITY STREET,-1,1 - CLEAR,24,0,W - WHITE,1 - MALE,1 - NOT WORN,B - SUSPECTED MINOR INJURY,POINT (-97.74140246 30.28978477),152399401,280233425,0,128208741,False,,Guadalupe Street,primary,12.835,,,,,,,,Guadalupe Street,7.97450188749761e-06,5.0286633812732576e-05
426,16327591,Yes,NO,,,TRUE,,,No,3/29/18,B - SUSPECTED MINOR INJURY,THURSDAY,30.28978477,1 - DAYLIGHT,-97.74140246,ONE MOTOR VEHICLE - TURNING RIGHT,ATTENTION DIVERTED FROM DRIVING,,CITY STREET,-1,1 - CLEAR,24,0,W - WHITE,1 - MALE,1 - NOT WORN,B - SUSPECTED MINOR INJURY,POINT (-97.74140246 30.28978477),280233425,152399401,0,128208741,False,,Guadalupe Street,primary,12.835,,,,,,,,Guadalupe Street,7.97450188749761e-06,5.0286633812732576e-05
427,16400554,Yes,NO,,,FALSE,,,No,5/9/18,B - SUSPECTED MINOR INJURY,WEDNESDAY,30.30121478,1 - DAYLIGHT,-97.73913246,ONE MOTOR VEHICLE - GOING STRAIGHT,NOT APPLICABLE,,CITY STREET,-1,1 - CLEAR,29,0,W - WHITE,2 - FEMALE,"3 - WORN, NOT DAMAGED",B - SUSPECTED MINOR INJURY,POINT (-97.73913246 30.30121478),152456711,1750540687,0,204981558,False,5,Guadalupe Street,primary,12.502,,,35 mph,,,,,Guadalupe Street,1.9515091826272127e-05,5.0286633812732576e-05
428,16400554,Yes,NO,,,FALSE,,,No,5/9/18,B - SUSPECTED MINOR INJURY,WEDNESDAY,30.30121478,1 - DAYLIGHT,-97.73913246,ONE MOTOR VEHICLE - GOING STRAIGHT,NOT APPLICABLE,,CITY STREET,-1,1 - CLEAR,29,0,W - WHITE,2 - FEMALE,"3 - WORN, NOT DAMAGED",B - SUSPECTED MINOR INJURY,POINT (-97.73913246 30.30121478),1750540687,152456711,0,204981558,False,5,Guadalupe Street,primary,12.502,,,35 mph,,,,,Guadalupe Street,1.9515091826272127e-05,5.0286633812732576e-05
429,16416395,No,NO,,,TRUE,,,No,5/17/18,C - POSSIBLE INJURY,THURSDAY,30.28876477,1 - DAYLIGHT,-97.74150246,ONE MOTOR VEHICLE - TURNING RIGHT,NOT APPLICABLE,,CITY STREET,40,1 - CLEAR,27,0,W - WHITE,1 - MALE,99 - UNKNOWN IF WORN,C - POSSIBLE INJURY,POINT (-97.74150246 30.28876477),152456663,152456658,0,"[391685208, 124953218, 436614660]",False,5,Guadalupe Street,primary,122.175,,,30 mph,,,,,Guadalupe Street,1.1678793496044412e-05,5.0286633812732576e-05
430,16416395,No,NO,,,TRUE,,,No,5/17/18,C - POSSIBLE INJURY,THURSDAY,30.28876477,1 - DAYLIGHT,-97.74150246,ONE MOTOR VEHICLE - TURNING RIGHT,NOT APPLICABLE,,CITY STREET,40,1 - CLEAR,27,0,W - WHITE,1 - MALE,99 - UNKNOWN IF WORN,C - POSSIBLE INJURY,POINT (-97.74150246 30.28876477),152456658,152456663,0,"[391685208, 124953218, 436614660]",False,5,Guadalupe Street,primary,122.17500000000001,,,30 mph,,,,,Guadalupe Street,1.1678793496044412e-05,5.0286633812732576e-05
431,16513952,No,NO,,,TRUE,,,No,7/10/18,C - POSSIBLE INJURY,TUESDAY,30.27884478,1 - DAYLIGHT,-97.74265246,ONE MOTOR VEHICLE - GOING STRAIGHT,NOT APPLICABLE,,CITY STREET,-1,1 - CLEAR,26,0,W - WHITE,2 - FEMALE,1 - NOT WORN,C - POSSIBLE INJURY,POINT (-97.74265246 30.27884478),152456624,152456622,0,655283347,True,5,Guadalupe Street,primary,105.261,,,30 mph,,,,,Guadalupe Street,7.065588084962603e-07,5.0286633812732576e-05
432,16556652,Yes,NO,,,FALSE,,,No,7/20/18,B - SUSPECTED MINOR INJURY,FRIDAY,30.33419237,1 - DAYLIGHT,-97.71676407,ONE MOTOR VEHICLE - TURNING LEFT,ATTENTION DIVERTED FROM DRIVING,,CITY STREET,-1,1 - CLEAR,28,0,W - WHITE,1 - MALE,1 - NOT WORN,B - SUSPECTED MINOR INJURY,POINT (-97.71676407 30.33419237),282033309,152450714,0,954455889,False,2,Guadalupe Street,tertiary,104.907,,,,,,,,Guadalupe Street,3.220811715807125e-05,5.0286633812732576e-05
433,16615440,Yes,NO,,,TRUE,,,No,9/7/18,B - SUSPECTED MINOR INJURY,FRIDAY,30.27180478,1 - DAYLIGHT,-97.74524246,ONE MOTOR VEHICLE - GOING STRAIGHT,ATTENTION DIVERTED FROM DRIVING,,CITY STREET,-1,1 - CLEAR,31,0,W - WHITE,1 - MALE,1 - NOT WORN,B - SUSPECTED MINOR INJURY,POINT (-97.74524246 30.27180478),152456610,152398222,0,655501858,True,4,Guadalupe Street,primary,111.248,,,30 mph,,,,,Guadalupe Street,5.830955143924345e-06,5.0286633812732576e-05
434,16663142,No,NO,,,FALSE,,,No,10/5/18,A - SUSPECTED SERIOUS INJURY,FRIDAY,30.26812478,1 - DAYLIGHT,-97.74663246,ONE MOTOR VEHICLE - TURNING LEFT,NOT APPLICABLE,,CITY STREET,30,1 - CLEAR,33,0,W - WHITE,1 - MALE,1 - NOT WORN,A - SUSPECTED SERIOUS INJURY,POINT (-97.74663246 30.26812478),152456605,2641443828,0,"[130624540, 656122421, 436742886]",True,"['5', '3']",Guadalupe Street,primary,109.087,,,30 mph,,,,,Guadalupe Street,6.831815048180789e-06,5.0286633812732576e-05
435,16742424,Yes,NO,,,TRUE,,,No,11/15/18,B - SUSPECTED MINOR INJURY,THURSDAY,30.29195477,1 - DAYLIGHT,-97.74119246,ONE MOTOR VEHICLE - TURNING RIGHT,NOT APPLICABLE,,CITY STREET,-1,2 - CLOUDY,37,0,W - WHITE,2 - FEMALE,1 - NOT WORN,B - SUSPECTED MINOR INJURY,POINT (-97.74119246 30.29195477),152456683,152456679,0,436614664,False,5,Guadalupe Street,primary,39.032,,,35 mph,,,,,Guadalupe Street,4.302551145430433e-06,5.0286633812732576e-05
436,16742424,Yes,NO,,,TRUE,,,No,11/15/18,B - SUSPECTED MINOR INJURY,THURSDAY,30.29195477,1 - DAYLIGHT,-97.74119246,ONE MOTOR VEHICLE - TURNING RIGHT,NOT APPLICABLE,,CITY STREET,-1,2 - CLOUDY,37,0,W - WHITE,2 - FEMALE,1 - NOT WORN,B - SUSPECTED MINOR INJURY,POINT (-97.74119246 30.29195477),152456679,152456683,0,436614664,False,5,Guadalupe Street,primary,39.032,,,35 mph,,,,,Guadalupe Street,4.302551145430433e-06,5.0286633812732576e-05
437,16839361,Yes,NO,,,FALSE,,,No,1/5/19,A - SUSPECTED SERIOUS INJURY,SATURDAY,30.31306602,"3 - DARK, LIGHTED",-97.73149168,ONE MOTOR VEHICLE - GOING STRAIGHT,VEHICLE PASSING OR ATTEMPTING TO PASS ON LEFT,,CITY STREET,-1,1 - CLEAR,38,0,W - WHITE,1 - MALE,"2 - WORN, DAMAGED",A - SUSPECTED SERIOUS INJURY,POINT (-97.73149168 30.31306602),152456753,152456761,0,"[124953440, 128928827, 656058571]",False,2,Guadalupe Street,tertiary,617.6049999999999,,,30 mph,,,,,Guadalupe Street,2.058088510634163e-05,5.0286633812732576e-05
438,16839361,Yes,NO,,,FALSE,,,No,1/5/19,A - SUSPECTED SERIOUS INJURY,SATURDAY,30.31306602,"3 - DARK, LIGHTED",-97.73149168,ONE MOTOR VEHICLE - GOING STRAIGHT,VEHICLE PASSING OR ATTEMPTING TO PASS ON LEFT,,CITY STREET,-1,1 - CLEAR,38,0,W - WHITE,1 - MALE,"2 - WORN, DAMAGED",A - SUSPECTED SERIOUS INJURY,POINT (-97.73149168 30.31306602),152456761,152456753,0,"[124953440, 128928827, 656058571]",False,2,Guadalupe Street,tertiary,617.6049999999999,,,30 mph,,,,,Guadalupe Street,2.058088510634163e-05,5.0286633812732576e-05
439,16950040,No,NO,,,FALSE,,,No,3/14/19,C - POSSIBLE INJURY,THURSDAY,30.26887764,1 - DAYLIGHT,-97.74634579,ONE MOTOR VEHICLE - TURNING RIGHT,NOT APPLICABLE,,CITY STREET,35,1 - CLEAR,53,0,W - WHITE,1 - MALE,1 - NOT WORN,C - POSSIBLE INJURY,POINT (-97.74634579 30.26887764),152456605,2641443828,0,"[130624540, 656122421, 436742886]",True,"['5', '3']",Guadalupe Street,primary,109.087,,,30 mph,,,,,Guadalupe Street,2.1404390936276304e-06,5.0286633812732576e-05
440,17017278,Yes,NO,,,TRUE,,,No,4/16/19,C - POSSIBLE INJURY,TUESDAY,30.30033477,"3 - DARK, LIGHTED",-97.73968246,ONE MOTOR VEHICLE - TURNING LEFT,NOT APPLICABLE,,CITY STREET,30,1 - CLEAR,19,0,A - ASIAN,1 - MALE,1 - NOT WORN,C - POSSIBLE INJURY,POINT (-97.73968246 30.30033477),152456708,1750540687,0,"[204981558, 436624094]",False,5,Guadalupe Street,primary,102.413,,,35 mph,,,,,Guadalupe Street,1.4969880216156986e-06,5.0286633812732576e-05
441,17073575,No,NO,,,FALSE,,,No,5/15/19,B - SUSPECTED MINOR INJURY,WEDNESDAY,30.28633985,1 - DAYLIGHT,-97.74166996,ONE MOTOR VEHICLE - GOING STRAIGHT,NOT APPLICABLE,,CITY STREET,35,1 - CLEAR,32,0,W - WHITE,1 - MALE,1 - NOT WORN,B - SUSPECTED MINOR INJURY,POINT (-97.74166996 30.28633985),152456647,152456658,0,"[201680476, 655414277]",False,4,Guadalupe Street,primary,301.26,,,30 mph,,,,,Guadalupe Street,2.1587600002896436e-05,5.0286633812732576e-05
442,17180423,No,NO,,,TRUE,,,No,7/13/19,B - SUSPECTED MINOR INJURY,SATURDAY,30.26901478,1 - DAYLIGHT,-97.74629246,ONE MOTOR VEHICLE - TURNING RIGHT,NOT APPLICABLE,,CITY STREET,35,1 - CLEAR,21,0,W - WHITE,1 - MALE,99 - UNKNOWN IF WORN,B - SUSPECTED MINOR INJURY,POINT (-97.74629246 30.26901478),152456605,2641443828,0,"[130624540, 656122421, 436742886]",True,"['5', '3']",Guadalupe Street,primary,109.087,,,30 mph,,,,,Guadalupe Street,2.854476060787851e-07,5.0286633812732576e-05
443,17258669,Yes,NO,,,TRUE,,,No,8/28/19,C - POSSIBLE INJURY,WEDNESDAY,30.26812478,"3 - DARK, LIGHTED",-97.74663246,ONE MOTOR VEHICLE - GOING STRAIGHT,NOT APPLICABLE,,CITY STREET,-1,1 - CLEAR,33,0,W - WHITE,1 - MALE,1 - NOT WORN,C - POSSIBLE INJURY,POINT (-97.74663246 30.26812478),152456605,2641443828,0,"[130624540, 656122421, 436742886]",True,"['5', '3']",Guadalupe Street,primary,109.087,,,30 mph,,,,,Guadalupe Street,6.831815048180789e-06,5.0286633812732576e-05
444,17270877,No,NO,,,FALSE,,,No,9/5/19,B - SUSPECTED MINOR INJURY,THURSDAY,30.29356207,1 - DAYLIGHT,-97.74195546,ONE MOTOR VEHICLE - GOING STRAIGHT,ONE VEHICLE LEAVING DRIVEWAY,,CITY STREET,35,1 - CLEAR,21,0,A - ASIAN,2 - FEMALE,1 - NOT WORN,B - SUSPECTED MINOR INJURY,POINT (-97.74195546 30.29356207),152456687,152456685,0,124953118,False,4,Guadalupe Street,primary,127.362,,,30 mph,,,,,Guadalupe Street,5.290480946454374e-05,5.0286633812732576e-05
445,17270877,No,NO,,,FALSE,,,No,9/5/19,B - SUSPECTED MINOR INJURY,THURSDAY,30.29356207,1 - DAYLIGHT,-97.74195546,ONE MOTOR VEHICLE - GOING STRAIGHT,ONE VEHICLE LEAVING DRIVEWAY,,CITY STREET,35,1 - CLEAR,21,0,A - ASIAN,2 - FEMALE,1 - NOT WORN,B - SUSPECTED MINOR INJURY,POINT (-97.74195546 30.29356207),152456685,152456687,0,124953118,False,4,Guadalupe Street,primary,127.362,,,30 mph,,,,,Guadalupe Street,5.290480946454374e-05,5.0286633812732576e-05
446,17358932,No,NO,,,TRUE,,,No,9/28/19,C - POSSIBLE INJURY,SATURDAY,30.26812478,1 - DAYLIGHT,-97.74663246,ONE MOTOR VEHICLE - GOING STRAIGHT,ATTENTION DIVERTED FROM DRIVING,,CITY STREET,-1,1 - CLEAR,51,0,W - WHITE,1 - MALE,"3 - WORN, NOT DAMAGED",C - POSSIBLE INJURY,POINT (-97.74663246 30.26812478),152456605,2641443828,0,"[130624540, 656122421, 436742886]",True,"['5', '3']",Guadalupe Street,primary,109.087,,,30 mph,,,,,Guadalupe Street,6.831815048180789e-06,5.0286633812732576e-05