,Crash ID,$1000 Damage to Any One Person's Property,Active School Zone Flag,Adjusted Average Daily Traffic Amount,Adjusted Percentage of Average Daily Traffic For Trucks,At Intersection Flag,Average Daily Traffic Amount,Average Daily Traffic Year,Construction Zone Flag,Crash Date,Crash Severity,Day of Week,Latitude,Light Condition,Longitude,Manner of Collision,Other Factor,Percentage of Single Unit Truck Average Daily Traffic,Road Class,Speed Limit,Weather Condition,Person Age,Person Death Count,Person Ethnicity,Person Gender,Person Helmet,Person Injury Severity,geometry,index_right0,index_right1,index_right2,osmid,oneway,lanes,name,highway,length,ref,bridge,maxspeed,access,tunnel,junction,service,names,distance,Crash Rate
447,17531314,No,NO,,,FALSE,,,No,1/24/20,N - NOT INJURED,FRIDAY,30.27262371,1 - DAYLIGHT,-97.74493888,ONE MOTOR VEHICLE - GOING STRAIGHT,ATTENTION DIVERTED FROM DRIVING,,CITY STREET,30,1 - CLEAR,32,0,W - WHITE,1 - MALE,"3 - WORN, NOT DAMAGED",N - NOT INJURED,POINT (-97.74493888 30.27262371),152456613,152456610,0,"[204869468, 1049231852]",True,4,Guadalupe Street,primary,107.828,,,30 mph,,,,,Guadalupe Street,3.8806170240421675e-06,5.0286633812732576e-05
448,17645717,No,NO,,,TRUE,,,No,4/1/20,B - SUSPECTED MINOR INJURY,WEDNESDAY,30.31084477,"3 - DARK, LIGHTED",-97.73298246,ONE MOTOR VEHICLE - TURNING LEFT,NOT APPLICABLE,,CITY STREET,-1,1 - CLEAR,21,0,W - WHITE,1 - MALE,"3 - WORN, NOT DAMAGED",B - SUSPECTED MINOR INJURY,POINT (-97.73298246 30.31084477),1541584129,152456575,0,"[906203360, 436634355]",False,5,Guadalupe Street,primary,56.968,,,35 mph,,,,,Guadalupe Street,2.1439191675943657e-06,5.0286633812732576e-05
449,17645717,No,NO,,,TRUE,,,No,4/1/20,B - SUSPECTED MINOR INJURY,WEDNESDAY,30.31084477,"3 - DARK, LIGHTED",-97.73298246,ONE MOTOR VEHICLE - TURNING LEFT,NOT APPLICABLE,,CITY STREET,-1,1 - CLEAR,21,0,W - WHITE,1 - MALE,"3 - WORN, NOT DAMAGED",B - SUSPECTED MINOR INJURY,POINT (-97.73298246 30.31084477),152456575,1541584129,0,"[906203360, 436634355]",False,5,Guadalupe Street,primary,56.968,,,35 mph,,,,,Guadalupe Street,2.1439191675943657e-06,5.0286633812732576e-05
450,17726617,No,NO,,,FALSE,,,No,6/13/20,C - POSSIBLE INJURY,SATURDAY,30.29056157,1 - DAYLIGHT,-97.74133457,ONE MOTOR VEHICLE - TURNING LEFT,ONE VEHICLE ENTERING DRIVEWAY,,CITY STREET,35,1 - CLEAR,35,0,W - WHITE,1 - MALE,"2 - WORN, DAMAGED",C - POSSIBLE INJURY,POINT (-97.74133457 30.29056157),152456671,152456679,0,"[391683593, 422081588]",False,5,Guadalupe Street,primary,166.926,,,30 mph,,,,,Guadalupe Street,6.865456606346572e-06,5.0286633812732576e-05
451,17801460,No,NO,,,TRUE,,,No,8/2/20,C - POSSIBLE INJURY,SUNDAY,30.28978477,"3 - DARK, LIGHTED",-97.74140246,ONE MOTOR VEHICLE - TURNING RIGHT,ATTENTION DIVERTED FROM DRIVING,,CITY STREET,-1,1 - CLEAR,17,0,W - WHITE,1 - MALE,99 - UNKNOWN IF WORN,C - POSSIBLE INJURY,POINT (-97.74140246 30.28978477),152399401,280233425,0,128208741,False,,Guadalupe Street,primary,12.835,,,,,,,,Guadalupe Street,7.97450188749761e-06,5.0286633812732576e-05
452,17801460,No,NO,,,TRUE,,,No,8/2/20,C - POSSIBLE INJURY,SUNDAY,30.28978477,"3 - DARK, LIGHTED",-97.74140246,ONE MOTOR VEHICLE - TURNING RIGHT,ATTENTION DIVERTED FROM DRIVING,,CITY STREET,-1,1 - CLEAR,17,0,W - WHITE,1 - MALE,99 - UNKNOWN IF WORN,C - POSSIBLE INJURY,POINT (-97.74140246 30.28978477),280233425,152399401,0,128208741,False,,Guadalupe Street,primary,12.835,,,,,,,,Guadalupe Street,7.97450188749761e-06,5.0286633812732576e-05
453,17854988,Yes,NO,,,TRUE,,,No,9/9/20,B - SUSPECTED MINOR INJURY,WEDNESDAY,30.29787477,1 - DAYLIGHT,-97.74123246,ONE MOTOR VEHICLE - TURNING LEFT,ONE VEHICLE LEAVING DRIVEWAY,,CITY STREET,-1,3 - RAIN,22,0,W - WHITE,1 - MALE,"4 - WORN, UNK DAMAGE",B - SUSPECTED MINOR INJURY,POINT (-97.74123246 30.29787477),152394155,152456696,0,"[130889282, 436614663]",False,5,Guadalupe Street,primary,153.64000000000001,,,35 mph,,,,,Guadalupe Street,7.1412550577584626e-06,5.0286633812732576e-05
454,17865997,No,NO,,,TRUE,,,No,9/15/20,N - NOT INJURED,TUESDAY,30.31084477,5 - DAWN,-97.73298246,ONE MOTOR VEHICLE - TURNING RIGHT,NOT APPLICABLE,,CITY STREET,35,1 - CLEAR,,0,,99 - UNKNOWN,99 - UNKNOWN IF WORN,99 - UNKNOWN,POINT (-97.73298246 30.31084477),1541584129,152456575,0,"[906203360, 436634355]",False,5,Guadalupe Street,primary,56.968,,,35 mph,,,,,Guadalupe Street,2.1439191675943657e-06,5.0286633812732576e-05
455,17865997,No,NO,,,TRUE,,,No,9/15/20,N - NOT INJURED,TUESDAY,30.31084477,5 - DAWN,-97.73298246,ONE MOTOR VEHICLE - TURNING RIGHT,NOT APPLICABLE,,CITY STREET,35,1 - CLEAR,,0,,99 - UNKNOWN,99 - UNKNOWN IF WORN,99 - UNKNOWN,POINT (-97.73298246 30.31084477),152456575,1541584129,0,"[906203360, 436634355]",False,5,Guadalupe Street,primary,56.968,,,35 mph,,,,,Guadalupe Street,2.1439191675943657e-06,5.0286633812732576e-05
456,18213586,No,NO,,,TRUE,,,No,4/19/21,B - SUSPECTED MINOR INJURY,MONDAY,30.28978477,1 - DAYLIGHT,-97.74140246,ONE MOTOR VEHICLE - TURNING RIGHT,ATTENTION DIVERTED FROM DRIVING,,CITY STREET,-1,1 - CLEAR,23,0,H - HISPANIC,1 - MALE,"3 - WORN, NOT DAMAGED",B - SUSPECTED MINOR INJURY,POINT (-97.74140246 30.28978477),152399401,280233425,0,128208741,False,,Guadalupe Street,primary,12.835,,,,,,,,Guadalupe Street,7.97450188749761e-06,5.0286633812732576e-05
457,18213586,No,NO,,,TRUE,,,No,4/19/21,B - SUSPECTED MINOR INJURY,MONDAY,30.28978477,1 - DAYLIGHT,-97.74140246,ONE MOTOR VEHICLE - TURNING RIGHT,ATTENTION DIVERTED FROM DRIVING,,CITY STREET,-1,1 - CLEAR,23,0,H - HISPANIC,1 - MALE,"3 - WORN, NOT DAMAGED",B - SUSPECTED MINOR INJURY,POINT (-97.74140246 30.28978477),280233425,152399401,0,128208741,False,,Guadalupe Street,primary,12.835,,,,,,,,Guadalupe Street,7.97450188749761e-06,5.0286633812732576e-05
458,18494412,Yes,NO,,,TRUE,,,No,9/24/21,B - SUSPECTED MINOR INJURY,FRIDAY,30.28876477,1 - DAYLIGHT,-97.74150246,ONE MOTOR VEHICLE - TURNING LEFT,NOT APPLICABLE,,CITY STREET,35,1 - CLEAR,18,0,W - WHITE,2 - FEMALE,1 - NOT WORN,B - SUSPECTED MINOR INJURY,POINT (-97.74150246 30.28876477),152456663,152456658,0,"[391685208, 124953218, 436614660]",False,5,Guadalupe Street,primary,122.175,,,30 mph,,,,,Guadalupe Street,1.1678793496044412e-05,5.0286633812732576e-05
459,18494412,Yes,NO,,,TRUE,,,No,9/24/21,B - SUSPECTED MINOR INJURY,FRIDAY,30.28876477,1 - DAYLIGHT,-97.74150246,ONE MOTOR VEHICLE - TURNING LEFT,NOT APPLICABLE,,CITY STREET,35,1 - CLEAR,18,0,W - WHITE,2 - FEMALE,1 - NOT WORN,B - SUSPECTED MINOR INJURY,POINT (-97.74150246 30.28876477),152456658,152456663,0,"[391685208, 124953218, 436614660]",False,5,Guadalupe Street,primary,122.17500000000001,,,30 mph,,,,,Guadalupe Street,1.1678793496044412e-05,5.0286633812732576e-05
460,18762260,No,NO,,,FALSE,,,No,2/20/22,B - SUSPECTED MINOR INJURY,SUNDAY,30.27910442,1 - DAYLIGHT,-97.74255064,ONE MOTOR VEHICLE - GOING STRAIGHT,SWERVED OR VEERED-REASON NOT SPECIFIED,,CITY STREET,30,1 - CLEAR,,0,W - WHITE,1 - MALE,1 - NOT WORN,B - SUSPECTED MINOR INJURY,POINT (-97.74255064 30.27910442),152456628,152456624,0,124953215,True,4,Guadalupe Street,primary,100.45,,,30 mph,,,,,Guadalupe Street,6.178082584844843e-06,5.0286633812732576e-05
461,12559271,No,NO,,,TRUE,,,No,2/13/12,B - SUSPECTED MINOR INJURY,MONDAY,30.29560477,1 - DAYLIGHT,-97.72339247,ONE MOTOR VEHICLE - GOING STRAIGHT,NOT APPLICABLE,,CITY STREET,35,2 - CLOUDY,23,0,W - WHITE,2 - FEMALE,1 - NOT WORN,B - SUSPECTED MINOR INJURY,POINT (-97.72339247 30.29560477),152566402,152566401,0,129014479,False,4,Red River Street,secondary,23.506,,,,,,,,Red River Street,2.4902313624273788e-05,3.266479388515058e-05
462,12629539,Yes,NO,30614,1.4,TRUE,30614,2019,No,3/22/12,B - SUSPECTED MINOR INJURY,THURSDAY,30.2618442,1 - DAYLIGHT,-97.73886871,ONE MOTOR VEHICLE - TURNING LEFT,NOT APPLICABLE,1.3,US & STATE HIGHWAYS,35,1 - CLEAR,27,0,W - WHITE,1 - MALE,"3 - WORN, NOT DAMAGED",B - SUSPECTED MINOR INJURY,POINT (-97.73886871 30.2618442),152414777,152496891,0,"[128928824, 37749547, 37749548]",False,3,Red River Street,secondary,218.91500000000002,,yes,,,,,,Red River Street,2.924932874399054e-05,3.266479388515058e-05
463,12629539,Yes,NO,30614,1.4,TRUE,30614,2019,No,3/22/12,B - SUSPECTED MINOR INJURY,THURSDAY,30.2618442,1 - DAYLIGHT,-97.73886871,ONE MOTOR VEHICLE - TURNING LEFT,NOT APPLICABLE,1.3,US & STATE HIGHWAYS,35,1 - CLEAR,27,0,W - WHITE,1 - MALE,"3 - WORN, NOT DAMAGED",B - SUSPECTED MINOR INJURY,POINT (-97.73886871 30.2618442),152496891,152414777,0,"[128928824, 37749547, 37749548]",False,3,Red River Street,secondary,218.91500000000002,,yes,,,,,,Red River Street,2.924932874399054e-05,3.266479388515058e-05
464,12722355,No,NO,,,TRUE,,,No,5/5/12,A - SUSPECTED SERIOUS INJURY,SATURDAY,30.29116113,"3 - DARK, LIGHTED",-97.72705297,ONE MOTOR VEHICLE - GOING STRAIGHT,NOT APPLICABLE,,CITY STREET,30,1 - CLEAR,49,0,W - WHITE,1 - MALE,1 - NOT WORN,A - SUSPECTED SERIOUS INJURY,POINT (-97.72705297 30.29116113),152566387,4345110955,0,436632395,False,5,Red River Street,secondary,44.424,,,,,,,,Red River Street,3.5492177813195407e-05,3.266479388515058e-05
465,12722355,No,NO,,,TRUE,,,No,5/5/12,A - SUSPECTED SERIOUS INJURY,SATURDAY,30.29116113,"3 - DARK, LIGHTED",-97.72705297,ONE MOTOR VEHICLE - GOING STRAIGHT,NOT APPLICABLE,,CITY STREET,30,1 - CLEAR,49,0,W - WHITE,1 - MALE,1 - NOT WORN,A - SUSPECTED SERIOUS INJURY,POINT (-97.72705297 30.29116113),4345110955,152566387,0,436632395,False,5,Red River Street,secondary,44.424,,,,,,,,Red River Street,3.5492177813195407e-05,3.266479388515058e-05
466,12816731,No,NO,,,TRUE,,,No,7/23/12,B - SUSPECTED MINOR INJURY,MONDAY,30.27558478,1 - DAYLIGHT,-97.73481246,ONE MOTOR VEHICLE - TURNING LEFT,NOT APPLICABLE,,CITY STREET,30,1 - CLEAR,28,0,W - WHITE,1 - MALE,1 - NOT WORN,B - SUSPECTED MINOR INJURY,POINT (-97.73481246 30.27558478),1626555835,152435902,0,128637536,False,,Red River Street,secondary,11.139,,,,,,,,Red River Street,3.0756525382839124e-05,3.266479388515058e-05
467,12816731,No,NO,,,TRUE,,,No,7/23/12,B - SUSPECTED MINOR INJURY,MONDAY,30.27558478,1 - DAYLIGHT,-97.73481246,ONE MOTOR VEHICLE - TURNING LEFT,NOT APPLICABLE,,CITY STREET,30,1 - CLEAR,28,0,W - WHITE,1 - MALE,1 - NOT WORN,B - SUSPECTED MINOR INJURY,POINT (-97.73481246 30.27558478),152435902,1626555835,0,128637536,False,,Red River Street,secondary,11.139,,,,,,,,Red River Street,3.0756525382839124e-05,3.266479388515058e-05
468,13000377,No,NO,,,FALSE,,,No,11/16/12,B - SUSPECTED MINOR INJURY,FRIDAY,30.27453173,"3 - DARK, LIGHTED",-97.73512657,ONE MOTOR VEHICLE - GOING STRAIGHT,NOT APPLICABLE,,CITY STREET,35,1 - CLEAR,22,0,W - WHITE,2 - FEMALE,1 - NOT WORN,B - SUSPECTED MINOR INJURY,POINT (-97.73512657 30.27453173),152435902,1421134722,0,436610721,False,5,Red River Street,secondary,53.061,,,,,,,,Red River Street,0.0005868366023021219,3.266479388515058e-05
469,13000377,No,NO,,,FALSE,,,No,11/16/12,B - SUSPECTED MINOR INJURY,FRIDAY,30.27453173,"3 - DARK, LIGHTED",-97.73512657,ONE MOTOR VEHICLE - GOING STRAIGHT,NOT APPLICABLE,,CITY STREET,35,1 - CLEAR,22,0,W - WHITE,2 - FEMALE,1 - NOT WORN,B - SUSPECTED MINOR INJURY,POINT (-97.73512657 30.27453173),1421134722,152435902,0,436610721,False,5,Red River Street,secondary,53.061,,,,,,,,Red River Street,0.0005868366023021219,3.266479388515058e-05
470,13136091,No,NO,,,TRUE,,,No,2/7/13,B - SUSPECTED MINOR INJURY,THURSDAY,30.26928478,1 - DAYLIGHT,-97.73614246,ONE MOTOR VEHICLE - TURNING RIGHT,NOT APPLICABLE,,CITY STREET,30,2 - CLOUDY,28,0,W - WHITE,2 - FEMALE,1 - NOT WORN,B - SUSPECTED MINOR INJURY,POINT (-97.73614246 30.26928478),152460230,152566316,0,315821986,False,,Red River Street,secondary,111.13,,,,,,,,Red River Street,3.2534803984846605e-06,3.266479388515058e-05
471,13245022,Yes,NO,,,FALSE,,,No,4/23/13,B - SUSPECTED MINOR INJURY,TUESDAY,30.29115858,1 - DAYLIGHT,-97.72705437,ONE MOTOR VEHICLE - TURNING LEFT,ONE VEHICLE LEAVING DRIVEWAY,,CITY STREET,35,1 - CLEAR,27,0,W - WHITE,1 - MALE,"3 - WORN, NOT DAMAGED",B - SUSPECTED MINOR INJURY,POINT (-97.72705437 30.29115858),152566387,4345110955,0,436632395,False,5,Red River Street,secondary,44.424,,,,,,,,Red River Street,3.5251247060691375e-05,3.266479388515058e-05
472,13245022,Yes,NO,,,FALSE,,,No,4/23/13,B - SUSPECTED MINOR INJURY,TUESDAY,30.29115858,1 - DAYLIGHT,-97.72705437,ONE MOTOR VEHICLE - TURNING LEFT,ONE VEHICLE LEAVING DRIVEWAY,,CITY STREET,35,1 - CLEAR,27,0,W - WHITE,1 - MALE,"3 - WORN, NOT DAMAGED",B - SUSPECTED MINOR INJURY,POINT (-97.72705437 30.29115858),4345110955,152566387,0,436632395,False,5,Red River Street,secondary,44.424,,,,,,,,Red River Street,3.5251247060691375e-05,3.266479388515058e-05
473,13566002,No,NO,,,FALSE,,,No,8/25/13,B - SUSPECTED MINOR INJURY,SUNDAY,30.26528995,"3 - DARK, LIGHTED",-97.73759443,ONE MOTOR VEHICLE - GOING STRAIGHT,ATTENTION DIVERTED FROM DRIVING,,CITY STREET,30,1 - CLEAR,26,0,B - BLACK,1 - MALE,99 - UNKNOWN IF WORN,B - SUSPECTED MINOR INJURY,POINT (-97.73759443 30.26528995),152447363,152516646,0,"[204999708, 436616716]",False,4,Red River Street,secondary,105.37900000000002,,,,,,,,Red River Street,4.308434511626561e-05,3.266479388515058e-05
474,13566002,No,NO,,,FALSE,,,No,8/25/13,B - SUSPECTED MINOR INJURY,SUNDAY,30.26528995,"3 - DARK, LIGHTED",-97.73759443,ONE MOTOR VEHICLE - GOING STRAIGHT,ATTENTION DIVERTED FROM DRIVING,,CITY STREET,30,1 - CLEAR,26,0,B - BLACK,1 - MALE,99 - UNKNOWN IF WORN,B - SUSPECTED MINOR INJURY,POINT (-97.73759443 30.26528995),152516646,152447363,0,"[436616716, 204999708]",False,4,Red River Street,secondary,105.379,,,,,,,,Red River Street,4.308434511626561e-05,3.266479388515058e-05
475,13566002,No,NO,,,FALSE,,,No,8/25/13,B - SUSPECTED MINOR INJURY,SUNDAY,30.26528995,"3 - DARK, LIGHTED",-97.73759443,ONE MOTOR VEHICLE - GOING STRAIGHT,ATTENTION DIVERTED FROM DRIVING,,CITY STREET,30,1 - CLEAR,,0,W - WHITE,1 - MALE,1 - NOT WORN,C - POSSIBLE INJURY,POINT (-97.73759443 30.26528995),152447363,152516646,0,"[204999708, 436616716]",False,4,Red River Street,secondary,105.37900000000002,,,,,,,,Red River Street,4.308434511626561e-05,3.266479388515058e-05
476,13566002,No,NO,,,FALSE,,,No,8/25/13,B - SUSPECTED MINOR INJURY,SUNDAY,30.26528995,"3 - DARK, LIGHTED",-97.73759443,ONE MOTOR VEHICLE - GOING STRAIGHT,ATTENTION DIVERTED FROM DRIVING,,CITY STREET,30,1 - CLEAR,,0,W - WHITE,1 - MALE,1 - NOT WORN,C - POSSIBLE INJURY,POINT (-97.73759443 30.26528995),152516646,152447363,0,"[436616716, 204999708]",False,4,Red River Street,secondary,105.379,,,,,,,,Red River Street,4.308434511626561e-05,3.266479388515058e-05
477,13705118,No,NO,,,FALSE,,,No,11/27/13,B - SUSPECTED MINOR INJURY,WEDNESDAY,30.29272945,"3 - DARK, LIGHTED",-97.72587462,ONE MOTOR VEHICLE - GOING STRAIGHT,NOT APPLICABLE,,CITY STREET,-1,1 - CLEAR,29,0,B - BLACK,1 - MALE,99 - UNKNOWN IF WORN,B - SUSPECTED MINOR INJURY,POINT (-97.72587462 30.29272945),152566395,152566393,0,732942921,False,4,Red River Street,secondary,71.214,,,,,,,,Red River Street,1.1666062594721056e-05,3.266479388515058e-05
478,13705118,No,NO,,,FALSE,,,No,11/27/13,B - SUSPECTED MINOR INJURY,WEDNESDAY,30.29272945,"3 - DARK, LIGHTED",-97.72587462,ONE MOTOR VEHICLE - GOING STRAIGHT,NOT APPLICABLE,,CITY STREET,-1,1 - CLEAR,29,0,B - BLACK,1 - MALE,99 - UNKNOWN IF WORN,B - SUSPECTED MINOR INJURY,POINT (-97.72587462 30.29272945),152566393,152566395,0,732942921,False,4,Red River Street,secondary,71.214,,,,,,,,Red River Street,1.1666062594721056e-05,3.266479388515058e-05
479,13705310,Yes,NO,,,FALSE,,,No,2/12/14,B - SUSPECTED MINOR INJURY,WEDNESDAY,30.30461348,1 - DAYLIGHT,-97.71972668,ONE MOTOR VEHICLE - GOING STRAIGHT,NOT APPLICABLE,,CITY STREET,35,1 - CLEAR,27,0,H - HISPANIC,1 - MALE,"3 - WORN, NOT DAMAGED",B - SUSPECTED MINOR INJURY,POINT (-97.71972668 30.30461348),152481616,152416509,0,"[163341009, 436634370]",False,3,Red River Street,secondary,97.453,,,,,,,,Red River Street,1.5549908260799537e-05,3.266479388515058e-05
480,13705310,Yes,NO,,,FALSE,,,No,2/12/14,B - SUSPECTED MINOR INJURY,WEDNESDAY,30.30461348,1 - DAYLIGHT,-97.71972668,ONE MOTOR VEHICLE - GOING STRAIGHT,NOT APPLICABLE,,CITY STREET,35,1 - CLEAR,27,0,H - HISPANIC,1 - MALE,"3 - WORN, NOT DAMAGED",B - SUSPECTED MINOR INJURY,POINT (-97.71972668 30.30461348),152416509,152481616,0,"[163341009, 436634370]",False,3,Red River Street,secondary,97.453,,,,,,,,Red River Street,1.5549908260799537e-05,3.266479388515058e-05
481,13722309,Yes,NO,,,TRUE,,,No,2/18/14,C - POSSIBLE INJURY,TUESDAY,30.26460478,1 - DAYLIGHT,-97.73784246,ONE MOTOR VEHICLE - TURNING LEFT,NOT APPLICABLE,,CITY STREET,30,1 - CLEAR,35,0,W - WHITE,1 - MALE,1 - NOT WORN,C - POSSIBLE INJURY,POINT (-97.73784246 30.26460478),152447363,152496891,0,"[436610720, 37749547]",False,4,Red River Street,secondary,114.44999999999999,,,,,,,,Red River Street,4.9854851457485465e-05,3.266479388515058e-05
482,13722309,Yes,NO,,,TRUE,,,No,2/18/14,C - POSSIBLE INJURY,TUESDAY,30.26460478,1 - DAYLIGHT,-97.73784246,ONE MOTOR VEHICLE - TURNING LEFT,NOT APPLICABLE,,CITY STREET,30,1 - CLEAR,35,0,W - WHITE,1 - MALE,1 - NOT WORN,C - POSSIBLE INJURY,POINT (-97.73784246 30.26460478),152496891,152447363,0,"[436610720, 37749547]",False,4,Red River Street,secondary,114.44999999999999,,,,,,,,Red River Street,4.9854851457485465e-05,3.266479388515058e-05
483,13908791,No,NO,,,TRUE,,,No,6/20/14,B - SUSPECTED MINOR INJURY,FRIDAY,30.29103477,1 - DAYLIGHT,-97.72712247,ONE MOTOR VEHICLE - GOING STRAIGHT,NOT APPLICABLE,,CITY STREET,35,1 - CLEAR,19,0,A - ASIAN,1 - MALE,99 - UNKNOWN IF WORN,B - SUSPECTED MINOR INJURY,POINT (-97.72712247 30.29103477),152566387,152566386,0,"[436632393, 655414148, 436632397]",False,"['5', '4']",Red River Street,secondary,84.583,,,,,,,,Red River Street,2.3691449293667687e-05,3.266479388515058e-05
484,13908791,No,NO,,,TRUE,,,No,6/20/14,B - SUSPECTED MINOR INJURY,FRIDAY,30.29103477,1 - DAYLIGHT,-97.72712247,ONE MOTOR VEHICLE - GOING STRAIGHT,NOT APPLICABLE,,CITY STREET,35,1 - CLEAR,19,0,A - ASIAN,1 - MALE,99 - UNKNOWN IF WORN,B - SUSPECTED MINOR INJURY,POINT (-97.72712247 30.29103477),152566386,152566387,0,"[436632393, 655414148, 436632397]",False,"['5', '4']",Red River Street,secondary,84.58300000000001,,,,,,,,Red River Street,2.3691449293667687e-05,3.266479388515058e-05
485,14233565,Yes,NO,,,TRUE,,,No,1/9/15,B - SUSPECTED MINOR INJURY,FRIDAY,30.26460478,"3 - DARK, LIGHTED",-97.73784246,ONE MOTOR VEHICLE - GOING STRAIGHT,NOT APPLICABLE,,CITY STREET,30,2 - CLOUDY,23,0,W - WHITE,1 - MALE,99 - UNKNOWN IF WORN,B - SUSPECTED MINOR INJURY,POINT (-97.73784246 30.26460478),152447363,152496891,0,"[436610720, 37749547]",False,4,Red River Street,secondary,114.44999999999999,,,,,,,,Red River Street,4.9854851457485465e-05,3.266479388515058e-05
486,14233565,Yes,NO,,,TRUE,,,No,1/9/15,B - SUSPECTED MINOR INJURY,FRIDAY,30.26460478,"3 - DARK, LIGHTED",-97.73784246,ONE MOTOR VEHICLE - GOING STRAIGHT,NOT APPLICABLE,,CITY STREET,30,2 - CLOUDY,23,0,W - WHITE,1 - MALE,99 - UNKNOWN IF WORN,B - SUSPECTED MINOR INJURY,POINT (-97.73784246 30.26460478),152496891,152447363,0,"[436610720, 37749547]",False,4,Red River Street,secondary,114.44999999999999,,,,,,,,Red River Street,4.9854851457485465e-05,3.266479388515058e-05
487,14444084,Yes,NO,30614,1.4,TRUE,30614,2019,Yes,5/18/15,B - SUSPECTED MINOR INJURY,MONDAY,30.2618442,1 - DAYLIGHT,-97.73886871,SAME DIRECTION - BOTH GOING STRAIGHT-REAR END,CONSTRUCTION - WITHIN POSTED ROAD CONSTRUCTION ZONE (NOT RELATED TO CRASH),1.3,US & STATE HIGHWAYS,35,1 - CLEAR,24,0,W - WHITE,1 - MALE,1 - NOT WORN,B - SUSPECTED MINOR INJURY,POINT (-97.73886871 30.2618442),152414777,152496891,0,"[128928824, 37749547, 37749548]",False,3,Red River Street,secondary,218.91500000000002,,yes,,,,,,Red River Street,2.924932874399054e-05,3.266479388515058e-05
488,14444084,Yes,NO,30614,1.4,TRUE,30614,2019,Yes,5/18/15,B - SUSPECTED MINOR INJURY,MONDAY,30.2618442,1 - DAYLIGHT,-97.73886871,SAME DIRECTION - BOTH GOING STRAIGHT-REAR END,CONSTRUCTION - WITHIN POSTED ROAD CONSTRUCTION ZONE (NOT RELATED TO CRASH),1.3,US & STATE HIGHWAYS,35,1 - CLEAR,24,0,W - WHITE,1 - MALE,1 - NOT WORN,B - SUSPECTED MINOR INJURY,POINT (-97.73886871 30.2618442),152496891,152414777,0,"[128928824, 37749547, 37749548]",False,3,Red River Street,secondary,218.91500000000002,,yes,,,,,,Red River Street,2.924932874399054e-05,3.266479388515058e-05
489,14475244,No,NO,,,TRUE,,,No,6/7/15,N - NOT INJURED,SUNDAY,30.29560477,1 - DAYLIGHT,-97.72339247,ONE MOTOR VEHICLE - TURNING RIGHT,NOT APPLICABLE,,CITY STREET,35,1 - CLEAR,39,0,H - HISPANIC,1 - MALE,1 - NOT WORN,N - NOT INJURED,POINT (-97.72339247 30.29560477),152566402,152566401,0,129014479,False,4,Red River Street,secondary,23.506,,,,,,,,Red River Street,2.4902313624273788e-05,3.266479388515058e-05
490,14679925,No,NO,,,TRUE,,,No,10/2/15,B - SUSPECTED MINOR INJURY,FRIDAY,30.26928478,1 - DAYLIGHT,-97.73614246,ONE MOTOR VEHICLE - GOING STRAIGHT,NOT APPLICABLE,,CITY STREET,30,1 - CLEAR,31,0,W - WHITE,1 - MALE,1 - NOT WORN,B - SUSPECTED MINOR INJURY,POINT (-97.73614246 30.26928478),152460230,152566316,0,315821986,False,,Red River Street,secondary,111.13,,,,,,,,Red River Street,3.2534803984846605e-06,3.266479388515058e-05
491,14679970,No,NO,,,TRUE,,,No,10/7/15,B - SUSPECTED MINOR INJURY,WEDNESDAY,30.27114478,"2 - DARK, NOT LIGHTED",-97.73545246,ONE MOTOR VEHICLE - TURNING RIGHT,NOT APPLICABLE,,CITY STREET,30,1 - CLEAR,34,0,W - WHITE,1 - MALE,"2 - WORN, DAMAGED",B - SUSPECTED MINOR INJURY,POINT (-97.73545246 30.27114478),152495620,152566317,0,"[204989759, 436610719]",False,4,Red River Street,secondary,108.84800000000001,,,,,,,,Red River Street,2.1770237905047556e-06,3.266479388515058e-05
492,14970513,Yes,NO,,,FALSE,,,No,2/27/16,C - POSSIBLE INJURY,SATURDAY,30.29728477,1 - DAYLIGHT,-97.72297247,ONE MOTOR VEHICLE - GOING STRAIGHT,"LOST CONTROL OR SKIDDED (ICY OR SLICK ROAD, ETC.)",,CITY STREET,-1,98 - OTHER (EXPLAIN IN NARRATIVE),,0,98 - OTHER,1 - MALE,"2 - WORN, DAMAGED",C - POSSIBLE INJURY,POINT (-97.72297247 30.29728477),152566405,152549864,0,655477655,False,4,Red River Street,secondary,87.648,,,,,,,,Red River Street,1.3404971181331277e-05,3.266479388515058e-05
493,14970513,Yes,NO,,,FALSE,,,No,2/27/16,C - POSSIBLE INJURY,SATURDAY,30.29728477,1 - DAYLIGHT,-97.72297247,ONE MOTOR VEHICLE - GOING STRAIGHT,"LOST CONTROL OR SKIDDED (ICY OR SLICK ROAD, ETC.)",,CITY STREET,-1,98 - OTHER (EXPLAIN IN NARRATIVE),,0,98 - OTHER,1 - MALE,"2 - WORN, DAMAGED",C - POSSIBLE INJURY,POINT (-97.72297247 30.29728477),152549864,152566405,0,655477655,False,4,Red River Street,secondary,87.648,,,,,,,,Red River Street,1.3404971181331277e-05,3.266479388515058e-05