,Crash ID,$1000 Damage to Any One Person's Property,Active School Zone Flag,Adjusted Average Daily Traffic Amount,Adjusted Percentage of Average Daily Traffic For Trucks,At Intersection Flag,Average Daily Traffic Amount,Average Daily Traffic Year,Construction Zone Flag,Crash Date,Crash Severity,Day of Week,Latitude,Light Condition,Longitude,Manner of Collision,Other Factor,Percentage of Single Unit Truck Average Daily Traffic,Road Class,Speed Limit,Weather Condition,Person Age,Person Death Count,Person Ethnicity,Person Gender,Person Helmet,Person Injury Severity,geometry,index_right0,index_right1,index_right2,osmid,oneway,lanes,name,highway,length,ref,bridge,maxspeed,access,tunnel,junction,service,names,distance,Crash Rate
494,15210221,No,NO,,,TRUE,,,No,7/15/16,C - POSSIBLE INJURY,FRIDAY,30.29560477,1 - DAYLIGHT,-97.72339247,ONE MOTOR VEHICLE - GOING STRAIGHT,NOT APPLICABLE,,CITY STREET,35,1 - CLEAR,40,0,W - WHITE,1 - MALE,1 - NOT WORN,C - POSSIBLE INJURY,POINT (-97.72339247 30.29560477),152566402,152566401,0,129014479,False,4,Red River Street,secondary,23.506,,,,,,,,Red River Street,2.4902313624273788e-05,3.266479388515058e-05
495,15659892,Yes,NO,30614,1.4,TRUE,30614,2019,No,3/18/17,N - NOT INJURED,SATURDAY,30.2618442,"3 - DARK, LIGHTED",-97.73886871,ONE MOTOR VEHICLE - TURNING RIGHT,NOT APPLICABLE,1.3,US & STATE HIGHWAYS,-1,2 - CLOUDY,36,0,W - WHITE,1 - MALE,1 - NOT WORN,N - NOT INJURED,POINT (-97.73886871 30.2618442),152414777,152496891,0,"[128928824, 37749547, 37749548]",False,3,Red River Street,secondary,218.91500000000002,,yes,,,,,,Red River Street,2.924932874399054e-05,3.266479388515058e-05
496,15659892,Yes,NO,30614,1.4,TRUE,30614,2019,No,3/18/17,N - NOT INJURED,SATURDAY,30.2618442,"3 - DARK, LIGHTED",-97.73886871,ONE MOTOR VEHICLE - TURNING RIGHT,NOT APPLICABLE,1.3,US & STATE HIGHWAYS,-1,2 - CLOUDY,36,0,W - WHITE,1 - MALE,1 - NOT WORN,N - NOT INJURED,POINT (-97.73886871 30.2618442),152496891,152414777,0,"[128928824, 37749547, 37749548]",False,3,Red River Street,secondary,218.91500000000002,,yes,,,,,,Red River Street,2.924932874399054e-05,3.266479388515058e-05
497,15795117,No,NO,,,FALSE,,,No,5/14/17,N - NOT INJURED,SUNDAY,30.27453173,"3 - DARK, LIGHTED",-97.73512657,ONE MOTOR VEHICLE - BACKING,ONE VEHICLE LEAVING DRIVEWAY,,CITY STREET,35,1 - CLEAR,43,0,W - WHITE,1 - MALE,1 - NOT WORN,N - NOT INJURED,POINT (-97.73512657 30.27453173),152435902,1421134722,0,436610721,False,5,Red River Street,secondary,53.061,,,,,,,,Red River Street,0.0005868366023021219,3.266479388515058e-05
498,15795117,No,NO,,,FALSE,,,No,5/14/17,N - NOT INJURED,SUNDAY,30.27453173,"3 - DARK, LIGHTED",-97.73512657,ONE MOTOR VEHICLE - BACKING,ONE VEHICLE LEAVING DRIVEWAY,,CITY STREET,35,1 - CLEAR,43,0,W - WHITE,1 - MALE,1 - NOT WORN,N - NOT INJURED,POINT (-97.73512657 30.27453173),1421134722,152435902,0,436610721,False,5,Red River Street,secondary,53.061,,,,,,,,Red River Street,0.0005868366023021219,3.266479388515058e-05
499,15948412,No,NO,,,FALSE,,,No,9/2/17,B - SUSPECTED MINOR INJURY,SATURDAY,30.26915465,"3 - DARK, LIGHTED",-97.7361923,ONE MOTOR VEHICLE - GOING STRAIGHT,VEHICLE PASSING OR ATTEMPTING TO PASS ON RIGHT,,CITY STREET,30,1 - CLEAR,32,0,W - WHITE,2 - FEMALE,"4 - WORN, UNK DAMAGE",B - SUSPECTED MINOR INJURY,POINT (-97.7361923 30.26915465),152460230,152566316,0,315821986,False,,Red River Street,secondary,111.13,,,,,,,,Red River Street,2.003463430285919e-06,3.266479388515058e-05
500,16015419,No,NO,30614,1.4,TRUE,30614,2019,Yes,9/29/17,B - SUSPECTED MINOR INJURY,FRIDAY,30.2618442,"3 - DARK, LIGHTED",-97.73886871,ONE MOTOR VEHICLE - TURNING RIGHT,CONSTRUCTION - WITHIN POSTED ROAD CONSTRUCTION ZONE (NOT RELATED TO CRASH),1.3,US & STATE HIGHWAYS,-1,1 - CLEAR,54,0,98 - OTHER,1 - MALE,1 - NOT WORN,B - SUSPECTED MINOR INJURY,POINT (-97.73886871 30.2618442),152414777,152496891,0,"[128928824, 37749547, 37749548]",False,3,Red River Street,secondary,218.91500000000002,,yes,,,,,,Red River Street,2.924932874399054e-05,3.266479388515058e-05
501,16015419,No,NO,30614,1.4,TRUE,30614,2019,Yes,9/29/17,B - SUSPECTED MINOR INJURY,FRIDAY,30.2618442,"3 - DARK, LIGHTED",-97.73886871,ONE MOTOR VEHICLE - TURNING RIGHT,CONSTRUCTION - WITHIN POSTED ROAD CONSTRUCTION ZONE (NOT RELATED TO CRASH),1.3,US & STATE HIGHWAYS,-1,1 - CLEAR,54,0,98 - OTHER,1 - MALE,1 - NOT WORN,B - SUSPECTED MINOR INJURY,POINT (-97.73886871 30.2618442),152496891,152414777,0,"[128928824, 37749547, 37749548]",False,3,Red River Street,secondary,218.91500000000002,,yes,,,,,,Red River Street,2.924932874399054e-05,3.266479388515058e-05
502,17061396,Yes,NO,,,TRUE,,,No,3/16/19,B - SUSPECTED MINOR INJURY,SATURDAY,30.27222478,1 - DAYLIGHT,-97.73504246,ONE MOTOR VEHICLE - GOING STRAIGHT,ATTENTION DIVERTED FROM DRIVING,,CITY STREET,30,2 - CLOUDY,35,0,H - HISPANIC,1 - MALE,1 - NOT WORN,B - SUSPECTED MINOR INJURY,POINT (-97.73504246 30.27222478),1073400830,152495620,0,"[37749569, 37749570, 204989758]",False,,Red River Street,secondary,126.56800000000001,,yes,,,,,,Red River Street,3.399163921598259e-06,3.266479388515058e-05
503,17953559,Yes,NO,30614,1.4,TRUE,30614,2019,No,11/5/20,B - SUSPECTED MINOR INJURY,THURSDAY,30.26184344,1 - DAYLIGHT,-97.73886597,ONE MOTOR VEHICLE - GOING STRAIGHT,ATTENTION DIVERTED FROM DRIVING,1.3,CITY STREET,-1,1 - CLEAR,26,0,W - WHITE,2 - FEMALE,99 - UNKNOWN IF WORN,B - SUSPECTED MINOR INJURY,POINT (-97.73886597 30.26184344),152414777,152496891,0,"[128928824, 37749547, 37749548]",False,3,Red River Street,secondary,218.91500000000002,,yes,,,,,,Red River Street,2.6594111996745153e-05,3.266479388515058e-05
504,17953559,Yes,NO,30614,1.4,TRUE,30614,2019,No,11/5/20,B - SUSPECTED MINOR INJURY,THURSDAY,30.26184344,1 - DAYLIGHT,-97.73886597,ONE MOTOR VEHICLE - GOING STRAIGHT,ATTENTION DIVERTED FROM DRIVING,1.3,CITY STREET,-1,1 - CLEAR,26,0,W - WHITE,2 - FEMALE,99 - UNKNOWN IF WORN,B - SUSPECTED MINOR INJURY,POINT (-97.73886597 30.26184344),152496891,152414777,0,"[128928824, 37749547, 37749548]",False,3,Red River Street,secondary,218.91500000000002,,yes,,,,,,Red River Street,2.6594111996745153e-05,3.266479388515058e-05
505,18613808,No,NO,30614,1.4,TRUE,30614,2019,No,7/29/21,B - SUSPECTED MINOR INJURY,THURSDAY,30.26184344,1 - DAYLIGHT,-97.73886597,ONE MOTOR VEHICLE - GOING STRAIGHT,NOT APPLICABLE,1.3,CITY STREET,-1,1 - CLEAR,31,0,W - WHITE,1 - MALE,"4 - WORN, UNK DAMAGE",B - SUSPECTED MINOR INJURY,POINT (-97.73886597 30.26184344),152414777,152496891,0,"[128928824, 37749547, 37749548]",False,3,Red River Street,secondary,218.91500000000002,,yes,,,,,,Red River Street,2.6594111996745153e-05,3.266479388515058e-05
506,18613808,No,NO,30614,1.4,TRUE,30614,2019,No,7/29/21,B - SUSPECTED MINOR INJURY,THURSDAY,30.26184344,1 - DAYLIGHT,-97.73886597,ONE MOTOR VEHICLE - GOING STRAIGHT,NOT APPLICABLE,1.3,CITY STREET,-1,1 - CLEAR,31,0,W - WHITE,1 - MALE,"4 - WORN, UNK DAMAGE",B - SUSPECTED MINOR INJURY,POINT (-97.73886597 30.26184344),152496891,152414777,0,"[128928824, 37749547, 37749548]",False,3,Red River Street,secondary,218.91500000000002,,yes,,,,,,Red River Street,2.6594111996745153e-05,3.266479388515058e-05
507,18510668,No,NO,,,TRUE,,,No,10/4/21,B - SUSPECTED MINOR INJURY,MONDAY,30.29103477,1 - DAYLIGHT,-97.72712247,ONE MOTOR VEHICLE - TURNING LEFT,NOT APPLICABLE,,CITY STREET,30,1 - CLEAR,25,0,W - WHITE,1 - MALE,"3 - WORN, NOT DAMAGED",B - SUSPECTED MINOR INJURY,POINT (-97.72712247 30.29103477),152566387,152566386,0,"[436632393, 655414148, 436632397]",False,"['5', '4']",Red River Street,secondary,84.583,,,,,,,,Red River Street,2.3691449293667687e-05,3.266479388515058e-05
508,18510668,No,NO,,,TRUE,,,No,10/4/21,B - SUSPECTED MINOR INJURY,MONDAY,30.29103477,1 - DAYLIGHT,-97.72712247,ONE MOTOR VEHICLE - TURNING LEFT,NOT APPLICABLE,,CITY STREET,30,1 - CLEAR,25,0,W - WHITE,1 - MALE,"3 - WORN, NOT DAMAGED",B - SUSPECTED MINOR INJURY,POINT (-97.72712247 30.29103477),152566386,152566387,0,"[436632393, 655414148, 436632397]",False,"['5', '4']",Red River Street,secondary,84.58300000000001,,,,,,,,Red River Street,2.3691449293667687e-05,3.266479388515058e-05
509,12609310,No,NO,,,FALSE,,,No,2/15/12,B - SUSPECTED MINOR INJURY,WEDNESDAY,30.26468259,1 - DAYLIGHT,-97.74910949,ONE MOTOR VEHICLE - GOING STRAIGHT,NOT APPLICABLE,,CITY STREET,30,2 - CLOUDY,33,0,W - WHITE,1 - MALE,"3 - WORN, NOT DAMAGED",B - SUSPECTED MINOR INJURY,POINT (-97.74910949 30.26468259),152509955,152442425,0,"[876463369, 15394746]",False,,San Antonio Street,residential,107.716,,,,,,,,San Antonio Street,1.7369666728833313e-06,2.287073460799561e-05
510,13061976,No,NO,,,FALSE,,,No,9/14/12,B - SUSPECTED MINOR INJURY,FRIDAY,30.28624143,"3 - DARK, LIGHTED",-97.74277598,ONE MOTOR VEHICLE - TURNING LEFT,ONE VEHICLE ENTERING DRIVEWAY,,CITY STREET,30,3 - RAIN,19,0,W - WHITE,1 - MALE,"3 - WORN, NOT DAMAGED",B - SUSPECTED MINOR INJURY,POINT (-97.74277598 30.28624143),152583451,152581414,0,15394751,True,,San Antonio Street,residential,162.74800000000002,,,,,,,,San Antonio Street,2.698548129685628e-05,2.287073460799561e-05
511,13019010,No,NO,43724,1.2,TRUE,43724,2019,No,11/27/12,B - SUSPECTED MINOR INJURY,TUESDAY,30.26468702,1 - DAYLIGHT,-97.74910901,ONE MOTOR VEHICLE - TURNING RIGHT,NOT APPLICABLE,1.1,US & STATE HIGHWAYS,35,2 - CLOUDY,59,0,B - BLACK,1 - MALE,1 - NOT WORN,B - SUSPECTED MINOR INJURY,POINT (-97.74910901 30.26468702),152509955,152442425,0,"[876463369, 15394746]",False,,San Antonio Street,residential,107.716,,,,,,,,San Antonio Street,6.206664088482461e-07,2.287073460799561e-05
512,14039282,No,NO,,,TRUE,,,No,8/31/14,N - NOT INJURED,SUNDAY,30.26932478,"3 - DARK, LIGHTED",-97.74736246,ONE MOTOR VEHICLE - TURNING LEFT,ATTENTION DIVERTED FROM DRIVING,,CITY STREET,-1,1 - CLEAR,24,0,B - BLACK,1 - MALE,1 - NOT WORN,N - NOT INJURED,POINT (-97.74736246 30.26932478),152583391,2641443833,0,40526566,False,,San Antonio Street,residential,109.087,,,,,,,,San Antonio Street,1.1553235012848742e-05,2.287073460799561e-05
513,14039282,No,NO,,,TRUE,,,No,8/31/14,N - NOT INJURED,SUNDAY,30.26932478,"3 - DARK, LIGHTED",-97.74736246,ONE MOTOR VEHICLE - TURNING LEFT,ATTENTION DIVERTED FROM DRIVING,,CITY STREET,-1,1 - CLEAR,24,0,B - BLACK,1 - MALE,1 - NOT WORN,N - NOT INJURED,POINT (-97.74736246 30.26932478),2641443833,152583391,0,40526566,False,,San Antonio Street,residential,109.087,,,,,,,,San Antonio Street,1.1553235012848742e-05,2.287073460799561e-05
514,16119769,No,NO,43724,1.2,TRUE,43724,2019,No,12/1/17,C - POSSIBLE INJURY,FRIDAY,30.26468702,"2 - DARK, NOT LIGHTED",-97.74910901,ONE MOTOR VEHICLE - TURNING LEFT,NOT APPLICABLE,1.1,US & STATE HIGHWAYS,35,1 - CLEAR,38,0,B - BLACK,1 - MALE,1 - NOT WORN,C - POSSIBLE INJURY,POINT (-97.74910901 30.26468702),152509955,152442425,0,"[876463369, 15394746]",False,,San Antonio Street,residential,107.716,,,,,,,,San Antonio Street,6.206664088482461e-07,2.287073460799561e-05
515,16631840,Yes,NO,,,FALSE,,,No,9/17/18,B - SUSPECTED MINOR INJURY,MONDAY,30.28737495,1 - DAYLIGHT,-97.74267123,ONE MOTOR VEHICLE - TURNING LEFT,ONE VEHICLE LEAVING DRIVEWAY,,CITY STREET,-1,1 - CLEAR,19,0,W - WHITE,2 - FEMALE,1 - NOT WORN,B - SUSPECTED MINOR INJURY,POINT (-97.74267123 30.28737495),152581414,152583452,0,15394751,True,,San Antonio Street,residential,139.518,,,,,,,,San Antonio Street,1.9342934691648735e-05,2.287073460799561e-05
516,12609273,No,NO,39364,3.3,FALSE,39364,2019,No,2/19/12,B - SUSPECTED MINOR INJURY,SUNDAY,30.43741614,1 - DAYLIGHT,-97.8382662,ONE MOTOR VEHICLE - TURNING LEFT,ONE VEHICLE ENTERING DRIVEWAY,2.3,FARM TO MARKET,60,1 - CLEAR,27,0,W - WHITE,1 - MALE,"3 - WORN, NOT DAMAGED",B - SUSPECTED MINOR INJURY,POINT (-97.8382662 30.43741614),4086626059,4086626053,0,"[406610508, 606402478]",False,,Bayshore Bend,residential,266.352,,,,,,,,Bayshore Bend,0.0019902369501134326,2.540392236561325e-05
517,12609273,No,NO,39364,3.3,FALSE,39364,2019,No,2/19/12,B - SUSPECTED MINOR INJURY,SUNDAY,30.43741614,1 - DAYLIGHT,-97.8382662,ONE MOTOR VEHICLE - TURNING LEFT,ONE VEHICLE ENTERING DRIVEWAY,2.3,FARM TO MARKET,60,1 - CLEAR,27,0,W - WHITE,1 - MALE,"3 - WORN, NOT DAMAGED",B - SUSPECTED MINOR INJURY,POINT (-97.8382662 30.43741614),4086626053,4086626059,0,"[406610508, 606402478]",False,,Bayshore Bend,residential,266.35200000000003,,,,,,,,Bayshore Bend,0.0019902369501134326,2.540392236561325e-05
518,12601359,No,NO,,,TRUE,,,No,2/21/12,C - POSSIBLE INJURY,TUESDAY,30.21521479,"3 - DARK, LIGHTED",-97.76879246,ONE MOTOR VEHICLE - TURNING LEFT,NOT APPLICABLE,,CITY STREET,40,1 - CLEAR,30,0,W - WHITE,2 - FEMALE,1 - NOT WORN,C - POSSIBLE INJURY,POINT (-97.76879246 30.21521479),152398025,152398031,0,"[618799312, 436617116]",False,5,South Congress Avenue,primary,294.032,,,,,,,,South Congress Avenue,8.750312309546994e-08,7.1365871412972885e-06
519,12674776,No,NO,,,FALSE,,,No,3/29/12,B - SUSPECTED MINOR INJURY,THURSDAY,30.23868482,1 - DAYLIGHT,-97.75363716,ONE MOTOR VEHICLE - TURNING LEFT,ONE VEHICLE ENTERING DRIVEWAY,,CITY STREET,35,2 - CLOUDY,28,0,W - WHITE,2 - FEMALE,1 - NOT WORN,B - SUSPECTED MINOR INJURY,POINT (-97.75363716 30.23868482),152397949,152397946,0,"[15377298, 436725443]",False,"['5', '6']",South Congress Avenue,primary,221.014,,,,,,,,South Congress Avenue,2.0669378246074935e-05,7.1365871412972885e-06
520,12674776,No,NO,,,FALSE,,,No,3/29/12,B - SUSPECTED MINOR INJURY,THURSDAY,30.23868482,1 - DAYLIGHT,-97.75363716,ONE MOTOR VEHICLE - TURNING LEFT,ONE VEHICLE ENTERING DRIVEWAY,,CITY STREET,35,2 - CLOUDY,28,0,W - WHITE,2 - FEMALE,1 - NOT WORN,B - SUSPECTED MINOR INJURY,POINT (-97.75363716 30.23868482),152397946,152397949,0,"[15377298, 436725443]",False,"['5', '6']",South Congress Avenue,primary,221.01399999999995,,,,,,,,South Congress Avenue,2.0669378246074935e-05,7.1365871412972885e-06
521,12705824,No,NO,,,FALSE,,,No,4/2/12,B - SUSPECTED MINOR INJURY,MONDAY,30.23105478,1 - DAYLIGHT,-97.75934247,ONE MOTOR VEHICLE - GOING STRAIGHT,NOT APPLICABLE,,CITY STREET,35,1 - CLEAR,57,0,H - HISPANIC,1 - MALE,1 - NOT WORN,B - SUSPECTED MINOR INJURY,POINT (-97.75934247 30.23105478),152397975,152397969,0,618799293,False,5,South Congress Avenue,primary,91.41399999999999,,,,,,,,South Congress Avenue,1.937274584289062e-05,7.1365871412972885e-06
522,12650225,Yes,NO,,,FALSE,,,No,4/7/12,B - SUSPECTED MINOR INJURY,SATURDAY,30.23176585,1 - DAYLIGHT,-97.75893107,ONE MOTOR VEHICLE - TURNING LEFT,ONE VEHICLE ENTERING DRIVEWAY,,CITY STREET,45,1 - CLEAR,28,0,W - WHITE,2 - FEMALE,1 - NOT WORN,B - SUSPECTED MINOR INJURY,POINT (-97.75893107 30.23176585),152397966,152397969,0,"[618799282, 618799286]",False,"['5', '4']",South Congress Avenue,primary,89.467,,,,,,,,South Congress Avenue,6.934301070022257e-06,7.1365871412972885e-06
523,12650238,No,NO,,,TRUE,,,No,4/7/12,B - SUSPECTED MINOR INJURY,SATURDAY,30.25890478,1 - DAYLIGHT,-97.74621246,ONE MOTOR VEHICLE - GOING STRAIGHT,NOT APPLICABLE,,US & STATE HIGHWAYS,0,1 - CLEAR,33,0,W - WHITE,2 - FEMALE,1 - NOT WORN,B - SUSPECTED MINOR INJURY,POINT (-97.74621246 30.25890478),152398145,152398147,0,"[436624324, 436624325, 618799268, 756867597, 436631391, 263445404, 436631389, 618799263]",False,"['4', '6']",South Congress Avenue,primary,207.15900000000002,,,30 mph,,,,,South Congress Avenue,2.256356859653107e-05,7.1365871412972885e-06
524,12678281,No,NO,,,FALSE,,,No,4/25/12,B - SUSPECTED MINOR INJURY,WEDNESDAY,30.24284863,1 - DAYLIGHT,-97.75217197,ONE MOTOR VEHICLE - TURNING LEFT,NOT APPLICABLE,,CITY STREET,40,1 - CLEAR,48,0,W - WHITE,2 - FEMALE,"4 - WORN, UNK DAMAGE",B - SUSPECTED MINOR INJURY,POINT (-97.75217197 30.24284863),152397932,152397936,0,436725438,False,5,South Congress Avenue,primary,112.03899999999999,,,30 mph,,,,,South Congress Avenue,2.642105457786093e-05,7.1365871412972885e-06
525,12781979,No,NO,,,TRUE,,,No,7/2/12,A - SUSPECTED SERIOUS INJURY,MONDAY,30.22964479,1 - DAYLIGHT,-97.76025246,ONE MOTOR VEHICLE - TURNING LEFT,NOT APPLICABLE,,CITY STREET,35,2 - CLOUDY,51,0,W - WHITE,1 - MALE,"2 - WORN, DAMAGED",A - SUSPECTED SERIOUS INJURY,POINT (-97.76025246 30.22964479),152397978,152397981,0,618799293,False,5,South Congress Avenue,primary,199.61399999999998,,,,,,,,South Congress Avenue,3.1178987676062724e-06,7.1365871412972885e-06
526,12782082,No,NO,,,FALSE,,,No,7/3/12,B - SUSPECTED MINOR INJURY,TUESDAY,30.22225283,1 - DAYLIGHT,-97.76435087,ONE MOTOR VEHICLE - TURNING RIGHT,ONE VEHICLE LEAVING DRIVEWAY,,CITY STREET,40,1 - CLEAR,23,0,W - WHITE,1 - MALE,1 - NOT WORN,B - SUSPECTED MINOR INJURY,POINT (-97.76435087 30.22225283),152398005,1767320312,0,618799301,False,5,South Congress Avenue,primary,48.369,,,,,,,,South Congress Avenue,7.322374035868205e-06,7.1365871412972885e-06
527,12782082,No,NO,,,FALSE,,,No,7/3/12,B - SUSPECTED MINOR INJURY,TUESDAY,30.22225283,1 - DAYLIGHT,-97.76435087,ONE MOTOR VEHICLE - TURNING RIGHT,ONE VEHICLE LEAVING DRIVEWAY,,CITY STREET,40,1 - CLEAR,23,0,W - WHITE,1 - MALE,1 - NOT WORN,B - SUSPECTED MINOR INJURY,POINT (-97.76435087 30.22225283),1767320312,152398005,0,618799301,False,5,South Congress Avenue,primary,48.369,,,,,,,,South Congress Avenue,7.322374035868205e-06,7.1365871412972885e-06
528,12793501,Yes,NO,,,TRUE,,,No,7/9/12,A - SUSPECTED SERIOUS INJURY,MONDAY,30.22964479,1 - DAYLIGHT,-97.76025246,ONE MOTOR VEHICLE - GOING STRAIGHT,NOT APPLICABLE,,CITY STREET,35,1 - CLEAR,28,0,W - WHITE,1 - MALE,1 - NOT WORN,A - SUSPECTED SERIOUS INJURY,POINT (-97.76025246 30.22964479),152397978,152397981,0,618799293,False,5,South Congress Avenue,primary,199.61399999999998,,,,,,,,South Congress Avenue,3.1178987676062724e-06,7.1365871412972885e-06
529,12805704,No,NO,,,FALSE,,,No,7/15/12,C - POSSIBLE INJURY,SUNDAY,30.25036649,1 - DAYLIGHT,-97.74940737,ONE MOTOR VEHICLE - TURNING LEFT,ONE VEHICLE ENTERING DRIVEWAY,,CITY STREET,0,1 - CLEAR,31,0,W - WHITE,1 - MALE,1 - NOT WORN,C - POSSIBLE INJURY,POINT (-97.74940737 30.25036649),152397897,152397893,0,436631402,False,5,South Congress Avenue,primary,133.20499999999998,,,30 mph,,,,,South Congress Avenue,2.9868304363732483e-05,7.1365871412972885e-06
530,12805704,No,NO,,,FALSE,,,No,7/15/12,C - POSSIBLE INJURY,SUNDAY,30.25036649,1 - DAYLIGHT,-97.74940737,ONE MOTOR VEHICLE - TURNING LEFT,ONE VEHICLE ENTERING DRIVEWAY,,CITY STREET,0,1 - CLEAR,31,0,W - WHITE,1 - MALE,1 - NOT WORN,C - POSSIBLE INJURY,POINT (-97.74940737 30.25036649),152397893,152397897,0,436631402,False,5,South Congress Avenue,primary,133.205,,,30 mph,,,,,South Congress Avenue,2.9868304363732483e-05,7.1365871412972885e-06
531,12864513,Yes,NO,,,FALSE,,,No,8/22/12,A - SUSPECTED SERIOUS INJURY,WEDNESDAY,30.24344295,"3 - DARK, LIGHTED",-97.75195719,ONE MOTOR VEHICLE - TURNING LEFT,ONE VEHICLE ENTERING DRIVEWAY,,CITY STREET,35,1 - CLEAR,27,0,W - WHITE,1 - MALE,"3 - WORN, NOT DAMAGED",A - SUSPECTED SERIOUS INJURY,POINT (-97.75195719 30.24344295),152397932,152397928,0,436725438,False,5,South Congress Avenue,primary,74.735,,,30 mph,,,,,South Congress Avenue,8.659666061327225e-06,7.1365871412972885e-06
532,12994559,Yes,NO,,,TRUE,,,No,10/2/12,B - SUSPECTED MINOR INJURY,TUESDAY,30.23550479,1 - DAYLIGHT,-97.75636246,ONE MOTOR VEHICLE - TURNING LEFT,NOT APPLICABLE,,CITY STREET,0,1 - CLEAR,23,0,H - HISPANIC,1 - MALE,1 - NOT WORN,B - SUSPECTED MINOR INJURY,POINT (-97.75636246 30.23550479),1652621374,152397952,0,15377298,False,5,South Congress Avenue,primary,319.29999999999995,,,,,,,,South Congress Avenue,1.3305794659912613e-05,7.1365871412972885e-06
533,13018859,No,NO,,,TRUE,,,No,11/28/12,C - POSSIBLE INJURY,WEDNESDAY,30.22151479,6 - DUSK,-97.76480246,ONE MOTOR VEHICLE - GOING STRAIGHT,ATTENTION DIVERTED FROM DRIVING,,CITY STREET,35,1 - CLEAR,52,0,W - WHITE,1 - MALE,1 - NOT WORN,C - POSSIBLE INJURY,POINT (-97.76480246 30.22151479),1767320312,152398007,0,"[655477696, 51713858]",False,"['5', '4']",South Congress Avenue,primary,82.12,,,,,,,,South Congress Avenue,2.767691341623486e-07,7.1365871412972885e-06
534,13094521,No,NO,,,FALSE,,,No,1/20/13,B - SUSPECTED MINOR INJURY,SUNDAY,30.18393483,1 - DAYLIGHT,-97.78181033,ONE MOTOR VEHICLE - GOING STRAIGHT,ATTENTION DIVERTED FROM DRIVING,,CITY STREET,45,1 - CLEAR,18,0,H - HISPANIC,2 - FEMALE,1 - NOT WORN,B - SUSPECTED MINOR INJURY,POINT (-97.78181033 30.18393483),152398093,5526812637,0,204869516,False,5,South Congress Avenue,primary,102.423,Loop 275,,,,,,,South Congress Avenue,2.45640759034201e-06,7.1365871412972885e-06
535,13224577,No,NO,,,FALSE,,,No,2/4/13,C - POSSIBLE INJURY,MONDAY,30.25716774,1 - DAYLIGHT,-97.74687728,ONE MOTOR VEHICLE - GOING STRAIGHT,SLOWING/STOPPING-TO MAKE RIGHT TURN,,CITY STREET,35,1 - CLEAR,21,0,W - WHITE,1 - MALE,1 - NOT WORN,C - POSSIBLE INJURY,POINT (-97.74687728 30.25716774),152398145,152398147,0,"[436624324, 436624325, 618799268, 756867597, 436631391, 263445404, 436631389, 618799263]",False,"['4', '6']",South Congress Avenue,primary,207.15900000000002,,,30 mph,,,,,South Congress Avenue,1.0673908080592937e-05,7.1365871412972885e-06
536,13229944,No,NO,,,FALSE,,,No,4/7/13,B - SUSPECTED MINOR INJURY,SUNDAY,30.24916617,1 - DAYLIGHT,-97.74985683,ONE MOTOR VEHICLE - GOING STRAIGHT,NOT APPLICABLE,,CITY STREET,35,1 - CLEAR,34,0,W - WHITE,1 - MALE,1 - NOT WORN,B - SUSPECTED MINOR INJURY,POINT (-97.74985683 30.24916617),152397900,152397904,0,"[436631393, 436631402]",False,5,South Congress Avenue,primary,108.047,,,30 mph,,,,,South Congress Avenue,2.1211803079950485e-05,7.1365871412972885e-06
537,13255081,No,NO,,,FALSE,,,No,4/26/13,B - SUSPECTED MINOR INJURY,FRIDAY,30.19892935,1 - DAYLIGHT,-97.77650758,ONE MOTOR VEHICLE - GOING STRAIGHT,VEHICLE CHANGING LANES,,CITY STREET,45,3 - RAIN,,0,W - WHITE,1 - MALE,1 - NOT WORN,B - SUSPECTED MINOR INJURY,POINT (-97.77650758 30.19892935),152398071,3253101279,0,150194012,False,4,South Congress Avenue,primary,187.729,Loop 275,,,,,,,South Congress Avenue,2.440619415111288e-05,7.1365871412972885e-06
538,13292067,No,NO,,,TRUE,,,No,5/17/13,B - SUSPECTED MINOR INJURY,FRIDAY,30.24516478,1 - DAYLIGHT,-97.75132246,ONE MOTOR VEHICLE - GOING STRAIGHT,ATTENTION DIVERTED FROM DRIVING,,CITY STREET,0,1 - CLEAR,40,0,W - WHITE,1 - MALE,1 - NOT WORN,B - SUSPECTED MINOR INJURY,POINT (-97.75132246 30.24516478),152397922,152397925,0,"[436725438, 436631398]",False,5,South Congress Avenue,primary,107.633,,,30 mph,,,,,South Congress Avenue,1.454165771062454e-06,7.1365871412972885e-06