,Crash ID,$1000 Damage to Any One Person's Property,Active School Zone Flag,Adjusted Average Daily Traffic Amount,Adjusted Percentage of Average Daily Traffic For Trucks,At Intersection Flag,Average Daily Traffic Amount,Average Daily Traffic Year,Construction Zone Flag,Crash Date,Crash Severity,Day of Week,Latitude,Light Condition,Longitude,Manner of Collision,Other Factor,Percentage of Single Unit Truck Average Daily Traffic,Road Class,Speed Limit,Weather Condition,Person Age,Person Death Count,Person Ethnicity,Person Gender,Person Helmet,Person Injury Severity,geometry,index_right0,index_right1,index_right2,osmid,oneway,lanes,name,highway,length,ref,bridge,maxspeed,access,tunnel,junction,service,names,distance,Crash Rate
624,17109524,Yes,NO,,,FALSE,,,No,6/4/19,B - SUSPECTED MINOR INJURY,TUESDAY,30.25280571,"2 - DARK, NOT LIGHTED",-97.74849458,ONE MOTOR VEHICLE - GOING STRAIGHT,NOT APPLICABLE,,CITY STREET,30,1 - CLEAR,52,0,W - WHITE,1 - MALE,1 - NOT WORN,B - SUSPECTED MINOR INJURY,POINT (-97.74849458 30.25280571),152397884,4954055824,0,"[775406585, 436631397]",False,5,South Congress Avenue,primary,260.151,,,30 mph,,,,,South Congress Avenue,7.259524194945811e-06,7.1365871412972885e-06
625,17138276,No,NO,,,TRUE,,,No,6/19/19,A - SUSPECTED SERIOUS INJURY,WEDNESDAY,30.21728979,1 - DAYLIGHT,-97.76746746,ONE MOTOR VEHICLE - TURNING RIGHT,NOT APPLICABLE,,CITY STREET,35,1 - CLEAR,54,0,W - WHITE,2 - FEMALE,1 - NOT WORN,A - SUSPECTED SERIOUS INJURY,POINT (-97.76746746 30.21728979),152398031,152398025,0,"[618799312, 436617116]",False,5,South Congress Avenue,primary,294.032,,,,,,,,South Congress Avenue,5.002034721308761e-07,7.1365871412972885e-06
626,17138276,No,NO,,,TRUE,,,No,6/19/19,A - SUSPECTED SERIOUS INJURY,WEDNESDAY,30.21728979,1 - DAYLIGHT,-97.76746746,ONE MOTOR VEHICLE - TURNING RIGHT,NOT APPLICABLE,,CITY STREET,35,1 - CLEAR,54,0,W - WHITE,2 - FEMALE,1 - NOT WORN,A - SUSPECTED SERIOUS INJURY,POINT (-97.76746746 30.21728979),152398025,152398031,0,"[618799312, 436617116]",False,5,South Congress Avenue,primary,294.032,,,,,,,,South Congress Avenue,5.002034721308761e-07,7.1365871412972885e-06
627,17158742,No,NO,,,FALSE,,,No,6/28/19,B - SUSPECTED MINOR INJURY,FRIDAY,30.23723479,1 - DAYLIGHT,-97.75487079,ONE MOTOR VEHICLE - TURNING RIGHT,ONE VEHICLE ENTERING DRIVEWAY,,CITY STREET,35,2 - CLOUDY,47,0,W - WHITE,2 - FEMALE,"3 - WORN, NOT DAMAGED",B - SUSPECTED MINOR INJURY,POINT (-97.75487079 30.23723479),152397949,152397946,0,"[15377298, 436725443]",False,"['5', '6']",South Congress Avenue,primary,221.014,,,,,,,,South Congress Avenue,2.0446108019487927e-05,7.1365871412972885e-06
628,17158742,No,NO,,,FALSE,,,No,6/28/19,B - SUSPECTED MINOR INJURY,FRIDAY,30.23723479,1 - DAYLIGHT,-97.75487079,ONE MOTOR VEHICLE - TURNING RIGHT,ONE VEHICLE ENTERING DRIVEWAY,,CITY STREET,35,2 - CLOUDY,47,0,W - WHITE,2 - FEMALE,"3 - WORN, NOT DAMAGED",B - SUSPECTED MINOR INJURY,POINT (-97.75487079 30.23723479),152397946,152397949,0,"[15377298, 436725443]",False,"['5', '6']",South Congress Avenue,primary,221.01399999999995,,,,,,,,South Congress Avenue,2.0446108019487927e-05,7.1365871412972885e-06
629,17184170,Yes,NO,,,FALSE,,,No,7/17/19,B - SUSPECTED MINOR INJURY,WEDNESDAY,30.22146631,1 - DAYLIGHT,-97.76483209,ONE MOTOR VEHICLE - GOING STRAIGHT,ONE VEHICLE LEAVING DRIVEWAY,,CITY STREET,-1,1 - CLEAR,59,0,W - WHITE,1 - MALE,1 - NOT WORN,B - SUSPECTED MINOR INJURY,POINT (-97.76483209 30.22146631),1767320312,152398007,0,"[655477696, 51713858]",False,"['5', '4']",South Congress Avenue,primary,82.12,,,,,,,,South Congress Avenue,5.6406487345194105e-08,7.1365871412972885e-06
630,17199752,No,NO,,,FALSE,,,No,7/25/19,B - SUSPECTED MINOR INJURY,THURSDAY,30.25532404,1 - DAYLIGHT,-97.74754772,ONE MOTOR VEHICLE - GOING STRAIGHT,ONE VEHICLE ENTERING DRIVEWAY,,CITY STREET,35,1 - CLEAR,32,0,W - WHITE,2 - FEMALE,"3 - WORN, NOT DAMAGED",B - SUSPECTED MINOR INJURY,POINT (-97.74754772 30.25532404),152398147,5565792454,0,"[436631395, 436631399, 775406588, 775406585, 775406586, 775406587, 201711356, 263445405, 436631390]",False,"['7', '5', '4']",South Congress Avenue,primary,231.18899999999996,,yes,30 mph,,,,,South Congress Avenue,2.4676575571401682e-05,7.1365871412972885e-06
631,17199752,No,NO,,,FALSE,,,No,7/25/19,B - SUSPECTED MINOR INJURY,THURSDAY,30.25532404,1 - DAYLIGHT,-97.74754772,ONE MOTOR VEHICLE - GOING STRAIGHT,ONE VEHICLE ENTERING DRIVEWAY,,CITY STREET,35,1 - CLEAR,32,0,W - WHITE,2 - FEMALE,"3 - WORN, NOT DAMAGED",B - SUSPECTED MINOR INJURY,POINT (-97.74754772 30.25532404),5565792454,152398147,0,"[436631395, 201711356, 436631399, 775406585, 775406586, 775406587, 775406588, 263445405, 436631390]",False,"['7', '5', '4']",South Congress Avenue,primary,231.18900000000002,,yes,30 mph,,,,,South Congress Avenue,2.4676575571401682e-05,7.1365871412972885e-06
632,17210671,No,NO,,,TRUE,,,No,8/1/19,B - SUSPECTED MINOR INJURY,THURSDAY,30.23988478,1 - DAYLIGHT,-97.75284246,ONE MOTOR VEHICLE - TURNING RIGHT,NOT APPLICABLE,,CITY STREET,35,1 - CLEAR,30,0,W - WHITE,1 - MALE,"2 - WORN, DAMAGED",B - SUSPECTED MINOR INJURY,POINT (-97.75284246 30.23988478),152397946,152388342,0,"[436725442, 964095622]",False,"['5', '6']",South Congress Avenue,primary,151.979,,,30 mph,,,,,South Congress Avenue,1.5487826257612198e-05,7.1365871412972885e-06
633,17316765,No,NO,,,FALSE,,,Yes,9/28/19,B - SUSPECTED MINOR INJURY,SATURDAY,30.25239692,1 - DAYLIGHT,-97.74864985,ONE MOTOR VEHICLE - GOING STRAIGHT,CONSTRUCTION - WITHIN POSTED ROAD CONSTRUCTION ZONE (NOT RELATED TO CRASH),,CITY STREET,-1,1 - CLEAR,52,0,W - WHITE,2 - FEMALE,1 - NOT WORN,B - SUSPECTED MINOR INJURY,POINT (-97.74864985 30.25239692),152397884,4954055824,0,"[775406585, 436631397]",False,5,South Congress Avenue,primary,260.151,,,30 mph,,,,,South Congress Avenue,1.6174098464312453e-05,7.1365871412972885e-06
634,17316765,No,NO,,,FALSE,,,Yes,9/28/19,B - SUSPECTED MINOR INJURY,SATURDAY,30.25239692,1 - DAYLIGHT,-97.74864985,ONE MOTOR VEHICLE - GOING STRAIGHT,CONSTRUCTION - WITHIN POSTED ROAD CONSTRUCTION ZONE (NOT RELATED TO CRASH),,CITY STREET,-1,1 - CLEAR,52,0,W - WHITE,2 - FEMALE,1 - NOT WORN,B - SUSPECTED MINOR INJURY,POINT (-97.74864985 30.25239692),4954055824,152397884,0,"[775406585, 436631397]",False,5,South Congress Avenue,primary,260.15099999999995,,,30 mph,,,,,South Congress Avenue,1.6174098464312453e-05,7.1365871412972885e-06
635,17382614,No,NO,,,FALSE,,,No,11/4/19,A - SUSPECTED SERIOUS INJURY,MONDAY,30.23660311,1 - DAYLIGHT,-97.75541386,ONE MOTOR VEHICLE - TURNING LEFT,ONE VEHICLE ENTERING DRIVEWAY,,CITY STREET,45,1 - CLEAR,34,0,H - HISPANIC,1 - MALE,"2 - WORN, DAMAGED",A - SUSPECTED SERIOUS INJURY,POINT (-97.75541386 30.23660311),152397952,152397949,0,15377298,False,5,South Congress Avenue,primary,231.798,,,,,,,,South Congress Avenue,1.8589552585240492e-05,7.1365871412972885e-06
636,17382614,No,NO,,,FALSE,,,No,11/4/19,A - SUSPECTED SERIOUS INJURY,MONDAY,30.23660311,1 - DAYLIGHT,-97.75541386,ONE MOTOR VEHICLE - TURNING LEFT,ONE VEHICLE ENTERING DRIVEWAY,,CITY STREET,45,1 - CLEAR,34,0,H - HISPANIC,1 - MALE,"2 - WORN, DAMAGED",A - SUSPECTED SERIOUS INJURY,POINT (-97.75541386 30.23660311),152397949,152397952,0,15377298,False,5,South Congress Avenue,primary,231.79800000000006,,,,,,,,South Congress Avenue,1.8589552585240492e-05,7.1365871412972885e-06
637,17405317,Yes,NO,,,TRUE,,,No,11/14/19,B - SUSPECTED MINOR INJURY,THURSDAY,30.22426459,1 - DAYLIGHT,-97.76312348,ONE MOTOR VEHICLE - GOING STRAIGHT,NOT APPLICABLE,,CITY STREET,40,3 - RAIN,35,0,W - WHITE,1 - MALE,1 - NOT WORN,B - SUSPECTED MINOR INJURY,POINT (-97.76312348 30.22426459),1767320329,152397995,0,"[618799299, 618799293, 684124031]",False,5,South Congress Avenue,primary,63.31100000000001,,,,,,,,South Congress Avenue,7.71975410300916e-06,7.1365871412972885e-06
638,17405317,Yes,NO,,,TRUE,,,No,11/14/19,B - SUSPECTED MINOR INJURY,THURSDAY,30.22426459,1 - DAYLIGHT,-97.76312348,ONE MOTOR VEHICLE - GOING STRAIGHT,NOT APPLICABLE,,CITY STREET,40,3 - RAIN,35,0,W - WHITE,1 - MALE,1 - NOT WORN,B - SUSPECTED MINOR INJURY,POINT (-97.76312348 30.22426459),152397995,1767320329,0,"[618799299, 618799293, 684124031]",False,5,South Congress Avenue,primary,63.311,,,,,,,,South Congress Avenue,7.71975410300916e-06,7.1365871412972885e-06
639,17421962,No,NO,140123,4.1,TRUE,140123,2019,No,11/22/19,C - POSSIBLE INJURY,FRIDAY,30.22296051,"3 - DARK, LIGHTED",-97.76390201,ONE MOTOR VEHICLE - GOING STRAIGHT,NOT APPLICABLE,3.2,US & STATE HIGHWAYS,-1,1 - CLEAR,46,0,H - HISPANIC,2 - FEMALE,1 - NOT WORN,C - POSSIBLE INJURY,POINT (-97.76390201 30.22296051),152398005,152397997,0,"[130770962, 436635875, 436635874]",False,6,South Congress Avenue,primary,116.785,,yes,,,,,,South Congress Avenue,1.5202213860621014e-06,7.1365871412972885e-06
640,17421962,No,NO,140123,4.1,TRUE,140123,2019,No,11/22/19,C - POSSIBLE INJURY,FRIDAY,30.22296051,"3 - DARK, LIGHTED",-97.76390201,ONE MOTOR VEHICLE - GOING STRAIGHT,NOT APPLICABLE,3.2,US & STATE HIGHWAYS,-1,1 - CLEAR,46,0,H - HISPANIC,2 - FEMALE,1 - NOT WORN,C - POSSIBLE INJURY,POINT (-97.76390201 30.22296051),152397997,152398005,0,"[436635874, 130770962, 436635875]",False,6,South Congress Avenue,primary,116.785,,yes,,,,,,South Congress Avenue,1.5202213860621014e-06,7.1365871412972885e-06
641,17487701,No,NO,,,FALSE,,,No,12/28/19,B - SUSPECTED MINOR INJURY,SATURDAY,30.20587177,1 - DAYLIGHT,-97.77442216,ONE MOTOR VEHICLE - TURNING LEFT,ONE VEHICLE ENTERING DRIVEWAY,,CITY STREET,35,2 - CLOUDY,31,0,W - WHITE,1 - MALE,"2 - WORN, DAMAGED",B - SUSPECTED MINOR INJURY,POINT (-97.77442216 30.20587177),3197152035,152398046,0,618783873,False,4,South Congress Avenue,primary,71.009,Loop 275,,,,,,,South Congress Avenue,7.578863120406715e-06,7.1365871412972885e-06
642,17487701,No,NO,,,FALSE,,,No,12/28/19,B - SUSPECTED MINOR INJURY,SATURDAY,30.20587177,1 - DAYLIGHT,-97.77442216,ONE MOTOR VEHICLE - TURNING LEFT,ONE VEHICLE ENTERING DRIVEWAY,,CITY STREET,35,2 - CLOUDY,31,0,W - WHITE,1 - MALE,"2 - WORN, DAMAGED",B - SUSPECTED MINOR INJURY,POINT (-97.77442216 30.20587177),152398046,3197152035,0,618783873,False,4,South Congress Avenue,primary,71.009,Loop 275,,,,,,,South Congress Avenue,7.578863120406715e-06,7.1365871412972885e-06
643,17554850,No,NO,,,FALSE,,,No,2/7/20,N - NOT INJURED,FRIDAY,30.24324401,5 - DAWN,-97.75203018,ONE MOTOR VEHICLE - TURNING RIGHT,ONE VEHICLE ENTERING DRIVEWAY,,CITY STREET,30,1 - CLEAR,33,0,W - WHITE,2 - FEMALE,"3 - WORN, NOT DAMAGED",N - NOT INJURED,POINT (-97.75203018 30.24324401),152397932,152397928,0,436725438,False,5,South Congress Avenue,primary,74.735,,,30 mph,,,,,South Congress Avenue,1.7618903453373836e-05,7.1365871412972885e-06
644,17842390,Yes,NO,,,FALSE,,,No,9/1/20,N - NOT INJURED,TUESDAY,30.20870187,1 - DAYLIGHT,-97.77295107,ONE MOTOR VEHICLE - GOING STRAIGHT,ATTENTION DIVERTED FROM DRIVING,,CITY STREET,45,1 - CLEAR,51,0,W - WHITE,1 - MALE,1 - NOT WORN,N - NOT INJURED,POINT (-97.77295107 30.20870187),152398041,152398044,0,"[992971009, 992971010, 618783873]",False,4,South Congress Avenue,primary,176.76799999999997,Loop 275,yes,,,,,,South Congress Avenue,1.2806776579986446e-05,7.1365871412972885e-06
645,17842390,Yes,NO,,,FALSE,,,No,9/1/20,N - NOT INJURED,TUESDAY,30.20870187,1 - DAYLIGHT,-97.77295107,ONE MOTOR VEHICLE - GOING STRAIGHT,ATTENTION DIVERTED FROM DRIVING,,CITY STREET,45,1 - CLEAR,51,0,W - WHITE,1 - MALE,1 - NOT WORN,N - NOT INJURED,POINT (-97.77295107 30.20870187),152398044,152398041,0,"[618783873, 992971010, 992971009]",False,4,South Congress Avenue,primary,176.76800000000003,Loop 275,yes,,,,,,South Congress Avenue,1.2806776579986446e-05,7.1365871412972885e-06
646,17850518,No,NO,,,FALSE,,,No,9/5/20,B - SUSPECTED MINOR INJURY,SATURDAY,30.17195127,1 - DAYLIGHT,-97.78558623,ONE MOTOR VEHICLE - GOING STRAIGHT,ONE VEHICLE LEAVING DRIVEWAY,,CITY STREET,5,2 - CLOUDY,34,0,W - WHITE,2 - FEMALE,"3 - WORN, NOT DAMAGED",B - SUSPECTED MINOR INJURY,POINT (-97.78558623 30.17195127),152398108,152535801,0,"[436619874, 15404741, 618783878, 613538635, 1031137499]",False,5,South Congress Avenue,primary,742.0840000000002,Loop 275,,,,,,,South Congress Avenue,1.4588419365455532e-05,7.1365871412972885e-06
647,17850518,No,NO,,,FALSE,,,No,9/5/20,B - SUSPECTED MINOR INJURY,SATURDAY,30.17195127,1 - DAYLIGHT,-97.78558623,ONE MOTOR VEHICLE - GOING STRAIGHT,ONE VEHICLE LEAVING DRIVEWAY,,CITY STREET,5,2 - CLOUDY,34,0,W - WHITE,2 - FEMALE,"3 - WORN, NOT DAMAGED",B - SUSPECTED MINOR INJURY,POINT (-97.78558623 30.17195127),152535801,152398108,0,"[436619874, 15404741, 618783878, 613538635, 1031137499]",False,5,South Congress Avenue,primary,742.084,Loop 275,,,,,,,South Congress Avenue,1.4588419365455532e-05,7.1365871412972885e-06
648,17966038,No,NO,,,FALSE,,,No,10/27/20,N - NOT INJURED,TUESDAY,30.25049262,1 - DAYLIGHT,-97.74936026,ONE MOTOR VEHICLE - BACKING,ATTENTION DIVERTED FROM DRIVING,,CITY STREET,-1,1 - CLEAR,35,0,W - WHITE,1 - MALE,"4 - WORN, UNK DAMAGE",N - NOT INJURED,POINT (-97.74936026 30.25049262),152397893,152397897,0,436631402,False,5,South Congress Avenue,primary,133.205,,,30 mph,,,,,South Congress Avenue,2.8981697654559058e-05,7.1365871412972885e-06
649,17958944,No,NO,,,TRUE,,,No,11/11/20,N - NOT INJURED,WEDNESDAY,30.23105479,1 - DAYLIGHT,-97.75934246,ONE MOTOR VEHICLE - TURNING RIGHT,ATTENTION DIVERTED FROM DRIVING,,CITY STREET,25,1 - CLEAR,30,0,B - BLACK,1 - MALE,99 - UNKNOWN IF WORN,99 - UNKNOWN,POINT (-97.75934246 30.23105479),152397969,152397975,0,618799293,False,5,South Congress Avenue,primary,91.41399999999999,,,,,,,,South Congress Avenue,1.9375896573214894e-05,7.1365871412972885e-06
650,18033270,No,NO,,,FALSE,,,No,12/28/20,B - SUSPECTED MINOR INJURY,MONDAY,30.2222487,1 - DAYLIGHT,-97.76435369,ONE MOTOR VEHICLE - TURNING RIGHT,ONE VEHICLE ENTERING DRIVEWAY,,CITY STREET,35,2 - CLOUDY,28,0,W - WHITE,2 - FEMALE,"2 - WORN, DAMAGED",B - SUSPECTED MINOR INJURY,POINT (-97.76435369 30.2222487),152398005,1767320312,0,618799301,False,5,South Congress Avenue,primary,48.369,,,,,,,,South Congress Avenue,7.136757221656047e-06,7.1365871412972885e-06
651,18033270,No,NO,,,FALSE,,,No,12/28/20,B - SUSPECTED MINOR INJURY,MONDAY,30.2222487,1 - DAYLIGHT,-97.76435369,ONE MOTOR VEHICLE - TURNING RIGHT,ONE VEHICLE ENTERING DRIVEWAY,,CITY STREET,35,2 - CLOUDY,28,0,W - WHITE,2 - FEMALE,"2 - WORN, DAMAGED",B - SUSPECTED MINOR INJURY,POINT (-97.76435369 30.2222487),1767320312,152398005,0,618799301,False,5,South Congress Avenue,primary,48.369,,,,,,,,South Congress Avenue,7.136757221656047e-06,7.1365871412972885e-06
652,18079145,Yes,NO,,,TRUE,,,No,1/26/21,A - SUSPECTED SERIOUS INJURY,TUESDAY,30.24984478,1 - DAYLIGHT,-97.74960246,ONE MOTOR VEHICLE - OTHER,ATTENTION DIVERTED FROM DRIVING,,CITY STREET,35,1 - CLEAR,46,0,99 - UNKNOWN,1 - MALE,"2 - WORN, DAMAGED",A - SUSPECTED SERIOUS INJURY,POINT (-97.74960246 30.24984478),152397900,152397904,0,"[436631393, 436631402]",False,5,South Congress Avenue,primary,108.047,,,30 mph,,,,,South Congress Avenue,3.296926716663116e-05,7.1365871412972885e-06
653,18178214,Yes,NO,,,FALSE,,,No,3/31/21,N - NOT INJURED,WEDNESDAY,30.23222602,1 - DAYLIGHT,-97.75863831,ONE MOTOR VEHICLE - TURNING RIGHT,ONE VEHICLE ENTERING DRIVEWAY,,CITY STREET,-1,1 - CLEAR,36,0,W - WHITE,1 - MALE,99 - UNKNOWN IF WORN,N - NOT INJURED,POINT (-97.75863831 30.23222602),152397964,152397966,0,618799282,False,5,South Congress Avenue,primary,90.569,,,,,,,,South Congress Avenue,3.5463628567672263e-06,7.1365871412972885e-06
654,18246618,No,NO,,,TRUE,,,No,4/19/21,B - SUSPECTED MINOR INJURY,MONDAY,30.22143355,"3 - DARK, LIGHTED",-97.7648521,ONE MOTOR VEHICLE - TURNING RIGHT,ATTENTION DIVERTED FROM DRIVING,,CITY STREET,35,1 - CLEAR,50,0,H - HISPANIC,1 - MALE,1 - NOT WORN,B - SUSPECTED MINOR INJURY,POINT (-97.7648521 30.22143355),152398019,152398007,0,"[204869515, 436617244]",False,5,South Congress Avenue,primary,138.44400000000002,,,,,,,,South Congress Avenue,1.0877289624731522e-06,7.1365871412972885e-06
655,18558405,Yes,NO,,,FALSE,,,No,10/28/21,A - SUSPECTED SERIOUS INJURY,THURSDAY,30.17436479,"2 - DARK, NOT LIGHTED",-97.78483246,ONE MOTOR VEHICLE - GOING STRAIGHT,NOT APPLICABLE,,CITY STREET,45,1 - CLEAR,21,0,99 - UNKNOWN,1 - MALE,1 - NOT WORN,A - SUSPECTED SERIOUS INJURY,POINT (-97.78483246 30.17436479),3572903293,152398108,0,613538635,False,5,South Congress Avenue,primary,167.524,Loop 275,,,,,,,South Congress Avenue,1.415321002557377e-05,7.1365871412972885e-06
656,18696317,No,NO,,,FALSE,,,No,1/14/22,B - SUSPECTED MINOR INJURY,FRIDAY,30.25693108,1 - DAYLIGHT,-97.7469657,ONE MOTOR VEHICLE - TURNING RIGHT,ONE VEHICLE ENTERING DRIVEWAY,,CITY STREET,35,1 - CLEAR,31,0,W - WHITE,1 - MALE,1 - NOT WORN,B - SUSPECTED MINOR INJURY,POINT (-97.7469657 30.25693108),152398147,5565792454,0,"[436631395, 436631399, 775406588, 775406585, 775406586, 775406587, 201711356, 263445405, 436631390]",False,"['7', '5', '4']",South Congress Avenue,primary,231.18899999999996,,yes,30 mph,,,,,South Congress Avenue,1.4189596525964254e-06,7.1365871412972885e-06
657,18696317,No,NO,,,FALSE,,,No,1/14/22,B - SUSPECTED MINOR INJURY,FRIDAY,30.25693108,1 - DAYLIGHT,-97.7469657,ONE MOTOR VEHICLE - TURNING RIGHT,ONE VEHICLE ENTERING DRIVEWAY,,CITY STREET,35,1 - CLEAR,31,0,W - WHITE,1 - MALE,1 - NOT WORN,B - SUSPECTED MINOR INJURY,POINT (-97.7469657 30.25693108),5565792454,152398147,0,"[436631395, 201711356, 436631399, 775406585, 775406586, 775406587, 775406588, 263445405, 436631390]",False,"['7', '5', '4']",South Congress Avenue,primary,231.18900000000002,,yes,30 mph,,,,,South Congress Avenue,1.4189596525964254e-06,7.1365871412972885e-06
658,12575604,No,NO,,,FALSE,,,No,2/22/12,C - POSSIBLE INJURY,WEDNESDAY,30.30026477,1 - DAYLIGHT,-97.74621246,ONE MOTOR VEHICLE - GOING STRAIGHT,NOT APPLICABLE,,CITY STREET,30,1 - CLEAR,36,0,W - WHITE,1 - MALE,1 - NOT WORN,C - POSSIBLE INJURY,POINT (-97.74621246 30.30026477),152550970,152394172,0,"[1025302427, 204981564]",False,,North Lamar Boulevard,primary,106.465,,,35 mph,,,,,North Lamar Boulevard,1.591111178135621e-05,0.00015954255957319175
659,12647013,No,NO,,,FALSE,,,No,3/16/12,B - SUSPECTED MINOR INJURY,FRIDAY,30.29178092,1 - DAYLIGHT,-97.74983935,ONE MOTOR VEHICLE - GOING STRAIGHT,NOT APPLICABLE,,CITY STREET,0,1 - CLEAR,22,0,W - WHITE,1 - MALE,1 - NOT WORN,B - SUSPECTED MINOR INJURY,POINT (-97.74983935 30.29178092),3349089018,152551080,0,328090363,True,2,North Lamar Boulevard,primary,63.628,,,35 mph,,,,,North Lamar Boulevard,1.5724456380104817e-05,0.00015954255957319175
660,12648787,No,NO,,,TRUE,,,No,4/6/12,B - SUSPECTED MINOR INJURY,FRIDAY,30.3078912,1 - DAYLIGHT,-97.74139151,ONE MOTOR VEHICLE - TURNING LEFT,NOT APPLICABLE,,US & STATE HIGHWAYS,40,1 - CLEAR,29,0,W - WHITE,1 - MALE,1 - NOT WORN,B - SUSPECTED MINOR INJURY,POINT (-97.74139151 30.3078912),152550944,152550939,0,122203473,False,,North Lamar Boulevard,primary,138.617,,,35 mph,,,,,North Lamar Boulevard,1.1879975455062225e-05,0.00015954255957319175
661,12760890,No,NO,,,TRUE,,,No,6/15/12,B - SUSPECTED MINOR INJURY,FRIDAY,30.33398477,1 - DAYLIGHT,-97.72127247,ONE MOTOR VEHICLE - GOING STRAIGHT,NOT APPLICABLE,,CITY STREET,0,1 - CLEAR,48,0,B - BLACK,1 - MALE,1 - NOT WORN,B - SUSPECTED MINOR INJURY,POINT (-97.72127247 30.33398477),152551420,152551412,0,"[436611902, 436611894]",False,5,North Lamar Boulevard,primary,302.748,,,35 mph,,,,,North Lamar Boulevard,4.054410477444514e-06,0.00015954255957319175
662,12760890,No,NO,,,TRUE,,,No,6/15/12,B - SUSPECTED MINOR INJURY,FRIDAY,30.33398477,1 - DAYLIGHT,-97.72127247,ONE MOTOR VEHICLE - GOING STRAIGHT,NOT APPLICABLE,,CITY STREET,0,1 - CLEAR,48,0,B - BLACK,1 - MALE,1 - NOT WORN,B - SUSPECTED MINOR INJURY,POINT (-97.72127247 30.33398477),152551412,152551420,0,"[436611894, 436611902]",False,5,North Lamar Boulevard,primary,302.74800000000005,,,35 mph,,,,,North Lamar Boulevard,4.054410477444514e-06,0.00015954255957319175
663,12832878,No,NO,,,TRUE,,,No,6/16/12,B - SUSPECTED MINOR INJURY,SATURDAY,30.28686478,1 - DAYLIGHT,-97.75313246,ONE MOTOR VEHICLE - GOING STRAIGHT,NOT APPLICABLE,,CITY STREET,0,1 - CLEAR,56,0,W - WHITE,1 - MALE,"3 - WORN, NOT DAMAGED",B - SUSPECTED MINOR INJURY,POINT (-97.75313246 30.28686478),152551118,152412762,0,1022202596,False,4,North Lamar Boulevard,primary,250.33400000000003,,,,,,,,North Lamar Boulevard,3.100025460075864e-06,0.00015954255957319175
664,12832878,No,NO,,,TRUE,,,No,6/16/12,B - SUSPECTED MINOR INJURY,SATURDAY,30.28686478,1 - DAYLIGHT,-97.75313246,ONE MOTOR VEHICLE - GOING STRAIGHT,NOT APPLICABLE,,CITY STREET,0,1 - CLEAR,56,0,W - WHITE,1 - MALE,"3 - WORN, NOT DAMAGED",B - SUSPECTED MINOR INJURY,POINT (-97.75313246 30.28686478),152412762,152551118,0,1022202596,False,4,North Lamar Boulevard,primary,250.33399999999997,,,,,,,,North Lamar Boulevard,3.100025460075864e-06,0.00015954255957319175
665,12839592,No,NO,,,TRUE,,,No,8/9/12,B - SUSPECTED MINOR INJURY,THURSDAY,30.30996477,1 - DAYLIGHT,-97.74006246,ONE MOTOR VEHICLE - GOING STRAIGHT,NOT APPLICABLE,,CITY STREET,30,1 - CLEAR,28,0,W - WHITE,1 - MALE,1 - NOT WORN,B - SUSPECTED MINOR INJURY,POINT (-97.74006246 30.30996477),152458842,152550939,0,122203473,False,,North Lamar Boulevard,primary,137.48000000000002,,,35 mph,,,,,North Lamar Boulevard,2.6846997960691112e-05,0.00015954255957319175
666,12848305,No,NO,35080,1.2,TRUE,35080,2019,No,8/12/12,B - SUSPECTED MINOR INJURY,SUNDAY,30.3630463,"3 - DARK, LIGHTED",-97.69702522,ONE MOTOR VEHICLE - GOING STRAIGHT,NOT APPLICABLE,1.2,US & STATE HIGHWAYS,0,1 - CLEAR,47,0,H - HISPANIC,2 - FEMALE,1 - NOT WORN,B - SUSPECTED MINOR INJURY,POINT (-97.69702522 30.3630463),5515574436,281368057,0,"[1046085536, 707314740]",True,6,North Lamar Boulevard,primary,124.069,Loop 275,,,,,,,North Lamar Boulevard,5.184928345336019e-06,0.00015954255957319175
667,12848409,No,NO,,,FALSE,,,No,8/15/12,B - SUSPECTED MINOR INJURY,WEDNESDAY,30.32562367,"3 - DARK, LIGHTED",-97.72653474,ONE MOTOR VEHICLE - GOING STRAIGHT,SWERVED OR VEERED-REASON NOT SPECIFIED,,INTERSTATE,40,1 - CLEAR,23,0,W - WHITE,1 - MALE,"4 - WORN, UNK DAMAGE",B - SUSPECTED MINOR INJURY,POINT (-97.72653474 30.32562367),152479456,1778797666,0,179202318,False,,North Lamar Boulevard,primary,50.171,,,35 mph,,,,,North Lamar Boulevard,1.8834506258508465e-06,0.00015954255957319175