,Crash ID,$1000 Damage to Any One Person's Property,Active School Zone Flag,Adjusted Average Daily Traffic Amount,Adjusted Percentage of Average Daily Traffic For Trucks,At Intersection Flag,Average Daily Traffic Amount,Average Daily Traffic Year,Construction Zone Flag,Crash Date,Crash Severity,Day of Week,Latitude,Light Condition,Longitude,Manner of Collision,Other Factor,Percentage of Single Unit Truck Average Daily Traffic,Road Class,Speed Limit,Weather Condition,Person Age,Person Death Count,Person Ethnicity,Person Gender,Person Helmet,Person Injury Severity,geometry,index_right0,index_right1,index_right2,osmid,oneway,lanes,name,highway,length,ref,bridge,maxspeed,access,tunnel,junction,service,names,distance,Crash Rate
668,12863606,No,NO,35080,1.2,FALSE,35080,2019,No,8/18/12,C - POSSIBLE INJURY,SATURDAY,30.36626852,1 - DAYLIGHT,-97.69518573,ONE MOTOR VEHICLE - TURNING RIGHT,ONE VEHICLE ENTERING DRIVEWAY,1.2,US & STATE HIGHWAYS,45,2 - CLOUDY,48,0,W - WHITE,1 - MALE,1 - NOT WORN,C - POSSIBLE INJURY,POINT (-97.69518573 30.36626852),3832628567,152550650,0,"[28678180, 436614949]",False,5,North Lamar Boulevard,primary,305.95799999999997,Loop 275,,,,,,,North Lamar Boulevard,2.4014535420479695e-05,0.00015954255957319175
669,12870434,No,NO,,,FALSE,,,No,8/28/12,A - SUSPECTED SERIOUS INJURY,TUESDAY,30.33788088,1 - DAYLIGHT,-97.71888691,ONE MOTOR VEHICLE - TURNING LEFT,NOT APPLICABLE,,INTERSTATE,5,1 - CLEAR,31,0,H - HISPANIC,2 - FEMALE,1 - NOT WORN,A - SUSPECTED SERIOUS INJURY,POINT (-97.71888691 30.33788088),9177096757,1778802333,0,"[993337921, 993337924, 166434095]",True,4,North Lamar Boulevard,primary,223.21599999999998,,,35 mph,,,,,North Lamar Boulevard,1.0782499657760867e-06,0.00015954255957319175
670,12890519,No,NO,,,FALSE,,,No,9/12/12,C - POSSIBLE INJURY,WEDNESDAY,30.30886538,"3 - DARK, LIGHTED",-97.74076707,ONE MOTOR VEHICLE - GOING STRAIGHT,VEHICLE CHANGING LANES,,US & STATE HIGHWAYS,40,1 - CLEAR,55,0,H - HISPANIC,1 - MALE,1 - NOT WORN,C - POSSIBLE INJURY,POINT (-97.74076707 30.30886538),152550939,152550944,0,122203473,False,,North Lamar Boulevard,primary,138.61700000000002,,,35 mph,,,,,North Lamar Boulevard,7.0201501850357306e-06,0.00015954255957319175
671,12901516,No,NO,,,FALSE,,,No,9/14/12,B - SUSPECTED MINOR INJURY,FRIDAY,30.32469654,1 - DAYLIGHT,-97.72712191,ONE MOTOR VEHICLE - TURNING LEFT,ONE VEHICLE LEAVING DRIVEWAY,,US & STATE HIGHWAYS,0,2 - CLOUDY,78,0,W - WHITE,1 - MALE,99 - UNKNOWN IF WORN,B - SUSPECTED MINOR INJURY,POINT (-97.72712191 30.32469654),359963726,152551403,0,166433646,False,2,North Lamar Boulevard,primary,277.424,,,35 mph,,,,,North Lamar Boulevard,6.386363821774973e-06,0.00015954255957319175
672,12901516,No,NO,,,FALSE,,,No,9/14/12,B - SUSPECTED MINOR INJURY,FRIDAY,30.32469654,1 - DAYLIGHT,-97.72712191,ONE MOTOR VEHICLE - TURNING LEFT,ONE VEHICLE LEAVING DRIVEWAY,,US & STATE HIGHWAYS,0,2 - CLOUDY,78,0,W - WHITE,1 - MALE,99 - UNKNOWN IF WORN,B - SUSPECTED MINOR INJURY,POINT (-97.72712191 30.32469654),152551403,359963726,0,166433646,False,2,North Lamar Boulevard,primary,277.42400000000004,,,35 mph,,,,,North Lamar Boulevard,6.386363821774973e-06,0.00015954255957319175
673,12911825,No,NO,32197,3.6,TRUE,32197,2019,No,9/20/12,B - SUSPECTED MINOR INJURY,THURSDAY,30.32592761,1 - DAYLIGHT,-97.72633641,ONE MOTOR VEHICLE - TURNING LEFT,NOT APPLICABLE,2.4,FARM TO MARKET,40,1 - CLEAR,55,0,W - WHITE,1 - MALE,99 - UNKNOWN IF WORN,B - SUSPECTED MINOR INJURY,POINT (-97.72633641 30.32592761),152551408,1778797666,0,132665194,False,,North Lamar Boulevard,primary,11.637,,,35 mph,,,,,North Lamar Boulevard,5.2537367147225345e-06,0.00015954255957319175
674,12988081,No,NO,,,TRUE,,,No,10/4/12,B - SUSPECTED MINOR INJURY,THURSDAY,30.33670183,"3 - DARK, LIGHTED",-97.71956659,ONE MOTOR VEHICLE - TURNING RIGHT,NOT APPLICABLE,,CITY STREET,0,2 - CLOUDY,50,0,W - WHITE,1 - MALE,99 - UNKNOWN IF WORN,B - SUSPECTED MINOR INJURY,POINT (-97.71956659 30.33670183),152551423,152551427,0,"[436723434, 166434094]",False,5,North Lamar Boulevard,primary,130.204,,,35 mph,,,,,North Lamar Boulevard,8.085749922911997e-06,0.00015954255957319175
675,12988081,No,NO,,,TRUE,,,No,10/4/12,B - SUSPECTED MINOR INJURY,THURSDAY,30.33670183,"3 - DARK, LIGHTED",-97.71956659,ONE MOTOR VEHICLE - TURNING RIGHT,NOT APPLICABLE,,CITY STREET,0,2 - CLOUDY,50,0,W - WHITE,1 - MALE,99 - UNKNOWN IF WORN,B - SUSPECTED MINOR INJURY,POINT (-97.71956659 30.33670183),152551427,152551423,0,"[436723434, 166434094]",False,5,North Lamar Boulevard,primary,130.204,,,35 mph,,,,,North Lamar Boulevard,8.085749922911997e-06,0.00015954255957319175
676,13118710,No,NO,,,FALSE,,,No,11/30/12,B - SUSPECTED MINOR INJURY,FRIDAY,30.32317478,1 - DAYLIGHT,-97.72807246,ONE MOTOR VEHICLE - TURNING LEFT,ONE VEHICLE ENTERING DRIVEWAY,,CITY STREET,40,1 - CLEAR,25,0,W - WHITE,1 - MALE,1 - NOT WORN,B - SUSPECTED MINOR INJURY,POINT (-97.72807246 30.32317478),152551403,152424368,0,166433646,False,2,North Lamar Boulevard,primary,38.637,,,35 mph,,,,,North Lamar Boulevard,1.98964494887745e-06,0.00015954255957319175
677,13079200,No,NO,,,FALSE,,,No,1/1/13,B - SUSPECTED MINOR INJURY,TUESDAY,30.2672356,"3 - DARK, LIGHTED",-97.75595337,ONE MOTOR VEHICLE - GOING STRAIGHT,ATTENTION DIVERTED FROM DRIVING,,US & STATE HIGHWAYS,35,3 - RAIN,50,0,W - WHITE,1 - MALE,1 - NOT WORN,N - NOT INJURED,POINT (-97.75595337 30.2672356),298584729,152383675,0,51864152,True,3,North Lamar Boulevard,primary,12.415,Loop 343,,35 mph,,,,,North Lamar Boulevard,1.5246137465099065e-05,0.00015954255957319175
678,13079200,No,NO,,,FALSE,,,No,1/1/13,B - SUSPECTED MINOR INJURY,TUESDAY,30.2672356,"3 - DARK, LIGHTED",-97.75595337,ONE MOTOR VEHICLE - GOING STRAIGHT,ATTENTION DIVERTED FROM DRIVING,,US & STATE HIGHWAYS,35,3 - RAIN,28,0,W - WHITE,1 - MALE,1 - NOT WORN,B - SUSPECTED MINOR INJURY,POINT (-97.75595337 30.2672356),298584729,152383675,0,51864152,True,3,North Lamar Boulevard,primary,12.415,Loop 343,,35 mph,,,,,North Lamar Boulevard,1.5246137465099065e-05,0.00015954255957319175
679,13079200,No,NO,,,FALSE,,,No,1/1/13,B - SUSPECTED MINOR INJURY,TUESDAY,30.2672356,"3 - DARK, LIGHTED",-97.75595337,ONE MOTOR VEHICLE - GOING STRAIGHT,ATTENTION DIVERTED FROM DRIVING,,US & STATE HIGHWAYS,35,3 - RAIN,31,0,W - WHITE,2 - FEMALE,1 - NOT WORN,B - SUSPECTED MINOR INJURY,POINT (-97.75595337 30.2672356),298584729,152383675,0,51864152,True,3,North Lamar Boulevard,primary,12.415,Loop 343,,35 mph,,,,,North Lamar Boulevard,1.5246137465099065e-05,0.00015954255957319175
680,13079200,No,NO,,,FALSE,,,No,1/1/13,B - SUSPECTED MINOR INJURY,TUESDAY,30.2672356,"3 - DARK, LIGHTED",-97.75595337,ONE MOTOR VEHICLE - GOING STRAIGHT,ATTENTION DIVERTED FROM DRIVING,,US & STATE HIGHWAYS,35,3 - RAIN,26,0,W - WHITE,2 - FEMALE,1 - NOT WORN,B - SUSPECTED MINOR INJURY,POINT (-97.75595337 30.2672356),298584729,152383675,0,51864152,True,3,North Lamar Boulevard,primary,12.415,Loop 343,,35 mph,,,,,North Lamar Boulevard,1.5246137465099065e-05,0.00015954255957319175
681,13203523,No,NO,,,TRUE,,,No,3/26/13,B - SUSPECTED MINOR INJURY,TUESDAY,30.27501369,1 - DAYLIGHT,-97.75227408,ONE MOTOR VEHICLE - GOING STRAIGHT,ATTENTION DIVERTED FROM DRIVING,,CITY STREET,40,1 - CLEAR,19,0,W - WHITE,2 - FEMALE,1 - NOT WORN,B - SUSPECTED MINOR INJURY,POINT (-97.75227408 30.27501369),152480228,152550834,0,"[436625347, 436625356]",False,5,North Lamar Boulevard,primary,114.001,,,,,,,,North Lamar Boulevard,7.337093296344595e-06,0.00015954255957319175
682,13301395,Yes,NO,,,TRUE,,,No,5/20/13,A - SUSPECTED SERIOUS INJURY,MONDAY,30.32295454,1 - DAYLIGHT,-97.72822062,ONE MOTOR VEHICLE - GOING STRAIGHT,NOT APPLICABLE,,CITY STREET,35,1 - CLEAR,40,0,W - WHITE,1 - MALE,1 - NOT WORN,A - SUSPECTED SERIOUS INJURY,POINT (-97.72822062 30.32295454),152551403,152424368,0,166433646,False,2,North Lamar Boulevard,primary,38.637,,,35 mph,,,,,North Lamar Boulevard,1.0200506328476273e-05,0.00015954255957319175
683,13312234,No,NO,,,TRUE,,,No,6/2/13,C - POSSIBLE INJURY,SUNDAY,30.28857922,1 - DAYLIGHT,-97.75275808,ONE MOTOR VEHICLE - GOING STRAIGHT,NOT APPLICABLE,,CITY STREET,35,1 - CLEAR,25,0,H - HISPANIC,1 - MALE,1 - NOT WORN,C - POSSIBLE INJURY,POINT (-97.75275808 30.28857922),152551114,3349089004,0,328090359,True,2,North Lamar Boulevard,primary,153.063,,,30 mph,,,,,North Lamar Boulevard,5.98638703841071e-06,0.00015954255957319175
684,13475010,No,NO,35080,1.2,TRUE,35080,2019,No,6/2/13,B - SUSPECTED MINOR INJURY,SUNDAY,30.3630463,"3 - DARK, LIGHTED",-97.69702522,ONE MOTOR VEHICLE - GOING STRAIGHT,NOT APPLICABLE,1.2,US & STATE HIGHWAYS,0,1 - CLEAR,36,0,B - BLACK,1 - MALE,"4 - WORN, UNK DAMAGE",B - SUSPECTED MINOR INJURY,POINT (-97.69702522 30.3630463),5515574436,281368057,0,"[1046085536, 707314740]",True,6,North Lamar Boulevard,primary,124.069,Loop 275,,,,,,,North Lamar Boulevard,5.184928345336019e-06,0.00015954255957319175
685,13521486,Yes,NO,34522,1.2,FALSE,34522,2019,No,7/19/13,B - SUSPECTED MINOR INJURY,FRIDAY,30.35768148,1 - DAYLIGHT,-97.70006534,ANGLE - BOTH GOING STRAIGHT,ONE VEHICLE LEAVING DRIVEWAY,1.2,US & STATE HIGHWAYS,45,1 - CLEAR,55,0,W - WHITE,1 - MALE,99 - UNKNOWN IF WORN,B - SUSPECTED MINOR INJURY,POINT (-97.70006534 30.35768148),152387808,152390019,0,31976213,False,,North Lamar Boulevard,primary,75.50599999999999,Loop 275,,,,,,,North Lamar Boulevard,1.8198094238278975e-05,0.00015954255957319175
686,13614500,No,NO,35080,1.2,FALSE,35080,2019,No,9/26/13,N - NOT INJURED,THURSDAY,30.35908559,1 - DAYLIGHT,-97.69926828,ONE MOTOR VEHICLE - GOING STRAIGHT,NOT APPLICABLE,1.2,US & STATE HIGHWAYS,45,1 - CLEAR,51,0,W - WHITE,1 - MALE,99 - UNKNOWN IF WORN,N - NOT INJURED,POINT (-97.69926828 30.35908559),152498723,152390019,0,31976213,False,,North Lamar Boulevard,primary,352.187,Loop 275,,,,,,,North Lamar Boulevard,2.6589354027601057e-05,0.00015954255957319175
687,13614500,No,NO,35080,1.2,FALSE,35080,2019,No,9/26/13,N - NOT INJURED,THURSDAY,30.35908559,1 - DAYLIGHT,-97.69926828,ONE MOTOR VEHICLE - GOING STRAIGHT,NOT APPLICABLE,1.2,US & STATE HIGHWAYS,45,1 - CLEAR,51,0,W - WHITE,1 - MALE,99 - UNKNOWN IF WORN,N - NOT INJURED,POINT (-97.69926828 30.35908559),152390019,152498723,0,31976213,False,,North Lamar Boulevard,primary,352.187,Loop 275,,,,,,,North Lamar Boulevard,2.6589354027601057e-05,0.00015954255957319175
688,13662425,No,NO,,,FALSE,,,No,1/12/14,B - SUSPECTED MINOR INJURY,SUNDAY,30.32463549,1 - DAYLIGHT,-97.72715803,ONE MOTOR VEHICLE - GOING STRAIGHT,NOT APPLICABLE,,US & STATE HIGHWAYS,45,1 - CLEAR,,0,W - WHITE,2 - FEMALE,1 - NOT WORN,B - SUSPECTED MINOR INJURY,POINT (-97.72715803 30.32463549),359963726,152551403,0,166433646,False,2,North Lamar Boulevard,primary,277.424,,,35 mph,,,,,North Lamar Boulevard,4.418092766328256e-06,0.00015954255957319175
689,13662425,No,NO,,,FALSE,,,No,1/12/14,B - SUSPECTED MINOR INJURY,SUNDAY,30.32463549,1 - DAYLIGHT,-97.72715803,ONE MOTOR VEHICLE - GOING STRAIGHT,NOT APPLICABLE,,US & STATE HIGHWAYS,45,1 - CLEAR,,0,W - WHITE,2 - FEMALE,1 - NOT WORN,B - SUSPECTED MINOR INJURY,POINT (-97.72715803 30.32463549),152551403,359963726,0,166433646,False,2,North Lamar Boulevard,primary,277.42400000000004,,,35 mph,,,,,North Lamar Boulevard,4.418092766328256e-06,0.00015954255957319175
690,13788359,No,NO,32197,3.6,TRUE,32197,2019,No,4/15/14,B - SUSPECTED MINOR INJURY,TUESDAY,30.32592883,"3 - DARK, LIGHTED",-97.72633812,ONE MOTOR VEHICLE - GOING STRAIGHT,NOT APPLICABLE,2.4,FARM TO MARKET,-1,1 - CLEAR,57,0,W - WHITE,1 - MALE,1 - NOT WORN,B - SUSPECTED MINOR INJURY,POINT (-97.72633812 30.32592883),152551408,1778797666,0,132665194,False,,North Lamar Boulevard,primary,11.637,,,35 mph,,,,,North Lamar Boulevard,3.1644649150825665e-06,0.00015954255957319175
691,13788359,No,NO,32197,3.6,TRUE,32197,2019,No,4/15/14,B - SUSPECTED MINOR INJURY,TUESDAY,30.32592883,"3 - DARK, LIGHTED",-97.72633812,ONE MOTOR VEHICLE - GOING STRAIGHT,NOT APPLICABLE,2.4,FARM TO MARKET,-1,1 - CLEAR,57,0,W - WHITE,1 - MALE,1 - NOT WORN,B - SUSPECTED MINOR INJURY,POINT (-97.72633812 30.32592883),1778797666,152551408,0,132665194,False,,North Lamar Boulevard,primary,11.637,,,35 mph,,,,,North Lamar Boulevard,3.1644649150825665e-06,0.00015954255957319175
692,13935894,Yes,NO,,,FALSE,,,No,7/19/14,C - POSSIBLE INJURY,SATURDAY,30.27180763,1 - DAYLIGHT,-97.75386986,ONE MOTOR VEHICLE - TURNING RIGHT,ONE VEHICLE ENTERING DRIVEWAY,,INTERSTATE,30,2 - CLOUDY,13,0,W - WHITE,1 - MALE,1 - NOT WORN,C - POSSIBLE INJURY,POINT (-97.75386986 30.27180763),152550829,152550831,0,"[436625351, 1040915881, 1040915884, 1040916271, 1040916272, 150350011]",False,5,North Lamar Boulevard,primary,292.482,,,,,,,,North Lamar Boulevard,1.7516437793201647e-05,0.00015954255957319175
693,14127301,No,NO,,,FALSE,,,No,10/29/14,C - POSSIBLE INJURY,WEDNESDAY,30.32317478,1 - DAYLIGHT,-97.72807246,ONE MOTOR VEHICLE - GOING STRAIGHT,NOT APPLICABLE,,CITY STREET,45,1 - CLEAR,,0,99 - UNKNOWN,99 - UNKNOWN,99 - UNKNOWN IF WORN,99 - UNKNOWN,POINT (-97.72807246 30.32317478),152551403,152424368,0,166433646,False,2,North Lamar Boulevard,primary,38.637,,,35 mph,,,,,North Lamar Boulevard,1.98964494887745e-06,0.00015954255957319175
694,14201980,No,NO,,,TRUE,,,No,12/18/14,B - SUSPECTED MINOR INJURY,THURSDAY,30.32589477,"3 - DARK, LIGHTED",-97.72636246,ONE MOTOR VEHICLE - TURNING LEFT,NOT APPLICABLE,,CITY STREET,-1,2 - CLOUDY,53,0,W - WHITE,1 - MALE,1 - NOT WORN,B - SUSPECTED MINOR INJURY,POINT (-97.72636246 30.32589477),1778797666,152551408,0,132665194,False,,North Lamar Boulevard,primary,11.637,,,35 mph,,,,,North Lamar Boulevard,1.208693425037585e-06,0.00015954255957319175
695,14243394,Yes,NO,,,FALSE,,,No,1/24/15,A - SUSPECTED SERIOUS INJURY,SATURDAY,30.32698749,"3 - DARK, LIGHTED",-97.72567974,ONE MOTOR VEHICLE - GOING STRAIGHT,ATTENTION DIVERTED FROM DRIVING,,CITY STREET,40,1 - CLEAR,51,0,B - BLACK,1 - MALE,1 - NOT WORN,A - SUSPECTED SERIOUS INJURY,POINT (-97.72567974 30.32698749),152403140,4344942953,0,802383343,False,,North Lamar Boulevard,primary,183.43,,,35 mph,,,,,North Lamar Boulevard,1.083311456498287e-06,0.00015954255957319175
696,14243394,Yes,NO,,,FALSE,,,No,1/24/15,A - SUSPECTED SERIOUS INJURY,SATURDAY,30.32698749,"3 - DARK, LIGHTED",-97.72567974,ONE MOTOR VEHICLE - GOING STRAIGHT,ATTENTION DIVERTED FROM DRIVING,,CITY STREET,40,1 - CLEAR,51,0,B - BLACK,1 - MALE,1 - NOT WORN,A - SUSPECTED SERIOUS INJURY,POINT (-97.72567974 30.32698749),4344942953,152403140,0,802383343,False,,North Lamar Boulevard,primary,183.43,,,35 mph,,,,,North Lamar Boulevard,1.083311456498287e-06,0.00015954255957319175
697,14372603,Yes,NO,,,FALSE,,,No,3/30/15,C - POSSIBLE INJURY,MONDAY,30.32317478,1 - DAYLIGHT,-97.72807246,OPPOSITE DIRECTION - BOTH GOING STRAIGHT,NOT APPLICABLE,,CITY STREET,45,1 - CLEAR,53,0,B - BLACK,1 - MALE,1 - NOT WORN,C - POSSIBLE INJURY,POINT (-97.72807246 30.32317478),152551403,152424368,0,166433646,False,2,North Lamar Boulevard,primary,38.637,,,35 mph,,,,,North Lamar Boulevard,1.98964494887745e-06,0.00015954255957319175
698,14376267,No,NO,,,FALSE,,,No,4/10/15,B - SUSPECTED MINOR INJURY,FRIDAY,30.3258474,1 - DAYLIGHT,-97.72639404,ONE MOTOR VEHICLE - TURNING RIGHT,ONE VEHICLE ENTERING DRIVEWAY,,INTERSTATE,-1,1 - CLEAR,27,0,W - WHITE,1 - MALE,1 - NOT WORN,B - SUSPECTED MINOR INJURY,POINT (-97.72639404 30.3258474),1778797666,152479456,0,179202318,False,,North Lamar Boulevard,primary,50.171,,,35 mph,,,,,North Lamar Boulevard,3.1776275871193784e-06,0.00015954255957319175
699,14520757,Yes,NO,35080,1.2,TRUE,35080,2019,No,7/3/15,B - SUSPECTED MINOR INJURY,FRIDAY,30.3630463,1 - DAYLIGHT,-97.69702522,ONE MOTOR VEHICLE - GOING STRAIGHT,NOT APPLICABLE,1.2,US & STATE HIGHWAYS,35,1 - CLEAR,28,0,W - WHITE,1 - MALE,1 - NOT WORN,B - SUSPECTED MINOR INJURY,POINT (-97.69702522 30.3630463),5515574436,281368057,0,"[1046085536, 707314740]",True,6,North Lamar Boulevard,primary,124.069,Loop 275,,,,,,,North Lamar Boulevard,5.184928345336019e-06,0.00015954255957319175
700,14607975,Yes,NO,28524,1.4,TRUE,28524,2019,No,8/11/15,A - SUSPECTED SERIOUS INJURY,TUESDAY,30.37359603,1 - DAYLIGHT,-97.691049,ONE MOTOR VEHICLE - GOING STRAIGHT,ATTENTION DIVERTED FROM DRIVING,1.3,US & STATE HIGHWAYS,45,1 - CLEAR,36,0,W - WHITE,1 - MALE,1 - NOT WORN,A - SUSPECTED SERIOUS INJURY,POINT (-97.691049 30.37359603),3832629166,152550657,0,28678180,False,,North Lamar Boulevard,primary,71.196,Loop 275,,,,,,,North Lamar Boulevard,3.341247254977924e-05,0.00015954255957319175
701,14607975,Yes,NO,28524,1.4,TRUE,28524,2019,No,8/11/15,A - SUSPECTED SERIOUS INJURY,TUESDAY,30.37359603,1 - DAYLIGHT,-97.691049,ONE MOTOR VEHICLE - GOING STRAIGHT,ATTENTION DIVERTED FROM DRIVING,1.3,US & STATE HIGHWAYS,45,1 - CLEAR,36,0,W - WHITE,1 - MALE,1 - NOT WORN,A - SUSPECTED SERIOUS INJURY,POINT (-97.691049 30.37359603),152550657,3832629166,0,28678180,False,,North Lamar Boulevard,primary,71.196,Loop 275,,,,,,,North Lamar Boulevard,3.341247254977924e-05,0.00015954255957319175
702,14633184,Yes,NO,35080,1.2,TRUE,35080,2019,No,8/24/15,N - NOT INJURED,MONDAY,30.3630463,"3 - DARK, LIGHTED",-97.69702522,ONE MOTOR VEHICLE - GOING STRAIGHT,NOT APPLICABLE,1.2,US & STATE HIGHWAYS,40,1 - CLEAR,99,0,99 - UNKNOWN,99 - UNKNOWN,99 - UNKNOWN IF WORN,99 - UNKNOWN,POINT (-97.69702522 30.3630463),5515574436,281368057,0,"[1046085536, 707314740]",True,6,North Lamar Boulevard,primary,124.069,Loop 275,,,,,,,North Lamar Boulevard,5.184928345336019e-06,0.00015954255957319175
703,14757224,Yes,NO,,,TRUE,,,No,11/12/15,B - SUSPECTED MINOR INJURY,THURSDAY,30.27157129,"2 - DARK, NOT LIGHTED",-97.75398445,ONE MOTOR VEHICLE - GOING STRAIGHT,NOT APPLICABLE,,CITY STREET,35,1 - CLEAR,40,0,H - HISPANIC,1 - MALE,"3 - WORN, NOT DAMAGED",B - SUSPECTED MINOR INJURY,POINT (-97.75398445 30.27157129),152550831,152550829,0,"[436625351, 1040915881, 1040915884, 1040916271, 1040916272, 150350011]",False,5,North Lamar Boulevard,primary,292.482,,,,,,,,North Lamar Boulevard,1.3654492583401673e-05,0.00015954255957319175
704,14767893,No,NO,,,TRUE,,,No,11/22/15,N - NOT INJURED,SUNDAY,30.32780479,1 - DAYLIGHT,-97.72516245,ONE MOTOR VEHICLE - TURNING RIGHT,NOT APPLICABLE,,CITY STREET,40,1 - CLEAR,24,0,W - WHITE,1 - MALE,1 - NOT WORN,N - NOT INJURED,POINT (-97.72516245 30.32780479),152414041,152403140,0,"[126536142, 802383343]",False,,North Lamar Boulevard,primary,290.941,,,35 mph,,,,,North Lamar Boulevard,2.3662239358674894e-07,0.00015954255957319175
705,15684074,Yes,NO,,,FALSE,,,No,3/22/17,B - SUSPECTED MINOR INJURY,WEDNESDAY,30.27155478,1 - DAYLIGHT,-97.75399246,ONE MOTOR VEHICLE - GOING STRAIGHT,NOT APPLICABLE,,CITY STREET,30,1 - CLEAR,30,0,W - WHITE,2 - FEMALE,"3 - WORN, NOT DAMAGED",B - SUSPECTED MINOR INJURY,POINT (-97.75399246 30.27155478),152550829,152550831,0,"[436625351, 1040915881, 1040915884, 1040916271, 1040916272, 150350011]",False,5,North Lamar Boulevard,primary,292.482,,,,,,,,North Lamar Boulevard,1.3389172420376416e-05,0.00015954255957319175
706,15684136,No,NO,,,FALSE,,,No,3/31/17,B - SUSPECTED MINOR INJURY,FRIDAY,30.3254141,1 - DAYLIGHT,-97.72666789,ONE MOTOR VEHICLE - GOING STRAIGHT,ONE VEHICLE LEAVING DRIVEWAY,,CITY STREET,-1,1 - CLEAR,39,0,W - WHITE,1 - MALE,1 - NOT WORN,B - SUSPECTED MINOR INJURY,POINT (-97.72666789 30.3254141),359963726,152479456,0,179202318,False,,North Lamar Boulevard,primary,12.041,,,35 mph,,,,,North Lamar Boulevard,3.7691319373263493e-06,0.00015954255957319175
707,15727904,No,NO,,,FALSE,,,No,4/26/17,B - SUSPECTED MINOR INJURY,WEDNESDAY,30.32357372,1 - DAYLIGHT,-97.72782509,ONE MOTOR VEHICLE - TURNING RIGHT,ONE VEHICLE LEAVING DRIVEWAY,,CITY STREET,40,1 - CLEAR,39,0,A - ASIAN,1 - MALE,"3 - WORN, NOT DAMAGED",B - SUSPECTED MINOR INJURY,POINT (-97.72782509 30.32357372),359963726,152551403,0,166433646,False,2,North Lamar Boulevard,primary,277.424,,,35 mph,,,,,North Lamar Boulevard,4.786209174081604e-06,0.00015954255957319175
708,15847006,Yes,NO,,,TRUE,,,No,6/15/17,A - SUSPECTED SERIOUS INJURY,THURSDAY,30.27155478,"3 - DARK, LIGHTED",-97.75399246,ANGLE - BOTH GOING STRAIGHT,ATTENTION DIVERTED FROM DRIVING,,CITY STREET,-1,1 - CLEAR,35,0,W - WHITE,2 - FEMALE,"2 - WORN, DAMAGED",A - SUSPECTED SERIOUS INJURY,POINT (-97.75399246 30.27155478),152550829,152550831,0,"[436625351, 1040915881, 1040915884, 1040916271, 1040916272, 150350011]",False,5,North Lamar Boulevard,primary,292.482,,,,,,,,North Lamar Boulevard,1.3389172420376416e-05,0.00015954255957319175
709,15823139,Yes,NO,34522,1.2,TRUE,34522,2019,No,6/20/17,B - SUSPECTED MINOR INJURY,TUESDAY,30.35796801,1 - DAYLIGHT,-97.69989439,ONE MOTOR VEHICLE - TURNING LEFT,NOT APPLICABLE,1.2,US & STATE HIGHWAYS,45,1 - CLEAR,31,0,H - HISPANIC,1 - MALE,1 - NOT WORN,B - SUSPECTED MINOR INJURY,POINT (-97.69989439 30.35796801),152390019,152387808,0,31976213,False,,North Lamar Boulevard,primary,75.506,Loop 275,,,,,,,North Lamar Boulevard,2.538841031573165e-05,0.00015954255957319175
710,16028889,No,NO,34522,1.2,TRUE,34522,2019,No,10/12/17,N - NOT INJURED,THURSDAY,30.35333854,1 - DAYLIGHT,-97.70561214,ONE MOTOR VEHICLE - TURNING LEFT,NOT APPLICABLE,1.2,US & STATE HIGHWAYS,40,1 - CLEAR,15,0,B - BLACK,1 - MALE,1 - NOT WORN,N - NOT INJURED,POINT (-97.70561214 30.35333854),152550610,152550613,0,150364014,False,,North Lamar Boulevard,primary,197.387,Loop 275,,,,,,,North Lamar Boulevard,3.6730343796651964e-05,0.00015954255957319175
711,16448504,No,NO,,,TRUE,,,No,2/21/18,A - SUSPECTED SERIOUS INJURY,WEDNESDAY,30.30026477,"3 - DARK, LIGHTED",-97.74621246,ONE MOTOR VEHICLE - GOING STRAIGHT,NOT APPLICABLE,,CITY STREET,30,1 - CLEAR,31,0,A - ASIAN,1 - MALE,"3 - WORN, NOT DAMAGED",A - SUSPECTED SERIOUS INJURY,POINT (-97.74621246 30.30026477),152550970,152394172,0,"[1025302427, 204981564]",False,,North Lamar Boulevard,primary,106.465,,,35 mph,,,,,North Lamar Boulevard,1.591111178135621e-05,0.00015954255957319175
712,16697003,Yes,NO,34522,1.2,TRUE,34522,2019,No,10/19/18,B - SUSPECTED MINOR INJURY,FRIDAY,30.35083993,1 - DAYLIGHT,-97.70915299,ONE MOTOR VEHICLE - TURNING LEFT,ATTENTION DIVERTED FROM DRIVING,1.2,US & STATE HIGHWAYS,-1,3 - RAIN,25,0,H - HISPANIC,1 - MALE,1 - NOT WORN,B - SUSPECTED MINOR INJURY,POINT (-97.70915299 30.35083993),152550606,152385665,0,150364014,False,,North Lamar Boulevard,primary,229.104,Loop 275,,,,,,,North Lamar Boulevard,1.8327858331804333e-05,0.00015954255957319175