,Crash ID,$1000 Damage to Any One Person's Property,Active School Zone Flag,Adjusted Average Daily Traffic Amount,Adjusted Percentage of Average Daily Traffic For Trucks,At Intersection Flag,Average Daily Traffic Amount,Average Daily Traffic Year,Construction Zone Flag,Crash Date,Crash Severity,Day of Week,Latitude,Light Condition,Longitude,Manner of Collision,Other Factor,Percentage of Single Unit Truck Average Daily Traffic,Road Class,Speed Limit,Weather Condition,Person Age,Person Death Count,Person Ethnicity,Person Gender,Person Helmet,Person Injury Severity,geometry,index_right0,index_right1,index_right2,osmid,oneway,lanes,name,highway,length,ref,bridge,maxspeed,access,tunnel,junction,service,names,distance,Crash Rate
713,16913695,No,NO,,,TRUE,,,No,2/21/19,B - SUSPECTED MINOR INJURY,THURSDAY,30.30441477,1 - DAYLIGHT,-97.74357246,ONE MOTOR VEHICLE - GOING STRAIGHT,NOT APPLICABLE,,CITY STREET,35,1 - CLEAR,19,0,W - WHITE,2 - FEMALE,"4 - WORN, UNK DAMAGE",B - SUSPECTED MINOR INJURY,POINT (-97.74357246 30.30441477),152550953,152550951,0,204981565,False,,North Lamar Boulevard,primary,32.12,,,35 mph,,,,,North Lamar Boulevard,2.820268981826705e-05,0.00015954255957319175
714,16985897,Yes,NO,,,TRUE,,,No,4/2/19,C - POSSIBLE INJURY,TUESDAY,30.32317478,1 - DAYLIGHT,-97.72807246,ONE MOTOR VEHICLE - TURNING LEFT,ATTENTION DIVERTED FROM DRIVING,,CITY STREET,30,1 - CLEAR,12,0,W - WHITE,1 - MALE,99 - UNKNOWN IF WORN,C - POSSIBLE INJURY,POINT (-97.72807246 30.32317478),152551403,152424368,0,166433646,False,2,North Lamar Boulevard,primary,38.637,,,35 mph,,,,,North Lamar Boulevard,1.98964494887745e-06,0.00015954255957319175
715,17211619,No,NO,26375,1.4,FALSE,26375,2019,No,8/2/19,C - POSSIBLE INJURY,FRIDAY,30.4061988,1 - DAYLIGHT,-97.67848684,ONE MOTOR VEHICLE - TURNING RIGHT,ATTENTION DIVERTED FROM DRIVING,1.3,CITY STREET,35,1 - CLEAR,50,0,W - WHITE,1 - MALE,1 - NOT WORN,C - POSSIBLE INJURY,POINT (-97.67848684 30.4061988),152550717,1619354340,0,"[436634053, 436634055]",False,5,North Lamar Boulevard,primary,138.545,Loop 275,,,,,,,North Lamar Boulevard,2.7222263763794302e-05,0.00015954255957319175
716,17211619,No,NO,26375,1.4,FALSE,26375,2019,No,8/2/19,C - POSSIBLE INJURY,FRIDAY,30.4061988,1 - DAYLIGHT,-97.67848684,ONE MOTOR VEHICLE - TURNING RIGHT,ATTENTION DIVERTED FROM DRIVING,1.3,CITY STREET,35,1 - CLEAR,50,0,W - WHITE,1 - MALE,1 - NOT WORN,C - POSSIBLE INJURY,POINT (-97.67848684 30.4061988),1619354340,152550717,0,"[436634053, 436634055]",False,5,North Lamar Boulevard,primary,138.54500000000002,Loop 275,,,,,,,North Lamar Boulevard,2.7222263763794302e-05,0.00015954255957319175
717,17258637,No,NO,,,TRUE,,,No,8/27/19,C - POSSIBLE INJURY,TUESDAY,30.33566476,1 - DAYLIGHT,-97.72021247,ONE MOTOR VEHICLE - GOING STRAIGHT,ATTENTION DIVERTED FROM DRIVING,,CITY STREET,25,2 - CLOUDY,60,0,W - WHITE,1 - MALE,1 - NOT WORN,C - POSSIBLE INJURY,POINT (-97.72021247 30.33566476),152551420,152551423,0,"[436611897, 166434094]",False,5,North Lamar Boulevard,primary,214.62600000000003,,,35 mph,,,,,North Lamar Boulevard,1.0785278040218392e-06,0.00015954255957319175
718,17267270,Yes,NO,,,FALSE,,,No,8/29/19,B - SUSPECTED MINOR INJURY,THURSDAY,30.26775195,1 - DAYLIGHT,-97.75572806,ONE MOTOR VEHICLE - GOING STRAIGHT,ATTENTION DIVERTED FROM DRIVING,,CITY STREET,30,1 - CLEAR,60,0,W - WHITE,1 - MALE,99 - UNKNOWN IF WORN,B - SUSPECTED MINOR INJURY,POINT (-97.75572806 30.26775195),152383675,471726853,0,204964747,True,2,North Lamar Boulevard,primary,60.212,,,30 mph,,,,,North Lamar Boulevard,2.8616287599763027e-05,0.00015954255957319175
719,17433243,No,NO,,,TRUE,,,No,11/27/19,N - NOT INJURED,WEDNESDAY,30.34161897,1 - DAYLIGHT,-97.71642878,ONE MOTOR VEHICLE - GOING STRAIGHT,ONE VEHICLE LEAVING DRIVEWAY,,CITY STREET,15,2 - CLOUDY,48,0,W - WHITE,2 - FEMALE,"2 - WORN, DAMAGED",N - NOT INJURED,POINT (-97.71642878 30.34161897),1773143911,152551436,0,150364013,False,7,North Lamar Boulevard,primary,162.981,,,35 mph,,,,,North Lamar Boulevard,2.5802605899639822e-05,0.00015954255957319175
720,17655094,No,NO,,,FALSE,,,No,4/12/20,A - SUSPECTED SERIOUS INJURY,SUNDAY,30.37678345,1 - DAYLIGHT,-97.68927326,ONE MOTOR VEHICLE - GOING STRAIGHT,NOT APPLICABLE,,CITY STREET,-1,1 - CLEAR,,0,H - HISPANIC,1 - MALE,1 - NOT WORN,A - SUSPECTED SERIOUS INJURY,POINT (-97.68927326 30.37678345),152550665,152416094,0,28678180,False,,North Lamar Boulevard,primary,80.786,Loop 275,,,,,,,North Lamar Boulevard,1.3772180541498673e-05,0.00015954255957319175
721,17668529,No,NO,,,FALSE,,,No,4/24/20,C - POSSIBLE INJURY,FRIDAY,30.35559476,1 - DAYLIGHT,-97.70255246,ONE MOTOR VEHICLE - GOING STRAIGHT,NOT APPLICABLE,,CITY STREET,50,1 - CLEAR,33,0,W - WHITE,1 - MALE,1 - NOT WORN,C - POSSIBLE INJURY,POINT (-97.70255246 30.35559476),152550618,152550615,0,30757484,False,,North Lamar Boulevard,primary,186.44000000000003,Loop 275,,,,,,,North Lamar Boulevard,1.1657246415714031e-05,0.00015954255957319175
722,18094663,Yes,NO,35080,1.2,FALSE,35080,2019,No,2/5/21,B - SUSPECTED MINOR INJURY,FRIDAY,30.36323273,"3 - DARK, LIGHTED",-97.69692059,ONE MOTOR VEHICLE - GOING STRAIGHT,ATTENTION DIVERTED FROM DRIVING,1.2,CITY STREET,40,1 - CLEAR,,0,B - BLACK,1 - MALE,99 - UNKNOWN IF WORN,B - SUSPECTED MINOR INJURY,POINT (-97.69692059 30.36323273),152550628,4344959686,0,436614951,False,6,North Lamar Boulevard,primary,34.281,Loop 275,,,,,,,North Lamar Boulevard,1.2517919163495381e-05,0.00015954255957319175
723,18178221,No,NO,34522,1.2,FALSE,34522,2019,No,3/31/21,C - POSSIBLE INJURY,WEDNESDAY,30.35605802,5 - DAWN,-97.70190486,ONE MOTOR VEHICLE - TURNING RIGHT,ONE VEHICLE ENTERING DRIVEWAY,1.2,CITY STREET,-1,1 - CLEAR,26,0,H - HISPANIC,1 - MALE,1 - NOT WORN,C - POSSIBLE INJURY,POINT (-97.70190486 30.35605802),152550618,152550615,0,30757484,False,,North Lamar Boulevard,primary,186.44000000000003,Loop 275,,,,,,,North Lamar Boulevard,1.8823766412871934e-05,0.00015954255957319175
724,18373293,Yes,NO,,,FALSE,,,No,7/19/21,N - NOT INJURED,MONDAY,30.38176014,1 - DAYLIGHT,-97.68645736,ONE MOTOR VEHICLE - TURNING LEFT,ONE VEHICLE ENTERING DRIVEWAY,,CITY STREET,45,2 - CLOUDY,44,0,W - WHITE,1 - MALE,1 - NOT WORN,99 - UNKNOWN,POINT (-97.68645736 30.38176014),5529610951,152550674,0,28678180,False,,North Lamar Boulevard,primary,102.701,Loop 275,,,,,,,North Lamar Boulevard,2.872609948902663e-05,0.00015954255957319175
725,18585242,No,NO,,,FALSE,,,No,11/11/21,B - SUSPECTED MINOR INJURY,THURSDAY,30.37400294,"3 - DARK, LIGHTED",-97.69085611,ONE MOTOR VEHICLE - GOING STRAIGHT,SWERVED OR VEERED-REASON NOT SPECIFIED,,CITY STREET,40,1 - CLEAR,27,0,W - WHITE,1 - MALE,1 - NOT WORN,B - SUSPECTED MINOR INJURY,POINT (-97.69085611 30.37400294),152550657,3832629166,0,28678180,False,,North Lamar Boulevard,primary,71.196,Loop 275,,,,,,,North Lamar Boulevard,1.4445339897196911e-06,0.00015954255957319175
726,18631454,No,NO,35080,1.2,TRUE,35080,2019,No,12/6/21,C - POSSIBLE INJURY,MONDAY,30.3630463,"3 - DARK, LIGHTED",-97.69702522,ONE MOTOR VEHICLE - GOING STRAIGHT,NOT APPLICABLE,1.2,CITY STREET,30,1 - CLEAR,60,0,W - WHITE,1 - MALE,1 - NOT WORN,C - POSSIBLE INJURY,POINT (-97.69702522 30.3630463),5515574436,281368057,0,"[1046085536, 707314740]",True,6,North Lamar Boulevard,primary,124.069,Loop 275,,,,,,,North Lamar Boulevard,5.184928345336019e-06,0.00015954255957319175
727,18779913,Yes,NO,34522,1.2,FALSE,34522,2019,No,3/3/22,C - POSSIBLE INJURY,THURSDAY,30.35083178,1 - DAYLIGHT,-97.70916506,ONE MOTOR VEHICLE - TURNING RIGHT,ONE VEHICLE ENTERING DRIVEWAY,1.2,CITY STREET,-1,1 - CLEAR,34,0,W - WHITE,2 - FEMALE,"4 - WORN, UNK DAMAGE",C - POSSIBLE INJURY,POINT (-97.70916506 30.35083178),152385665,152550606,0,150364014,False,,North Lamar Boulevard,primary,229.10399999999998,Loop 275,,,,,,,North Lamar Boulevard,1.878921100087746e-05,0.00015954255957319175
728,12646999,No,NO,,,TRUE,,,No,3/16/12,B - SUSPECTED MINOR INJURY,FRIDAY,30.26210023,1 - DAYLIGHT,-97.73995337,ONE MOTOR VEHICLE - TURNING LEFT,NOT APPLICABLE,,CITY STREET,0,1 - CLEAR,31,0,W - WHITE,1 - MALE,1 - NOT WORN,B - SUSPECTED MINOR INJURY,POINT (-97.73995337 30.26210023),152414766,152414777,0,"[37749546, 204981555, 436614744, 436614747, 436614748]",False,5,East Cesar Chavez Street,primary,225.41600000000003,Loop 343,yes,30 mph,,,,,East Cesar Chavez Street,1.347574825395871e-05,6.368193674600587e-05
729,12988054,No,NO,26104,1.5,TRUE,26104,2019,No,9/29/12,A - SUSPECTED SERIOUS INJURY,SATURDAY,30.26339562,1 - DAYLIGHT,-97.74449683,ONE MOTOR VEHICLE - TURNING RIGHT,NOT APPLICABLE,1.4,US & STATE HIGHWAYS,30,2 - CLOUDY,29,0,W - WHITE,2 - FEMALE,"3 - WORN, NOT DAMAGED",A - SUSPECTED SERIOUS INJURY,POINT (-97.74449683 30.26339562),152414757,152414760,0,"[1024443344, 15378911]",False,6,East Cesar Chavez Street,primary,135.399,Loop 343,,30 mph,,,,,East Cesar Chavez Street,1.4966183883482914e-05,6.368193674600587e-05
730,13306918,No,NO,,,FALSE,,,No,1/28/13,B - SUSPECTED MINOR INJURY,MONDAY,30.25565369,"3 - DARK, LIGHTED",-97.72045658,ONE MOTOR VEHICLE - GOING STRAIGHT,NOT APPLICABLE,,CITY STREET,30,1 - CLEAR,37,0,B - BLACK,2 - FEMALE,99 - UNKNOWN IF WORN,B - SUSPECTED MINOR INJURY,POINT (-97.72045658 30.25565369),152414820,152414817,0,"[436724790, 436724798]",False,3,East Cesar Chavez Street,secondary,138.474,,,30 mph,,,,,East Cesar Chavez Street,1.651383529964828e-05,6.368193674600587e-05
731,13118150,Yes,NO,,,TRUE,,,No,1/30/13,B - SUSPECTED MINOR INJURY,WEDNESDAY,30.25299478,1 - DAYLIGHT,-97.71278247,ONE MOTOR VEHICLE - GOING STRAIGHT,ATTENTION DIVERTED FROM DRIVING,,CITY STREET,30,1 - CLEAR,22,0,W - WHITE,1 - MALE,1 - NOT WORN,B - SUSPECTED MINOR INJURY,POINT (-97.71278247 30.25299478),152414830,3416593030,0,436724797,False,3,East Cesar Chavez Street,secondary,38.013,,,,,,,,East Cesar Chavez Street,1.858742157671265e-06,6.368193674600587e-05
732,13190288,No,NO,30614,1.4,TRUE,30614,2019,No,2/23/13,C - POSSIBLE INJURY,SATURDAY,30.2618124,1 - DAYLIGHT,-97.73875599,ONE MOTOR VEHICLE - TURNING LEFT,ATTENTION DIVERTED FROM DRIVING,1.3,US & STATE HIGHWAYS,35,1 - CLEAR,22,0,W - WHITE,1 - MALE,1 - NOT WORN,C - POSSIBLE INJURY,POINT (-97.73875599 30.2618124),152414779,152414777,0,"[436614753, 713615754, 713615756, 152429713, 436614746, 436614749]",False,"['5', '4', '3']",East Cesar Chavez Street,primary,208.27299999999997,Loop 343,,30 mph,,,,,East Cesar Chavez Street,3.478151188488695e-05,6.368193674600587e-05
733,13245163,No,NO,30614,1.4,FALSE,30614,2019,No,4/21/13,B - SUSPECTED MINOR INJURY,SUNDAY,30.2618526,"4 - DARK, UNKNOWN LIGHTING",-97.7388989,ONE MOTOR VEHICLE - TURNING RIGHT,ONE VEHICLE ENTERING DRIVEWAY,1.3,US & STATE HIGHWAYS,0,1 - CLEAR,25,0,W - WHITE,1 - MALE,1 - NOT WORN,B - SUSPECTED MINOR INJURY,POINT (-97.7388989 30.2618526),152414766,152414777,0,"[37749546, 204981555, 436614744, 436614747, 436614748]",False,5,East Cesar Chavez Street,primary,225.41600000000003,Loop 343,yes,30 mph,,,,,East Cesar Chavez Street,3.3969025955178876e-05,6.368193674600587e-05
734,13276766,No,NO,26104,1.5,TRUE,26104,2019,No,4/28/13,C - POSSIBLE INJURY,SUNDAY,30.26339562,"3 - DARK, LIGHTED",-97.74449683,ONE MOTOR VEHICLE - TURNING LEFT,ATTENTION DIVERTED FROM DRIVING,1.4,US & STATE HIGHWAYS,30,1 - CLEAR,25,0,W - WHITE,1 - MALE,1 - NOT WORN,C - POSSIBLE INJURY,POINT (-97.74449683 30.26339562),152414757,152414760,0,"[1024443344, 15378911]",False,6,East Cesar Chavez Street,primary,135.399,Loop 343,,30 mph,,,,,East Cesar Chavez Street,1.4966183883482914e-05,6.368193674600587e-05
735,13384355,No,NO,26104,1.5,FALSE,26104,2019,No,5/23/13,B - SUSPECTED MINOR INJURY,THURSDAY,30.26337108,1 - DAYLIGHT,-97.744406,ONE MOTOR VEHICLE - TURNING LEFT,ONE VEHICLE ENTERING DRIVEWAY,1.4,US & STATE HIGHWAYS,35,1 - CLEAR,34,0,W - WHITE,2 - FEMALE,"3 - WORN, NOT DAMAGED",B - SUSPECTED MINOR INJURY,POINT (-97.744406 30.26337108),152414757,152414760,0,"[1024443344, 15378911]",False,6,East Cesar Chavez Street,primary,135.399,Loop 343,,30 mph,,,,,East Cesar Chavez Street,1.5975901414993665e-05,6.368193674600587e-05
736,13384355,No,NO,26104,1.5,FALSE,26104,2019,No,5/23/13,B - SUSPECTED MINOR INJURY,THURSDAY,30.26337108,1 - DAYLIGHT,-97.744406,ONE MOTOR VEHICLE - TURNING LEFT,ONE VEHICLE ENTERING DRIVEWAY,1.4,US & STATE HIGHWAYS,35,1 - CLEAR,34,0,W - WHITE,2 - FEMALE,"3 - WORN, NOT DAMAGED",B - SUSPECTED MINOR INJURY,POINT (-97.744406 30.26337108),152414760,152414757,0,"[1024443344, 15378911]",False,6,East Cesar Chavez Street,primary,135.399,Loop 343,,30 mph,,,,,East Cesar Chavez Street,1.5975901414993665e-05,6.368193674600587e-05
737,13384375,No,NO,26104,1.5,TRUE,26104,2019,No,6/9/13,B - SUSPECTED MINOR INJURY,SUNDAY,30.26339562,"4 - DARK, UNKNOWN LIGHTING",-97.74449683,ONE MOTOR VEHICLE - TURNING LEFT,NOT APPLICABLE,1.4,US & STATE HIGHWAYS,0,1 - CLEAR,19,0,B - BLACK,1 - MALE,99 - UNKNOWN IF WORN,B - SUSPECTED MINOR INJURY,POINT (-97.74449683 30.26339562),152414757,152414760,0,"[1024443344, 15378911]",False,6,East Cesar Chavez Street,primary,135.399,Loop 343,,30 mph,,,,,East Cesar Chavez Street,1.4966183883482914e-05,6.368193674600587e-05
738,13416916,No,NO,26104,1.5,TRUE,26104,2019,No,6/30/13,B - SUSPECTED MINOR INJURY,SUNDAY,30.26339562,"3 - DARK, LIGHTED",-97.74449683,ONE MOTOR VEHICLE - TURNING RIGHT,ATTENTION DIVERTED FROM DRIVING,1.4,US & STATE HIGHWAYS,30,1 - CLEAR,36,0,H - HISPANIC,1 - MALE,1 - NOT WORN,B - SUSPECTED MINOR INJURY,POINT (-97.74449683 30.26339562),152414757,152414760,0,"[1024443344, 15378911]",False,6,East Cesar Chavez Street,primary,135.399,Loop 343,,30 mph,,,,,East Cesar Chavez Street,1.4966183883482914e-05,6.368193674600587e-05
739,13614622,No,NO,,,TRUE,,,No,9/24/13,C - POSSIBLE INJURY,TUESDAY,30.26337478,1 - DAYLIGHT,-97.74450247,ONE MOTOR VEHICLE - TURNING RIGHT,NOT APPLICABLE,,CITY STREET,-1,1 - CLEAR,24,0,W - WHITE,2 - FEMALE,"2 - WORN, DAMAGED",C - POSSIBLE INJURY,POINT (-97.74450247 30.26337478),152414760,152414757,0,"[1024443344, 15378911]",False,6,East Cesar Chavez Street,primary,135.399,Loop 343,,30 mph,,,,,East Cesar Chavez Street,6.622371066266048e-06,6.368193674600587e-05
740,13627248,No,NO,,,TRUE,,,No,9/27/13,B - SUSPECTED MINOR INJURY,FRIDAY,30.25711478,"3 - DARK, LIGHTED",-97.72463247,ONE MOTOR VEHICLE - TURNING RIGHT,NOT APPLICABLE,,CITY STREET,-1,1 - CLEAR,28,0,W - WHITE,1 - MALE,1 - NOT WORN,B - SUSPECTED MINOR INJURY,POINT (-97.72463247 30.25711478),152387362,152414805,0,"[436724792, 204998679]",False,3,East Cesar Chavez Street,secondary,101.81200000000001,,,30 mph,,,,,East Cesar Chavez Street,3.320217927028314e-06,6.368193674600587e-05
741,14223317,No,NO,,,TRUE,,,No,5/18/14,C - POSSIBLE INJURY,SUNDAY,30.25299478,1 - DAYLIGHT,-97.71278247,ONE MOTOR VEHICLE - GOING STRAIGHT,NOT APPLICABLE,,CITY STREET,30,1 - CLEAR,30,0,W - WHITE,2 - FEMALE,"3 - WORN, NOT DAMAGED",C - POSSIBLE INJURY,POINT (-97.71278247 30.25299478),152414830,3416593030,0,436724797,False,3,East Cesar Chavez Street,secondary,38.013,,,,,,,,East Cesar Chavez Street,1.858742157671265e-06,6.368193674600587e-05
742,13920198,No,NO,,,TRUE,,,No,7/1/14,A - SUSPECTED SERIOUS INJURY,TUESDAY,30.26179478,1 - DAYLIGHT,-97.73888246,ONE MOTOR VEHICLE - GOING STRAIGHT,ATTENTION DIVERTED FROM DRIVING,,CITY STREET,35,1 - CLEAR,,0,H - HISPANIC,1 - MALE,"3 - WORN, NOT DAMAGED",B - SUSPECTED MINOR INJURY,POINT (-97.73888246 30.26179478),152414777,152414766,0,"[37749546, 204981555, 436614744, 436614747, 436614748]",False,5,East Cesar Chavez Street,primary,225.416,Loop 343,yes,30 mph,,,,,East Cesar Chavez Street,1.667428230359357e-05,6.368193674600587e-05
743,13920198,No,NO,,,TRUE,,,No,7/1/14,A - SUSPECTED SERIOUS INJURY,TUESDAY,30.26179478,1 - DAYLIGHT,-97.73888246,ONE MOTOR VEHICLE - GOING STRAIGHT,ATTENTION DIVERTED FROM DRIVING,,CITY STREET,35,1 - CLEAR,,0,H - HISPANIC,2 - FEMALE,"3 - WORN, NOT DAMAGED",A - SUSPECTED SERIOUS INJURY,POINT (-97.73888246 30.26179478),152414777,152414766,0,"[37749546, 204981555, 436614744, 436614747, 436614748]",False,5,East Cesar Chavez Street,primary,225.416,Loop 343,yes,30 mph,,,,,East Cesar Chavez Street,1.667428230359357e-05,6.368193674600587e-05
744,14073134,Yes,NO,26104,1.5,TRUE,26104,2019,No,10/3/14,C - POSSIBLE INJURY,FRIDAY,30.26339562,1 - DAYLIGHT,-97.74449683,ONE MOTOR VEHICLE - TURNING LEFT,ATTENTION DIVERTED FROM DRIVING,1.4,US & STATE HIGHWAYS,35,1 - CLEAR,21,0,W - WHITE,2 - FEMALE,1 - NOT WORN,C - POSSIBLE INJURY,POINT (-97.74449683 30.26339562),152414757,152414760,0,"[1024443344, 15378911]",False,6,East Cesar Chavez Street,primary,135.399,Loop 343,,30 mph,,,,,East Cesar Chavez Street,1.4966183883482914e-05,6.368193674600587e-05
745,14083959,Yes,NO,,,TRUE,,,No,10/5/14,B - SUSPECTED MINOR INJURY,SUNDAY,30.26337478,"2 - DARK, NOT LIGHTED",-97.74450246,ONE MOTOR VEHICLE - GOING STRAIGHT,ATTENTION DIVERTED FROM DRIVING,,COUNTY ROAD,35,1 - CLEAR,32,0,H - HISPANIC,1 - MALE,99 - UNKNOWN IF WORN,N - NOT INJURED,POINT (-97.74450246 30.26337478),152414760,152414757,0,"[1024443344, 15378911]",False,6,East Cesar Chavez Street,primary,135.399,Loop 343,,30 mph,,,,,East Cesar Chavez Street,6.619659381400509e-06,6.368193674600587e-05
746,14083959,Yes,NO,,,TRUE,,,No,10/5/14,B - SUSPECTED MINOR INJURY,SUNDAY,30.26337478,"2 - DARK, NOT LIGHTED",-97.74450246,ONE MOTOR VEHICLE - GOING STRAIGHT,ATTENTION DIVERTED FROM DRIVING,,COUNTY ROAD,35,1 - CLEAR,,0,A - ASIAN,1 - MALE,99 - UNKNOWN IF WORN,B - SUSPECTED MINOR INJURY,POINT (-97.74450246 30.26337478),152414760,152414757,0,"[1024443344, 15378911]",False,6,East Cesar Chavez Street,primary,135.399,Loop 343,,30 mph,,,,,East Cesar Chavez Street,6.619659381400509e-06,6.368193674600587e-05
747,14083959,Yes,NO,,,TRUE,,,No,10/5/14,B - SUSPECTED MINOR INJURY,SUNDAY,30.26337478,"2 - DARK, NOT LIGHTED",-97.74450246,ONE MOTOR VEHICLE - GOING STRAIGHT,ATTENTION DIVERTED FROM DRIVING,,COUNTY ROAD,35,1 - CLEAR,,0,H - HISPANIC,2 - FEMALE,99 - UNKNOWN IF WORN,B - SUSPECTED MINOR INJURY,POINT (-97.74450246 30.26337478),152414760,152414757,0,"[1024443344, 15378911]",False,6,East Cesar Chavez Street,primary,135.399,Loop 343,,30 mph,,,,,East Cesar Chavez Street,6.619659381400509e-06,6.368193674600587e-05
748,14106561,No,NO,,,FALSE,,,No,10/23/14,B - SUSPECTED MINOR INJURY,THURSDAY,30.2566494,"3 - DARK, LIGHTED",-97.72325832,ONE MOTOR VEHICLE - GOING STRAIGHT,ATTENTION DIVERTED FROM DRIVING,,CITY STREET,35,1 - CLEAR,24,0,W - WHITE,1 - MALE,99 - UNKNOWN IF WORN,B - SUSPECTED MINOR INJURY,POINT (-97.72325832 30.2566494),152392007,152414808,0,204998679,False,,East Cesar Chavez Street,secondary,69.245,,,30 mph,,,,,East Cesar Chavez Street,6.278439306327012e-06,6.368193674600587e-05
749,14106561,No,NO,,,FALSE,,,No,10/23/14,B - SUSPECTED MINOR INJURY,THURSDAY,30.2566494,"3 - DARK, LIGHTED",-97.72325832,ONE MOTOR VEHICLE - GOING STRAIGHT,ATTENTION DIVERTED FROM DRIVING,,CITY STREET,35,1 - CLEAR,24,0,W - WHITE,1 - MALE,99 - UNKNOWN IF WORN,B - SUSPECTED MINOR INJURY,POINT (-97.72325832 30.2566494),152414808,152392007,0,204998679,False,,East Cesar Chavez Street,secondary,69.245,,,30 mph,,,,,East Cesar Chavez Street,6.278439306327012e-06,6.368193674600587e-05
750,14194771,Yes,NO,,,TRUE,,,No,12/8/14,B - SUSPECTED MINOR INJURY,MONDAY,30.26337478,1 - DAYLIGHT,-97.74450246,ONE MOTOR VEHICLE - TURNING LEFT,NOT APPLICABLE,,CITY STREET,-1,2 - CLOUDY,26,0,W - WHITE,2 - FEMALE,"3 - WORN, NOT DAMAGED",B - SUSPECTED MINOR INJURY,POINT (-97.74450246 30.26337478),152414760,152414757,0,"[1024443344, 15378911]",False,6,East Cesar Chavez Street,primary,135.399,Loop 343,,30 mph,,,,,East Cesar Chavez Street,6.619659381400509e-06,6.368193674600587e-05
751,14290543,No,NO,28635,1.5,FALSE,28635,2019,No,2/11/15,A - SUSPECTED SERIOUS INJURY,WEDNESDAY,30.2626694,"3 - DARK, LIGHTED",-97.74180984,ONE MOTOR VEHICLE - GOING STRAIGHT,NOT APPLICABLE,1.3,US & STATE HIGHWAYS,-1,1 - CLEAR,22,0,W - WHITE,2 - FEMALE,1 - NOT WORN,A - SUSPECTED SERIOUS INJURY,POINT (-97.74180984 30.2626694),152414766,152414763,0,"[436614745, 204981556, 436614751]",False,"['5', '4']",East Cesar Chavez Street,primary,109.359,Loop 343,,30 mph,,,,,East Cesar Chavez Street,3.775015137937128e-05,6.368193674600587e-05
752,14290543,No,NO,28635,1.5,FALSE,28635,2019,No,2/11/15,A - SUSPECTED SERIOUS INJURY,WEDNESDAY,30.2626694,"3 - DARK, LIGHTED",-97.74180984,ONE MOTOR VEHICLE - GOING STRAIGHT,NOT APPLICABLE,1.3,US & STATE HIGHWAYS,-1,1 - CLEAR,22,0,W - WHITE,2 - FEMALE,1 - NOT WORN,A - SUSPECTED SERIOUS INJURY,POINT (-97.74180984 30.2626694),152414763,152414766,0,"[436614745, 204981556, 436614751]",False,"['5', '4']",East Cesar Chavez Street,primary,109.359,Loop 343,,30 mph,,,,,East Cesar Chavez Street,3.775015137937128e-05,6.368193674600587e-05
753,14608292,Yes,NO,26104,1.5,TRUE,26104,2019,No,8/15/15,B - SUSPECTED MINOR INJURY,SATURDAY,30.26339562,"3 - DARK, LIGHTED",-97.74449683,ONE MOTOR VEHICLE - GOING STRAIGHT,NOT APPLICABLE,1.4,US & STATE HIGHWAYS,30,1 - CLEAR,22,0,W - WHITE,1 - MALE,1 - NOT WORN,B - SUSPECTED MINOR INJURY,POINT (-97.74449683 30.26339562),152414757,152414760,0,"[1024443344, 15378911]",False,6,East Cesar Chavez Street,primary,135.399,Loop 343,,30 mph,,,,,East Cesar Chavez Street,1.4966183883482914e-05,6.368193674600587e-05
754,15105136,No,NO,,,TRUE,,,No,5/12/16,C - POSSIBLE INJURY,THURSDAY,30.25299478,"3 - DARK, LIGHTED",-97.71278247,ONE MOTOR VEHICLE - GOING STRAIGHT,NOT APPLICABLE,,CITY STREET,35,2 - CLOUDY,31,0,W - WHITE,1 - MALE,99 - UNKNOWN IF WORN,C - POSSIBLE INJURY,POINT (-97.71278247 30.25299478),152414830,3416593030,0,436724797,False,3,East Cesar Chavez Street,secondary,38.013,,,,,,,,East Cesar Chavez Street,1.858742157671265e-06,6.368193674600587e-05
755,15686185,No,NO,26104,1.5,TRUE,26104,2019,No,3/8/17,N - NOT INJURED,WEDNESDAY,30.26339562,"3 - DARK, LIGHTED",-97.74449683,ONE MOTOR VEHICLE - TURNING LEFT,NOT APPLICABLE,1.4,US & STATE HIGHWAYS,30,1 - CLEAR,53,0,W - WHITE,2 - FEMALE,1 - NOT WORN,N - NOT INJURED,POINT (-97.74449683 30.26339562),152414757,152414760,0,"[1024443344, 15378911]",False,6,East Cesar Chavez Street,primary,135.399,Loop 343,,30 mph,,,,,East Cesar Chavez Street,1.4966183883482914e-05,6.368193674600587e-05
756,15669401,No,NO,28635,1.5,FALSE,28635,2019,No,3/25/17,C - POSSIBLE INJURY,SATURDAY,30.26253198,1 - DAYLIGHT,-97.74132517,ONE MOTOR VEHICLE - TURNING RIGHT,ONE VEHICLE ENTERING DRIVEWAY,1.3,US & STATE HIGHWAYS,30,1 - CLEAR,58,0,W - WHITE,1 - MALE,1 - NOT WORN,C - POSSIBLE INJURY,POINT (-97.74132517 30.26253198),152414763,152414766,0,"[436614745, 204981556, 436614751]",False,"['5', '4']",East Cesar Chavez Street,primary,109.359,Loop 343,,30 mph,,,,,East Cesar Chavez Street,3.549023103523203e-05,6.368193674600587e-05