,Crash ID,$1000 Damage to Any One Person's Property,Active School Zone Flag,Adjusted Average Daily Traffic Amount,Adjusted Percentage of Average Daily Traffic For Trucks,At Intersection Flag,Average Daily Traffic Amount,Average Daily Traffic Year,Construction Zone Flag,Crash Date,Crash Severity,Day of Week,Latitude,Light Condition,Longitude,Manner of Collision,Other Factor,Percentage of Single Unit Truck Average Daily Traffic,Road Class,Speed Limit,Weather Condition,Person Age,Person Death Count,Person Ethnicity,Person Gender,Person Helmet,Person Injury Severity,geometry,index_right0,index_right1,index_right2,osmid,oneway,lanes,name,highway,length,ref,bridge,maxspeed,access,tunnel,junction,service,names,distance,Crash Rate
757,15761856,No,NO,26104,1.5,TRUE,26104,2019,No,5/14/17,B - SUSPECTED MINOR INJURY,SUNDAY,30.26339562,1 - DAYLIGHT,-97.74449683,ONE MOTOR VEHICLE - TURNING LEFT,NOT APPLICABLE,1.4,US & STATE HIGHWAYS,35,1 - CLEAR,61,0,W - WHITE,1 - MALE,"3 - WORN, NOT DAMAGED",B - SUSPECTED MINOR INJURY,POINT (-97.74449683 30.26339562),152414757,152414760,0,"[1024443344, 15378911]",False,6,East Cesar Chavez Street,primary,135.399,Loop 343,,30 mph,,,,,East Cesar Chavez Street,1.4966183883482914e-05,6.368193674600587e-05
758,16465617,No,NO,161510,8.1,TRUE,161510,2019,No,6/12/18,B - SUSPECTED MINOR INJURY,TUESDAY,30.26121826,"3 - DARK, LIGHTED",-97.73644161,ONE MOTOR VEHICLE - TURNING RIGHT,NOT APPLICABLE,3,INTERSTATE,55,1 - CLEAR,56,0,B - BLACK,1 - MALE,1 - NOT WORN,B - SUSPECTED MINOR INJURY,POINT (-97.73644161 30.26121826),152414779,152414791,0,"[122981290, 122981289, 1025931498, 436742884]",False,"['5', '4']",East Cesar Chavez Street,primary,99.214,Loop 343,yes,30 mph,,,,,East Cesar Chavez Street,2.3582557459834908e-05,6.368193674600587e-05
759,16861291,No,NO,,,TRUE,,,No,1/22/19,B - SUSPECTED MINOR INJURY,TUESDAY,30.26337478,1 - DAYLIGHT,-97.74450246,ONE MOTOR VEHICLE - GOING STRAIGHT,ATTENTION DIVERTED FROM DRIVING,,CITY STREET,35,1 - CLEAR,26,0,W - WHITE,2 - FEMALE,1 - NOT WORN,B - SUSPECTED MINOR INJURY,POINT (-97.74450246 30.26337478),152414760,152414757,0,"[1024443344, 15378911]",False,6,East Cesar Chavez Street,primary,135.399,Loop 343,,30 mph,,,,,East Cesar Chavez Street,6.619659381400509e-06,6.368193674600587e-05
760,17067855,No,NO,161510,8.1,TRUE,161510,2019,No,4/9/19,C - POSSIBLE INJURY,TUESDAY,30.26123555,99 - UNKNOWN,-97.73643483,ONE MOTOR VEHICLE - GOING STRAIGHT,NOT APPLICABLE,3,INTERSTATE,-1,99 - UNKNOWN,31,0,H - HISPANIC,1 - MALE,99 - UNKNOWN IF WORN,C - POSSIBLE INJURY,POINT (-97.73643483 30.26123555),152414791,152414779,0,"[122981289, 122981290, 436742884, 1025931498]",False,"['5', '4']",East Cesar Chavez Street,primary,99.214,Loop 343,yes,30 mph,,,,,East Cesar Chavez Street,4.113957575367708e-05,6.368193674600587e-05
761,17054356,No,NO,145713,8.5,TRUE,145713,2019,No,4/23/19,B - SUSPECTED MINOR INJURY,TUESDAY,30.26112938,1 - DAYLIGHT,-97.73646863,ONE MOTOR VEHICLE - GOING STRAIGHT,NOT APPLICABLE,3.1,INTERSTATE,-1,1 - CLEAR,22,0,W - WHITE,1 - MALE,99 - UNKNOWN IF WORN,B - SUSPECTED MINOR INJURY,POINT (-97.73646863 30.26112938),152414791,152414779,0,"[122981289, 122981290, 436742884, 1025931498]",False,"['5', '4']",East Cesar Chavez Street,primary,99.214,Loop 343,yes,30 mph,,,,,East Cesar Chavez Street,6.634429451231461e-05,6.368193674600587e-05
762,17054356,No,NO,145713,8.5,TRUE,145713,2019,No,4/23/19,B - SUSPECTED MINOR INJURY,TUESDAY,30.26112938,1 - DAYLIGHT,-97.73646863,ONE MOTOR VEHICLE - GOING STRAIGHT,NOT APPLICABLE,3.1,INTERSTATE,-1,1 - CLEAR,22,0,W - WHITE,1 - MALE,99 - UNKNOWN IF WORN,B - SUSPECTED MINOR INJURY,POINT (-97.73646863 30.26112938),152414779,152414791,0,"[122981290, 122981289, 1025931498, 436742884]",False,"['5', '4']",East Cesar Chavez Street,primary,99.214,Loop 343,yes,30 mph,,,,,East Cesar Chavez Street,6.634429451231461e-05,6.368193674600587e-05
763,17158861,No,NO,161510,8.1,TRUE,161510,2019,No,6/29/19,N - NOT INJURED,SATURDAY,30.26122284,1 - DAYLIGHT,-97.73644257,ONE MOTOR VEHICLE - TURNING RIGHT,NOT APPLICABLE,3,INTERSTATE,35,1 - CLEAR,39,0,H - HISPANIC,1 - MALE,1 - NOT WORN,N - NOT INJURED,POINT (-97.73644257 30.26122284),152414791,152414779,0,"[122981289, 122981290, 436742884, 1025931498]",False,"['5', '4']",East Cesar Chavez Street,primary,99.214,Loop 343,yes,30 mph,,,,,East Cesar Chavez Street,2.8118668634340008e-05,6.368193674600587e-05
764,17158861,No,NO,161510,8.1,TRUE,161510,2019,No,6/29/19,N - NOT INJURED,SATURDAY,30.26122284,1 - DAYLIGHT,-97.73644257,ONE MOTOR VEHICLE - TURNING RIGHT,NOT APPLICABLE,3,INTERSTATE,35,1 - CLEAR,39,0,H - HISPANIC,1 - MALE,1 - NOT WORN,N - NOT INJURED,POINT (-97.73644257 30.26122284),152414779,152414791,0,"[122981290, 122981289, 1025931498, 436742884]",False,"['5', '4']",East Cesar Chavez Street,primary,99.214,Loop 343,yes,30 mph,,,,,East Cesar Chavez Street,2.8118668634340008e-05,6.368193674600587e-05
765,18021269,No,NO,30614,1.4,TRUE,30614,2019,No,7/13/19,N - NOT INJURED,SATURDAY,30.26181169,"3 - DARK, LIGHTED",-97.73875348,ONE MOTOR VEHICLE - TURNING LEFT,NOT APPLICABLE,1.3,CITY STREET,-1,1 - CLEAR,,0,99 - UNKNOWN,99 - UNKNOWN,99 - UNKNOWN IF WORN,99 - UNKNOWN,POINT (-97.73875348 30.26181169),152414777,152414779,0,"[436614753, 713615754, 713615756, 152429713, 436614746, 436614749]",False,"['5', '4', '3']",East Cesar Chavez Street,primary,208.273,Loop 343,,30 mph,,,,,East Cesar Chavez Street,3.475803076552054e-05,6.368193674600587e-05
766,17330262,Yes,NO,,,TRUE,,,No,10/4/19,B - SUSPECTED MINOR INJURY,FRIDAY,30.25299478,1 - DAYLIGHT,-97.71278247,ONE MOTOR VEHICLE - GOING STRAIGHT,NOT APPLICABLE,,CITY STREET,-1,1 - CLEAR,19,0,B - BLACK,1 - MALE,1 - NOT WORN,B - SUSPECTED MINOR INJURY,POINT (-97.71278247 30.25299478),152414830,3416593030,0,436724797,False,3,East Cesar Chavez Street,secondary,38.013,,,,,,,,East Cesar Chavez Street,1.858742157671265e-06,6.368193674600587e-05
767,17422208,No,NO,161510,8.1,TRUE,161510,2019,No,11/24/19,C - POSSIBLE INJURY,SUNDAY,30.26122219,"3 - DARK, LIGHTED",-97.73644042,ONE MOTOR VEHICLE - GOING STRAIGHT,NOT APPLICABLE,3,INTERSTATE,55,1 - CLEAR,33,0,A - ASIAN,1 - MALE,1 - NOT WORN,C - POSSIBLE INJURY,POINT (-97.73644042 30.26122219),152414791,152414779,0,"[122981289, 122981290, 436742884, 1025931498]",False,"['5', '4']",East Cesar Chavez Street,primary,99.214,Loop 343,yes,30 mph,,,,,East Cesar Chavez Street,2.7558648847635254e-05,6.368193674600587e-05
768,17664372,Yes,NO,161510,8.1,TRUE,161510,2019,No,3/27/20,C - POSSIBLE INJURY,FRIDAY,30.26122219,5 - DAWN,-97.73644042,ONE MOTOR VEHICLE - TURNING RIGHT,NOT APPLICABLE,3,INTERSTATE,55,1 - CLEAR,33,0,H - HISPANIC,1 - MALE,1 - NOT WORN,C - POSSIBLE INJURY,POINT (-97.73644042 30.26122219),152414791,152414779,0,"[122981289, 122981290, 436742884, 1025931498]",False,"['5', '4']",East Cesar Chavez Street,primary,99.214,Loop 343,yes,30 mph,,,,,East Cesar Chavez Street,2.7558648847635254e-05,6.368193674600587e-05
769,17679646,Yes,NO,26104,1.5,TRUE,26104,2019,No,5/4/20,A - SUSPECTED SERIOUS INJURY,MONDAY,30.26339562,"3 - DARK, LIGHTED",-97.74449683,ONE MOTOR VEHICLE - TURNING LEFT,NOT APPLICABLE,1.4,CITY STREET,-1,1 - CLEAR,30,0,W - WHITE,1 - MALE,99 - UNKNOWN IF WORN,A - SUSPECTED SERIOUS INJURY,POINT (-97.74449683 30.26339562),152414757,152414760,0,"[1024443344, 15378911]",False,6,East Cesar Chavez Street,primary,135.399,Loop 343,,30 mph,,,,,East Cesar Chavez Street,1.4966183883482914e-05,6.368193674600587e-05
770,17705558,No,NO,,,TRUE,,,No,5/19/20,N - NOT INJURED,TUESDAY,30.25988478,1 - DAYLIGHT,-97.73261247,ONE MOTOR VEHICLE - GOING STRAIGHT,ATTENTION DIVERTED FROM DRIVING,,CITY STREET,35,1 - CLEAR,36,0,H - HISPANIC,1 - MALE,1 - NOT WORN,N - NOT INJURED,POINT (-97.73261247 30.25988478),152414799,152404668,0,"[655501761, 436726692]",False,3,East Cesar Chavez Street,secondary,105.90899999999999,,,30 mph,,,,,East Cesar Chavez Street,2.5193911510465167e-06,6.368193674600587e-05
771,17828054,Yes,NO,161510,8.1,TRUE,161510,2019,No,8/21/20,B - SUSPECTED MINOR INJURY,FRIDAY,30.26122284,1 - DAYLIGHT,-97.73644257,ONE MOTOR VEHICLE - TURNING LEFT,NOT APPLICABLE,3,US & STATE HIGHWAYS,-1,1 - CLEAR,44,0,W - WHITE,1 - MALE,1 - NOT WORN,B - SUSPECTED MINOR INJURY,POINT (-97.73644257 30.26122284),152414791,152414779,0,"[122981289, 122981290, 436742884, 1025931498]",False,"['5', '4']",East Cesar Chavez Street,primary,99.214,Loop 343,yes,30 mph,,,,,East Cesar Chavez Street,2.8118668634340008e-05,6.368193674600587e-05
772,17828054,Yes,NO,161510,8.1,TRUE,161510,2019,No,8/21/20,B - SUSPECTED MINOR INJURY,FRIDAY,30.26122284,1 - DAYLIGHT,-97.73644257,ONE MOTOR VEHICLE - TURNING LEFT,NOT APPLICABLE,3,US & STATE HIGHWAYS,-1,1 - CLEAR,44,0,W - WHITE,1 - MALE,1 - NOT WORN,B - SUSPECTED MINOR INJURY,POINT (-97.73644257 30.26122284),152414779,152414791,0,"[122981290, 122981289, 1025931498, 436742884]",False,"['5', '4']",East Cesar Chavez Street,primary,99.214,Loop 343,yes,30 mph,,,,,East Cesar Chavez Street,2.8118668634340008e-05,6.368193674600587e-05
773,18640930,Yes,NO,30614,1.4,FALSE,30614,2019,No,12/12/21,C - POSSIBLE INJURY,SUNDAY,30.26236162,"3 - DARK, LIGHTED",-97.7407219,ONE MOTOR VEHICLE - GOING STRAIGHT,ATTENTION DIVERTED FROM DRIVING,1.3,CITY STREET,-1,1 - CLEAR,43,0,W - WHITE,1 - MALE,"2 - WORN, DAMAGED",C - POSSIBLE INJURY,POINT (-97.7407219 30.26236162),152414766,152414777,0,"[37749546, 204981555, 436614744, 436614747, 436614748]",False,5,East Cesar Chavez Street,primary,225.41600000000003,Loop 343,yes,30 mph,,,,,East Cesar Chavez Street,3.386023427052253e-05,6.368193674600587e-05
774,12667746,No,NO,,,TRUE,,,No,3/21/12,N - NOT INJURED,WEDNESDAY,30.26028478,1 - DAYLIGHT,-97.74963246,ONE MOTOR VEHICLE - TURNING LEFT,NOT APPLICABLE,,CITY STREET,30,1 - CLEAR,26,0,W - WHITE,1 - MALE,1 - NOT WORN,N - NOT INJURED,POINT (-97.74963246 30.26028478),5853144934,1832592881,0,15411774,True,2,West Riverside Drive,tertiary,268.31399999999996,,,,,,,,West Riverside Drive,4.3004290878851066e-05,2.1367521367521368e-05
775,12677565,Yes,NO,,,TRUE,,,No,4/5/12,B - SUSPECTED MINOR INJURY,THURSDAY,30.26028478,1 - DAYLIGHT,-97.74963246,ONE MOTOR VEHICLE - TURNING LEFT,NOT APPLICABLE,,CITY STREET,0,1 - CLEAR,22,0,W - WHITE,1 - MALE,1 - NOT WORN,B - SUSPECTED MINOR INJURY,POINT (-97.74963246 30.26028478),5853144934,1832592881,0,15411774,True,2,West Riverside Drive,tertiary,268.31399999999996,,,,,,,,West Riverside Drive,4.3004290878851066e-05,2.1367521367521368e-05
776,12758958,Yes,NO,,,TRUE,,,No,6/15/12,B - SUSPECTED MINOR INJURY,FRIDAY,30.26028478,"3 - DARK, LIGHTED",-97.74963246,ONE MOTOR VEHICLE - TURNING LEFT,NOT APPLICABLE,,CITY STREET,35,1 - CLEAR,24,0,99 - UNKNOWN,1 - MALE,1 - NOT WORN,B - SUSPECTED MINOR INJURY,POINT (-97.74963246 30.26028478),5853144934,1832592881,0,15411774,True,2,West Riverside Drive,tertiary,268.31399999999996,,,,,,,,West Riverside Drive,4.3004290878851066e-05,2.1367521367521368e-05
777,14188832,Yes,NO,,,TRUE,,,No,12/2/14,B - SUSPECTED MINOR INJURY,TUESDAY,30.26028478,1 - DAYLIGHT,-97.74963246,ONE MOTOR VEHICLE - TURNING LEFT,NOT APPLICABLE,,COUNTY ROAD,-1,1 - CLEAR,33,0,W - WHITE,2 - FEMALE,"3 - WORN, NOT DAMAGED",B - SUSPECTED MINOR INJURY,POINT (-97.74963246 30.26028478),5853144934,1832592881,0,15411774,True,2,West Riverside Drive,tertiary,268.31399999999996,,,,,,,,West Riverside Drive,4.3004290878851066e-05,2.1367521367521368e-05
778,14360159,No,NO,46800,1.2,TRUE,46800,2019,No,3/18/15,B - SUSPECTED MINOR INJURY,WEDNESDAY,30.26449154,1 - DAYLIGHT,-97.75711524,ONE MOTOR VEHICLE - GOING STRAIGHT,NOT APPLICABLE,1.1,US & STATE HIGHWAYS,30,1 - CLEAR,30,0,W - WHITE,1 - MALE,99 - UNKNOWN IF WORN,B - SUSPECTED MINOR INJURY,POINT (-97.75711524 30.26449154),152616180,282903493,0,"[25935441, 619375210]",True,1,West Riverside Drive,tertiary,102.58399999999999,,,,,,,,West Riverside Drive,1.987712371369759e-06,2.1367521367521368e-05
779,16057733,No,NO,46800,1.2,TRUE,46800,2019,No,8/31/17,B - SUSPECTED MINOR INJURY,THURSDAY,30.26449154,"3 - DARK, LIGHTED",-97.75711524,ONE MOTOR VEHICLE - TURNING RIGHT,NOT APPLICABLE,1.1,US & STATE HIGHWAYS,35,1 - CLEAR,29,0,W - WHITE,1 - MALE,99 - UNKNOWN IF WORN,B - SUSPECTED MINOR INJURY,POINT (-97.75711524 30.26449154),152616180,282903493,0,"[25935441, 619375210]",True,1,West Riverside Drive,tertiary,102.58399999999999,,,,,,,,West Riverside Drive,1.987712371369759e-06,2.1367521367521368e-05
780,17003568,No,NO,,,TRUE,,,No,4/9/19,A - SUSPECTED SERIOUS INJURY,TUESDAY,30.26028478,1 - DAYLIGHT,-97.74963246,ONE MOTOR VEHICLE - GOING STRAIGHT,NOT APPLICABLE,,CITY STREET,35,1 - CLEAR,24,0,B - BLACK,1 - MALE,1 - NOT WORN,A - SUSPECTED SERIOUS INJURY,POINT (-97.74963246 30.26028478),5853144934,1832592881,0,15411774,True,2,West Riverside Drive,tertiary,268.31399999999996,,,,,,,,West Riverside Drive,4.3004290878851066e-05,2.1367521367521368e-05
781,18373211,No,NO,,,TRUE,,,No,7/17/21,B - SUSPECTED MINOR INJURY,SATURDAY,30.26028478,"3 - DARK, LIGHTED",-97.74963246,ONE MOTOR VEHICLE - TURNING LEFT,NOT APPLICABLE,,CITY STREET,-1,2 - CLOUDY,23,0,W - WHITE,1 - MALE,"4 - WORN, UNK DAMAGE",B - SUSPECTED MINOR INJURY,POINT (-97.74963246 30.26028478),5853144934,1832592881,0,15411774,True,2,West Riverside Drive,tertiary,268.31399999999996,,,,,,,,West Riverside Drive,4.3004290878851066e-05,2.1367521367521368e-05
782,12674713,No,NO,,,TRUE,,,No,3/25/12,C - POSSIBLE INJURY,SUNDAY,30.26678478,1 - DAYLIGHT,-97.73825246,ONE MOTOR VEHICLE - GOING STRAIGHT,NOT APPLICABLE,,CITY STREET,35,1 - CLEAR,31,0,W - WHITE,2 - FEMALE,"3 - WORN, NOT DAMAGED",C - POSSIBLE INJURY,POINT (-97.73825246 30.26678478),152401912,152401909,0,315904408,True,4,East 6th Street,secondary,108.844,,,,,,,,East 6th Street,9.55143970650736e-06,6.191567085629373e-06
783,12828561,No,NO,,,TRUE,,,No,7/7/12,B - SUSPECTED MINOR INJURY,SATURDAY,30.26678478,1 - DAYLIGHT,-97.73825246,ONE MOTOR VEHICLE - TURNING LEFT,NOT APPLICABLE,,CITY STREET,30,1 - CLEAR,23,0,W - WHITE,2 - FEMALE,1 - NOT WORN,B - SUSPECTED MINOR INJURY,POINT (-97.73825246 30.26678478),152401912,152401909,0,315904408,True,4,East 6th Street,secondary,108.844,,,,,,,,East 6th Street,9.55143970650736e-06,6.191567085629373e-06
784,12870282,No,NO,,,FALSE,,,No,8/22/12,B - SUSPECTED MINOR INJURY,WEDNESDAY,30.26237289,"2 - DARK, NOT LIGHTED",-97.7246249,ONE MOTOR VEHICLE - GOING STRAIGHT,NOT APPLICABLE,,CITY STREET,30,1 - CLEAR,26,0,W - WHITE,1 - MALE,"3 - WORN, NOT DAMAGED",B - SUSPECTED MINOR INJURY,POINT (-97.7246249 30.26237289),152401949,152401946,0,240179605,False,,East 6th Street,tertiary,213.23,,,,,,,,East 6th Street,1.1093818773061787e-05,6.191567085629373e-06
785,12972242,No,NO,,,TRUE,,,No,9/7/12,N - NOT INJURED,FRIDAY,30.26303478,"2 - DARK, NOT LIGHTED",-97.72651247,ONE MOTOR VEHICLE - TURNING LEFT,ATTENTION DIVERTED FROM DRIVING,,CITY STREET,30,1 - CLEAR,27,0,W - WHITE,1 - MALE,99 - UNKNOWN IF WORN,N - NOT INJURED,POINT (-97.72651247 30.26303478),152401946,152401949,0,240179605,False,,East 6th Street,tertiary,213.23,,,,,,,,East 6th Street,2.4805078479039887e-06,6.191567085629373e-06
786,12972024,No,NO,,,TRUE,,,No,9/11/12,A - SUSPECTED SERIOUS INJURY,TUESDAY,30.26440478,1 - DAYLIGHT,-97.73049247,ONE MOTOR VEHICLE - GOING STRAIGHT,NOT APPLICABLE,,CITY STREET,35,1 - CLEAR,40,0,W - WHITE,1 - MALE,1 - NOT WORN,A - SUSPECTED SERIOUS INJURY,POINT (-97.73049247 30.26440478),152401938,152401934,0,655501628,False,,East 6th Street,tertiary,106.452,,,,,,,,East 6th Street,1.2193840457487898e-05,6.191567085629373e-06
787,13061984,Yes,NO,,,TRUE,,,No,10/26/12,C - POSSIBLE INJURY,FRIDAY,30.26648478,"3 - DARK, LIGHTED",-97.73718246,ONE MOTOR VEHICLE - GOING STRAIGHT,ATTENTION DIVERTED FROM DRIVING,,CITY STREET,0,3 - RAIN,32,0,W - WHITE,2 - FEMALE,1 - NOT WORN,C - POSSIBLE INJURY,POINT (-97.73718246 30.26648478),152401915,152401912,0,37749556,True,4,East 6th Street,secondary,104.72800000000001,,,,,,,,East 6th Street,2.852875651970966e-06,6.191567085629373e-06
788,13061985,Yes,NO,,,TRUE,,,No,10/26/12,C - POSSIBLE INJURY,FRIDAY,30.26648478,"3 - DARK, LIGHTED",-97.73718246,ONE MOTOR VEHICLE - GOING STRAIGHT,ATTENTION DIVERTED FROM DRIVING,,CITY STREET,0,3 - RAIN,32,0,W - WHITE,2 - FEMALE,1 - NOT WORN,C - POSSIBLE INJURY,POINT (-97.73718246 30.26648478),152401915,152401912,0,37749556,True,4,East 6th Street,secondary,104.72800000000001,,,,,,,,East 6th Street,2.852875651970966e-06,6.191567085629373e-06
789,13197328,No,NO,,,TRUE,,,No,3/22/13,C - POSSIBLE INJURY,FRIDAY,30.26678478,"3 - DARK, LIGHTED",-97.73825246,ONE MOTOR VEHICLE - TURNING LEFT,NOT APPLICABLE,,CITY STREET,30,1 - CLEAR,29,0,W - WHITE,2 - FEMALE,1 - NOT WORN,C - POSSIBLE INJURY,POINT (-97.73825246 30.26678478),152401912,152401909,0,315904408,True,4,East 6th Street,secondary,108.844,,,,,,,,East 6th Street,9.55143970650736e-06,6.191567085629373e-06
790,13389337,Yes,NO,,,FALSE,,,No,6/1/13,B - SUSPECTED MINOR INJURY,SATURDAY,30.25877577,1 - DAYLIGHT,-97.71425797,ONE MOTOR VEHICLE - GOING STRAIGHT,SLOWING/STOPPING-FOR TRAFFIC,,CITY STREET,0,1 - CLEAR,25,0,W - WHITE,1 - MALE,1 - NOT WORN,B - SUSPECTED MINOR INJURY,POINT (-97.71425797 30.25877577),152401963,152401966,0,15377621,False,,East 6th Street,residential,200.169,,,,,,,,East 6th Street,1.3781638134056477e-05,6.191567085629373e-06
791,13343635,No,NO,161510,8.1,TRUE,161510,2019,No,6/3/13,C - POSSIBLE INJURY,MONDAY,30.26574518,"3 - DARK, LIGHTED",-97.73465307,ONE MOTOR VEHICLE - TURNING LEFT,NOT APPLICABLE,3,INTERSTATE,35,1 - CLEAR,26,0,W - WHITE,2 - FEMALE,1 - NOT WORN,C - POSSIBLE INJURY,POINT (-97.73465307 30.26574518),152381257,152382377,0,"[436612056, 436612057, 27394254]",False,4,East 6th Street,secondary,86.758,,,,,,,,East 6th Street,3.39265874877509e-05,6.191567085629373e-06
792,13653551,No,NO,161510,8.1,TRUE,161510,2019,No,1/11/14,B - SUSPECTED MINOR INJURY,SATURDAY,30.26574518,"3 - DARK, LIGHTED",-97.73465307,ONE MOTOR VEHICLE - GOING STRAIGHT,NOT APPLICABLE,3,INTERSTATE,-1,1 - CLEAR,32,0,H - HISPANIC,1 - MALE,99 - UNKNOWN IF WORN,B - SUSPECTED MINOR INJURY,POINT (-97.73465307 30.26574518),152381257,152382377,0,"[436612056, 436612057, 27394254]",False,4,East 6th Street,secondary,86.758,,,,,,,,East 6th Street,3.39265874877509e-05,6.191567085629373e-06
793,13797090,No,NO,161510,8.1,FALSE,161510,2019,No,4/10/14,A - SUSPECTED SERIOUS INJURY,THURSDAY,30.26577146,1 - DAYLIGHT,-97.73464385,ONE MOTOR VEHICLE - TURNING LEFT,NOT APPLICABLE,3,INTERSTATE,35,1 - CLEAR,51,0,W - WHITE,1 - MALE,99 - UNKNOWN IF WORN,A - SUSPECTED SERIOUS INJURY,POINT (-97.73464385 30.26577146),152381257,152382377,0,"[436612056, 436612057, 27394254]",False,4,East 6th Street,secondary,86.758,,,,,,,,East 6th Street,6.115241103924425e-06,6.191567085629373e-06
794,13828053,No,NO,161510,8.1,TRUE,161510,2019,No,5/2/14,N - NOT INJURED,FRIDAY,30.26574518,"3 - DARK, LIGHTED",-97.73465307,ONE MOTOR VEHICLE - GOING STRAIGHT,NOT APPLICABLE,3,INTERSTATE,-1,1 - CLEAR,23,0,H - HISPANIC,1 - MALE,1 - NOT WORN,N - NOT INJURED,POINT (-97.73465307 30.26574518),152381257,152382377,0,"[436612056, 436612057, 27394254]",False,4,East 6th Street,secondary,86.758,,,,,,,,East 6th Street,3.39265874877509e-05,6.191567085629373e-06
795,14045121,No,NO,,,FALSE,,,No,8/31/14,B - SUSPECTED MINOR INJURY,SUNDAY,30.26196093,"3 - DARK, LIGHTED",-97.7233119,ONE MOTOR VEHICLE - GOING STRAIGHT,OPEN DOOR OR OBJECT PROJECTING FROM VEHICLE,,CITY STREET,30,1 - CLEAR,30,0,H - HISPANIC,1 - MALE,99 - UNKNOWN IF WORN,B - SUSPECTED MINOR INJURY,POINT (-97.7233119 30.26196093),152401951,152401949,0,240179605,False,,East 6th Street,tertiary,201.611,,,,,,,,East 6th Street,4.747457839929416e-06,6.191567085629373e-06
796,14045121,No,NO,,,FALSE,,,No,8/31/14,B - SUSPECTED MINOR INJURY,SUNDAY,30.26196093,"3 - DARK, LIGHTED",-97.7233119,ONE MOTOR VEHICLE - GOING STRAIGHT,OPEN DOOR OR OBJECT PROJECTING FROM VEHICLE,,CITY STREET,30,1 - CLEAR,30,0,H - HISPANIC,1 - MALE,99 - UNKNOWN IF WORN,B - SUSPECTED MINOR INJURY,POINT (-97.7233119 30.26196093),152401949,152401951,0,240179605,False,,East 6th Street,tertiary,201.611,,,,,,,,East 6th Street,4.747457839929416e-06,6.191567085629373e-06
797,14104643,No,NO,,,TRUE,,,No,10/24/14,B - SUSPECTED MINOR INJURY,FRIDAY,30.26648478,1 - DAYLIGHT,-97.73718246,ONE MOTOR VEHICLE - TURNING RIGHT,ATTENTION DIVERTED FROM DRIVING,,CITY STREET,30,1 - CLEAR,36,0,W - WHITE,1 - MALE,"3 - WORN, NOT DAMAGED",B - SUSPECTED MINOR INJURY,POINT (-97.73718246 30.26648478),152401915,152401912,0,37749556,True,4,East 6th Street,secondary,104.72800000000001,,,,,,,,East 6th Street,2.852875651970966e-06,6.191567085629373e-06
798,14610632,No,NO,,,FALSE,,,No,8/26/15,C - POSSIBLE INJURY,WEDNESDAY,30.25935522,"3 - DARK, LIGHTED",-97.71596069,ONE MOTOR VEHICLE - BACKING,ONE VEHICLE ENTERING DRIVEWAY,,CITY STREET,30,1 - CLEAR,27,0,W - WHITE,2 - FEMALE,99 - UNKNOWN IF WORN,C - POSSIBLE INJURY,POINT (-97.71596069 30.25935522),152401963,152401953,0,15377621,False,,East 6th Street,residential,411.421,,,,,,,,East 6th Street,2.4297646455004664e-05,6.191567085629373e-06
799,14920143,Yes,NO,161510,8.1,TRUE,161510,2019,No,2/16/16,A - SUSPECTED SERIOUS INJURY,TUESDAY,30.26574518,1 - DAYLIGHT,-97.73465307,ONE MOTOR VEHICLE - TURNING LEFT,NOT APPLICABLE,3,INTERSTATE,30,1 - CLEAR,,0,W - WHITE,2 - FEMALE,"4 - WORN, UNK DAMAGE",A - SUSPECTED SERIOUS INJURY,POINT (-97.73465307 30.26574518),152381257,152382377,0,"[436612056, 436612057, 27394254]",False,4,East 6th Street,secondary,86.758,,,,,,,,East 6th Street,3.39265874877509e-05,6.191567085629373e-06
800,15129371,No,NO,,,FALSE,,,No,5/29/16,N - NOT INJURED,SUNDAY,30.26533786,1 - DAYLIGHT,-97.73330502,ONE MOTOR VEHICLE - GOING STRAIGHT,NOT APPLICABLE,,CITY STREET,30,1 - CLEAR,29,0,W - WHITE,1 - MALE,1 - NOT WORN,N - NOT INJURED,POINT (-97.73330502 30.26533786),152401930,152401928,0,204998676,False,,East 6th Street,tertiary,108.091,,,,,,,,East 6th Street,4.2439028053886306e-05,6.191567085629373e-06
801,15368340,No,NO,161510,8.1,TRUE,161510,2019,No,10/7/16,B - SUSPECTED MINOR INJURY,FRIDAY,30.26574518,"3 - DARK, LIGHTED",-97.73465307,ONE MOTOR VEHICLE - GOING STRAIGHT,NOT APPLICABLE,3,INTERSTATE,45,1 - CLEAR,21,0,W - WHITE,1 - MALE,1 - NOT WORN,B - SUSPECTED MINOR INJURY,POINT (-97.73465307 30.26574518),152381257,152382377,0,"[436612056, 436612057, 27394254]",False,4,East 6th Street,secondary,86.758,,,,,,,,East 6th Street,3.39265874877509e-05,6.191567085629373e-06