,Crash ID,$1000 Damage to Any One Person's Property,Active School Zone Flag,Adjusted Average Daily Traffic Amount,Adjusted Percentage of Average Daily Traffic For Trucks,At Intersection Flag,Average Daily Traffic Amount,Average Daily Traffic Year,Construction Zone Flag,Crash Date,Crash Severity,Day of Week,Latitude,Light Condition,Longitude,Manner of Collision,Other Factor,Percentage of Single Unit Truck Average Daily Traffic,Road Class,Speed Limit,Weather Condition,Person Age,Person Death Count,Person Ethnicity,Person Gender,Person Helmet,Person Injury Severity,geometry,index_right0,index_right1,index_right2,osmid,oneway,lanes,name,highway,length,ref,bridge,maxspeed,access,tunnel,junction,service,names,distance,Crash Rate
802,15613607,Yes,NO,,,TRUE,,,No,2/27/17,A - SUSPECTED SERIOUS INJURY,MONDAY,30.26337478,"3 - DARK, LIGHTED",-97.72750247,ONE MOTOR VEHICLE - GOING STRAIGHT,NOT APPLICABLE,,CITY STREET,30,1 - CLEAR,21,0,H - HISPANIC,2 - FEMALE,"2 - WORN, DAMAGED",A - SUSPECTED SERIOUS INJURY,POINT (-97.72750247 30.26337478),152401944,152401946,0,764461782,False,,East 6th Street,tertiary,101.46600000000001,,,,,,,,East 6th Street,5.62795264592775e-06,6.191567085629373e-06
803,15666414,No,NO,,,TRUE,,,No,3/11/17,N - NOT INJURED,SATURDAY,30.26440478,"3 - DARK, LIGHTED",-97.73049247,ONE MOTOR VEHICLE - GOING STRAIGHT,NOT APPLICABLE,,CITY STREET,-1,3 - RAIN,53,0,H - HISPANIC,2 - FEMALE,"4 - WORN, UNK DAMAGE",N - NOT INJURED,POINT (-97.73049247 30.26440478),152401938,152401934,0,655501628,False,,East 6th Street,tertiary,106.452,,,,,,,,East 6th Street,1.2193840457487898e-05,6.191567085629373e-06
804,15925505,No,NO,,,TRUE,,,No,8/20/17,C - POSSIBLE INJURY,SUNDAY,30.26587478,1 - DAYLIGHT,-97.73502247,ONE MOTOR VEHICLE - TURNING LEFT,NOT APPLICABLE,,CITY STREET,35,1 - CLEAR,45,0,W - WHITE,1 - MALE,"3 - WORN, NOT DAMAGED",C - POSSIBLE INJURY,POINT (-97.73502247 30.26587478),152382377,152381257,0,"[436612056, 436612057, 27394254]",False,4,East 6th Street,secondary,86.758,,,,,,,,East 6th Street,6.949721941094629e-06,6.191567085629373e-06
805,16086848,Yes,NO,,,FALSE,,,No,11/14/17,C - POSSIBLE INJURY,TUESDAY,30.26301215,"3 - DARK, LIGHTED",-97.72645465,ONE MOTOR VEHICLE - GOING STRAIGHT,ATTENTION DIVERTED FROM DRIVING,,CITY STREET,-1,1 - CLEAR,32,0,W - WHITE,1 - MALE,1 - NOT WORN,C - POSSIBLE INJURY,POINT (-97.72645465 30.26301215),152401949,152401946,0,240179605,False,,East 6th Street,tertiary,213.23,,,,,,,,East 6th Street,4.913789028443105e-06,6.191567085629373e-06
806,17007380,No,NO,,,TRUE,,,No,4/9/19,C - POSSIBLE INJURY,TUESDAY,30.26440478,"3 - DARK, LIGHTED",-97.73049247,ONE MOTOR VEHICLE - TURNING LEFT,NOT APPLICABLE,,CITY STREET,35,1 - CLEAR,26,0,W - WHITE,2 - FEMALE,"4 - WORN, UNK DAMAGE",C - POSSIBLE INJURY,POINT (-97.73049247 30.26440478),152401938,152401934,0,655501628,False,,East 6th Street,tertiary,106.452,,,,,,,,East 6th Street,1.2193840457487898e-05,6.191567085629373e-06
807,17127368,No,NO,,,FALSE,,,No,6/12/19,B - SUSPECTED MINOR INJURY,WEDNESDAY,30.2677692,"3 - DARK, LIGHTED",-97.74177443,ONE MOTOR VEHICLE - GOING STRAIGHT,NOT APPLICABLE,,CITY STREET,35,1 - CLEAR,56,0,B - BLACK,1 - MALE,1 - NOT WORN,B - SUSPECTED MINOR INJURY,POINT (-97.74177443 30.2677692),152401899,152401898,0,973936238,True,4,East 6th Street,secondary,135.064,,,,,,,,East 6th Street,1.4282944895965104e-05,6.191567085629373e-06
808,17240097,No,NO,161510,8.1,FALSE,161510,2019,No,8/18/19,B - SUSPECTED MINOR INJURY,SUNDAY,30.26579774,1 - DAYLIGHT,-97.73463463,ONE MOTOR VEHICLE - GOING STRAIGHT,NOT APPLICABLE,3,INTERSTATE,30,1 - CLEAR,52,0,H - HISPANIC,1 - MALE,1 - NOT WORN,B - SUSPECTED MINOR INJURY,POINT (-97.73463463 30.26579774),152381257,152382377,0,"[436612056, 436612057, 27394254]",False,4,East 6th Street,secondary,86.758,,,,,,,,East 6th Street,2.1696105279902045e-05,6.191567085629373e-06
809,17240097,No,NO,161510,8.1,FALSE,161510,2019,No,8/18/19,B - SUSPECTED MINOR INJURY,SUNDAY,30.26579774,1 - DAYLIGHT,-97.73463463,ONE MOTOR VEHICLE - GOING STRAIGHT,NOT APPLICABLE,3,INTERSTATE,30,1 - CLEAR,52,0,H - HISPANIC,1 - MALE,1 - NOT WORN,B - SUSPECTED MINOR INJURY,POINT (-97.73463463 30.26579774),152382377,152381257,0,"[436612056, 436612057, 27394254]",False,4,East 6th Street,secondary,86.758,,,,,,,,East 6th Street,2.1696105279902045e-05,6.191567085629373e-06
810,17357152,No,NO,,,FALSE,,,Yes,10/8/19,N - NOT INJURED,TUESDAY,30.26611523,1 - DAYLIGHT,-97.73584873,ONE MOTOR VEHICLE - GOING STRAIGHT,CONSTRUCTION - WITHIN POSTED ROAD CONSTRUCTION ZONE (NOT RELATED TO CRASH),,CITY STREET,30,1 - CLEAR,31,0,A - ASIAN,1 - MALE,1 - NOT WORN,N - NOT INJURED,POINT (-97.73584873 30.26611523),152381257,152401915,0,"[31165968, 37749555, 37749556]",True,"['2', '3', '4']",East 6th Street,secondary,112.722,,yes,,,,,,East 6th Street,1.6619348039802406e-06,6.191567085629373e-06
811,18466609,No,NO,161510,8.1,FALSE,161510,2019,No,8/25/21,B - SUSPECTED MINOR INJURY,WEDNESDAY,30.26573993,1 - DAYLIGHT,-97.73465492,ONE MOTOR VEHICLE - TURNING LEFT,NOT APPLICABLE,3,INTERSTATE,35,1 - CLEAR,44,0,W - WHITE,2 - FEMALE,1 - NOT WORN,B - SUSPECTED MINOR INJURY,POINT (-97.73465492 30.26573993),152381257,152382377,0,"[436612056, 436612057, 27394254]",False,4,East 6th Street,secondary,86.758,,,,,,,,East 6th Street,3.9484781512466066e-05,6.191567085629373e-06
812,18466609,No,NO,161510,8.1,FALSE,161510,2019,No,8/25/21,B - SUSPECTED MINOR INJURY,WEDNESDAY,30.26573993,1 - DAYLIGHT,-97.73465492,ONE MOTOR VEHICLE - TURNING LEFT,NOT APPLICABLE,3,INTERSTATE,35,1 - CLEAR,44,0,W - WHITE,2 - FEMALE,1 - NOT WORN,B - SUSPECTED MINOR INJURY,POINT (-97.73465492 30.26573993),152382377,152381257,0,"[436612056, 436612057, 27394254]",False,4,East 6th Street,secondary,86.758,,,,,,,,East 6th Street,3.9484781512466066e-05,6.191567085629373e-06
813,12677502,No,NO,,,TRUE,,,No,4/7/12,B - SUSPECTED MINOR INJURY,SATURDAY,30.37683476,1 - DAYLIGHT,-97.65911248,ONE MOTOR VEHICLE - GOING STRAIGHT,NOT APPLICABLE,,CITY STREET,0,1 - CLEAR,23,0,W - WHITE,2 - FEMALE,"3 - WORN, NOT DAMAGED",B - SUSPECTED MINOR INJURY,POINT (-97.65911248 30.37683476),281371098,281371111,0,"[148882192, 436610960, 436610957]",True,3,Dessau Road,secondary,379.499,,yes,,,,,,Dessau Road,3.5633039062378185e-07,3.181066293421555e-05
814,15140277,No,NO,31436,4.3,TRUE,31436,2019,No,6/2/16,C - POSSIBLE INJURY,THURSDAY,30.38699274,1 - DAYLIGHT,-97.6484449,ONE MOTOR VEHICLE - TURNING RIGHT,ATTENTION DIVERTED FROM DRIVING,1.9,FARM TO MARKET,55,3 - RAIN,35,0,B - BLACK,1 - MALE,1 - NOT WORN,C - POSSIBLE INJURY,POINT (-97.6484449 30.38699274),359102415,340458675,0,1004023318,True,4,Dessau Road,primary,26.629,,,,,,,,Dessau Road,2.865997253691645e-05,3.181066293421555e-05
815,15541177,No,NO,,,TRUE,,,No,1/13/17,B - SUSPECTED MINOR INJURY,FRIDAY,30.39474992,1 - DAYLIGHT,-97.64440306,ONE MOTOR VEHICLE - TURNING RIGHT,NOT APPLICABLE,,CITY STREET,30,1 - CLEAR,41,0,W - WHITE,1 - MALE,99 - UNKNOWN IF WORN,B - SUSPECTED MINOR INJURY,POINT (-97.64440306 30.39474992),1832703487,281371083,0,620978718,True,3,Dessau Road,primary,313.429,,,,,,,,Dessau Road,1.6104593302447808e-06,3.181066293421555e-05
816,15925318,No,NO,,,FALSE,,,No,8/14/17,B - SUSPECTED MINOR INJURY,MONDAY,30.36265469,1 - DAYLIGHT,-97.66859613,ONE MOTOR VEHICLE - GOING STRAIGHT,NOT APPLICABLE,,CITY STREET,55,1 - CLEAR,61,0,W - WHITE,1 - MALE,"4 - WORN, UNK DAMAGE",B - SUSPECTED MINOR INJURY,POINT (-97.66859613 30.36265469),152454128,5996983930,0,148882194,True,3,Dessau Road,secondary,496.45799999999997,,,,,,,,Dessau Road,1.7789619090495183e-05,3.181066293421555e-05
817,16758229,No,NO,,,TRUE,,,No,11/23/18,B - SUSPECTED MINOR INJURY,FRIDAY,30.39243475,1 - DAYLIGHT,-97.64560248,ONE MOTOR VEHICLE - GOING STRAIGHT,ATTENTION DIVERTED FROM DRIVING,,CITY STREET,25,2 - CLOUDY,24,0,H - HISPANIC,1 - MALE,"2 - WORN, DAMAGED",B - SUSPECTED MINOR INJURY,POINT (-97.64560248 30.39243475),2029204444,2029204452,0,635857522,True,3,Dessau Road,primary,10.617,,,,,,,,Dessau Road,1.2506081198632871e-06,3.181066293421555e-05
818,17865996,No,NO,,,FALSE,,,No,9/14/20,B - SUSPECTED MINOR INJURY,MONDAY,30.38771477,"2 - DARK, NOT LIGHTED",-97.64825247,ONE MOTOR VEHICLE - GOING STRAIGHT,NOT APPLICABLE,,CITY STREET,-1,1 - CLEAR,14,0,B - BLACK,1 - MALE,99 - UNKNOWN IF WORN,B - SUSPECTED MINOR INJURY,POINT (-97.64825247 30.38771477),1832703456,359100910,0,620978718,True,3,Dessau Road,primary,184.886,,,,,,,,Dessau Road,1.1612221533175757e-05,3.181066293421555e-05
819,12660367,No,NO,,,FALSE,,,No,4/14/12,A - SUSPECTED SERIOUS INJURY,SATURDAY,30.26959356,"3 - DARK, LIGHTED",-97.7384087,ONE MOTOR VEHICLE - GOING STRAIGHT,NOT APPLICABLE,,CITY STREET,0,1 - CLEAR,21,0,W - WHITE,2 - FEMALE,1 - NOT WORN,A - SUSPECTED SERIOUS INJURY,POINT (-97.7384087 30.26959356),152539643,152460228,0,204981569,True,2,Trinity Street,secondary,111.141,,,,,,,,Trinity Street,2.2188368345125284e-05,3.492229788720098e-05
820,14176700,No,NO,,,TRUE,,,No,11/20/14,B - SUSPECTED MINOR INJURY,THURSDAY,30.26708478,"3 - DARK, LIGHTED",-97.73933246,ONE MOTOR VEHICLE - TURNING LEFT,NOT APPLICABLE,,CITY STREET,-1,3 - RAIN,,0,W - WHITE,1 - MALE,99 - UNKNOWN IF WORN,B - SUSPECTED MINOR INJURY,POINT (-97.73933246 30.26708478),152516644,152401905,0,30148740,True,,Trinity Street,secondary,108.88600000000001,,,,,,,,Trinity Street,8.366314193175953e-06,3.492229788720098e-05
821,14185568,No,NO,,,FALSE,,,No,11/28/14,C - POSSIBLE INJURY,FRIDAY,30.26695523,"3 - DARK, LIGHTED",-97.73938428,ONE MOTOR VEHICLE - GOING STRAIGHT,NOT APPLICABLE,,CITY STREET,30,1 - CLEAR,41,0,W - WHITE,1 - MALE,"3 - WORN, NOT DAMAGED",C - POSSIBLE INJURY,POINT (-97.73938428 30.26695523),152516644,152401905,0,30148740,True,,Trinity Street,secondary,108.88600000000001,,,,,,,,Trinity Street,1.1688839927081639e-05,3.492229788720098e-05
822,15305144,Yes,NO,,,FALSE,,,No,9/4/16,C - POSSIBLE INJURY,SUNDAY,30.27477501,1 - DAYLIGHT,-97.7364665,ONE MOTOR VEHICLE - GOING STRAIGHT,OPEN DOOR OR OBJECT PROJECTING FROM VEHICLE,,CITY STREET,30,1 - CLEAR,32,0,W - WHITE,1 - MALE,1 - NOT WORN,N - NOT INJURED,POINT (-97.7364665 30.27477501),152539652,7983424909,0,204964764,True,,Trinity Street,secondary,107.256,,,,,,,,Trinity Street,1.2224364855133738e-05,3.492229788720098e-05
823,15305144,Yes,NO,,,FALSE,,,No,9/4/16,C - POSSIBLE INJURY,SUNDAY,30.27477501,1 - DAYLIGHT,-97.7364665,ONE MOTOR VEHICLE - GOING STRAIGHT,OPEN DOOR OR OBJECT PROJECTING FROM VEHICLE,,CITY STREET,30,1 - CLEAR,45,0,W - WHITE,1 - MALE,1 - NOT WORN,C - POSSIBLE INJURY,POINT (-97.7364665 30.27477501),152539652,7983424909,0,204964764,True,,Trinity Street,secondary,107.256,,,,,,,,Trinity Street,1.2224364855133738e-05,3.492229788720098e-05
824,15305144,Yes,NO,,,FALSE,,,No,9/4/16,C - POSSIBLE INJURY,SUNDAY,30.27477501,1 - DAYLIGHT,-97.7364665,ONE MOTOR VEHICLE - GOING STRAIGHT,OPEN DOOR OR OBJECT PROJECTING FROM VEHICLE,,CITY STREET,30,1 - CLEAR,34,0,W - WHITE,1 - MALE,1 - NOT WORN,C - POSSIBLE INJURY,POINT (-97.7364665 30.27477501),152539652,7983424909,0,204964764,True,,Trinity Street,secondary,107.256,,,,,,,,Trinity Street,1.2224364855133738e-05,3.492229788720098e-05
825,16497737,Yes,NO,,,TRUE,,,No,6/26/18,B - SUSPECTED MINOR INJURY,TUESDAY,30.28575478,1 - DAYLIGHT,-97.73267246,ONE MOTOR VEHICLE - TURNING LEFT,NOT APPLICABLE,,CITY STREET,15,1 - CLEAR,24,0,W - WHITE,1 - MALE,1 - NOT WORN,B - SUSPECTED MINOR INJURY,POINT (-97.73267246 30.28575478),152398811,152388957,0,15390763,True,,Trinity Street,unclassified,510.836,,,,,,,,Trinity Street,1.5161697722587979e-05,3.492229788720098e-05
826,16792261,Yes,NO,,,TRUE,,,No,12/11/18,B - SUSPECTED MINOR INJURY,TUESDAY,30.26427478,1 - DAYLIGHT,-97.74037246,ONE MOTOR VEHICLE - TURNING LEFT,ATTENTION DIVERTED FROM DRIVING,,CITY STREET,30,1 - CLEAR,65,0,W - WHITE,1 - MALE,"3 - WORN, NOT DAMAGED",B - SUSPECTED MINOR INJURY,POINT (-97.74037246 30.26427478),152539633,152496953,0,32065533,True,2,Trinity Street,secondary,110.51100000000001,,,,,,,,Trinity Street,3.79050932885627e-06,3.492229788720098e-05
827,17144917,No,NO,,,TRUE,,,No,6/24/19,B - SUSPECTED MINOR INJURY,MONDAY,30.28519419,1 - DAYLIGHT,-97.73275546,ONE MOTOR VEHICLE - TURNING LEFT,NOT APPLICABLE,,CITY STREET,15,3 - RAIN,54,0,W - WHITE,2 - FEMALE,1 - NOT WORN,B - SUSPECTED MINOR INJURY,POINT (-97.73275546 30.28519419),281143564,152388957,0,978159707,False,,Trinity Street,unclassified,13.235,,,,,,,,Trinity Street,3.901288361330632e-05,3.492229788720098e-05
828,17144917,No,NO,,,TRUE,,,No,6/24/19,B - SUSPECTED MINOR INJURY,MONDAY,30.28519419,1 - DAYLIGHT,-97.73275546,ONE MOTOR VEHICLE - TURNING LEFT,NOT APPLICABLE,,CITY STREET,15,3 - RAIN,54,0,W - WHITE,2 - FEMALE,1 - NOT WORN,B - SUSPECTED MINOR INJURY,POINT (-97.73275546 30.28519419),152388957,281143564,0,978159707,False,,Trinity Street,unclassified,13.235,,,,,,,,Trinity Street,3.901288361330632e-05,3.492229788720098e-05
829,17338540,No,NO,,,TRUE,,,No,10/3/19,N - NOT INJURED,THURSDAY,30.28519512,1 - DAYLIGHT,-97.73276763,ONE MOTOR VEHICLE - TURNING LEFT,NOT APPLICABLE,,CITY STREET,15,1 - CLEAR,28,0,W - WHITE,1 - MALE,"3 - WORN, NOT DAMAGED",N - NOT INJURED,POINT (-97.73276763 30.28519512),152388957,281143564,0,978159707,False,,Trinity Street,unclassified,13.235,,,,,,,,Trinity Street,2.6813714355518666e-05,3.492229788720098e-05
830,17946327,No,NO,28635,1.5,TRUE,28635,2019,No,11/3/20,B - SUSPECTED MINOR INJURY,TUESDAY,30.26244633,"3 - DARK, LIGHTED",-97.7410236,ONE MOTOR VEHICLE - TURNING LEFT,NOT APPLICABLE,1.3,CITY STREET,-1,1 - CLEAR,24,0,W - WHITE,1 - MALE,99 - UNKNOWN IF WORN,B - SUSPECTED MINOR INJURY,POINT (-97.7410236 30.26244633),152414766,152539633,0,32065533,True,2,Trinity Street,secondary,107.883,,,,,,,,Trinity Street,3.301733641299169e-05,3.492229788720098e-05
831,18514107,Yes,NO,,,TRUE,,,No,9/30/21,A - SUSPECTED SERIOUS INJURY,THURSDAY,30.27689478,1 - DAYLIGHT,-97.73568246,ONE MOTOR VEHICLE - GOING STRAIGHT,VISION OBSTRUCTED BY STANDING OR PARKED VEHICLE,,CITY STREET,30,1 - CLEAR,34,0,W - WHITE,2 - FEMALE,1 - NOT WORN,A - SUSPECTED SERIOUS INJURY,POINT (-97.73568246 30.27689478),1626558590,152539666,0,978373764,True,3,Trinity Street,secondary,204.97899999999998,,,,,,,,Trinity Street,1.3833003368352012e-05,3.492229788720098e-05
832,12660477,No,NO,,,FALSE,,,No,4/17/12,B - SUSPECTED MINOR INJURY,TUESDAY,30.26790527,1 - DAYLIGHT,-97.73850473,ONE MOTOR VEHICLE - GOING STRAIGHT,NOT APPLICABLE,,CITY STREET,45,1 - CLEAR,23,0,W - WHITE,2 - FEMALE,"3 - WORN, NOT DAMAGED",B - SUSPECTED MINOR INJURY,POINT (-97.73850473 30.26790527),152539640,152451608,0,655283393,True,4,East 7th Street,secondary,106.33700000000002,,,,,,,,East 7th Street,1.2078285446196936e-05,6.191567085629373e-06
833,13250367,Yes,NO,,,FALSE,,,No,1/26/13,B - SUSPECTED MINOR INJURY,SATURDAY,30.26197195,1 - DAYLIGHT,-97.71984431,ONE MOTOR VEHICLE - TURNING RIGHT,ONE VEHICLE LEAVING DRIVEWAY,,CITY STREET,30,2 - CLOUDY,52,0,H - HISPANIC,1 - MALE,1 - NOT WORN,B - SUSPECTED MINOR INJURY,POINT (-97.71984431 30.26197195),152415978,152444395,0,"[436726690, 144105924]",False,5,East 7th Street,primary,408.12299999999993,,,,,,,,East 7th Street,1.875465093207833e-05,6.191567085629373e-06
834,13154311,Yes,NO,,,FALSE,,,No,2/26/13,B - SUSPECTED MINOR INJURY,TUESDAY,30.26392301,"3 - DARK, LIGHTED",-97.72606421,ONE MOTOR VEHICLE - GOING STRAIGHT,NOT APPLICABLE,,CITY STREET,35,1 - CLEAR,28,0,W - WHITE,2 - FEMALE,1 - NOT WORN,B - SUSPECTED MINOR INJURY,POINT (-97.72606421 30.26392301),152681906,152681905,0,144722745,False,,East 7th Street,primary,102.532,,,,,,,,East 7th Street,2.0373883735058426e-05,6.191567085629373e-06
835,13154311,Yes,NO,,,FALSE,,,No,2/26/13,B - SUSPECTED MINOR INJURY,TUESDAY,30.26392301,"3 - DARK, LIGHTED",-97.72606421,ONE MOTOR VEHICLE - GOING STRAIGHT,NOT APPLICABLE,,CITY STREET,35,1 - CLEAR,28,0,W - WHITE,2 - FEMALE,1 - NOT WORN,B - SUSPECTED MINOR INJURY,POINT (-97.72606421 30.26392301),152681905,152681906,0,144722745,False,,East 7th Street,primary,102.53200000000001,,,,,,,,East 7th Street,2.0373883735058426e-05,6.191567085629373e-06
836,13416917,No,NO,,,FALSE,,,No,7/5/13,B - SUSPECTED MINOR INJURY,FRIDAY,30.26083478,1 - DAYLIGHT,-97.71339247,ONE MOTOR VEHICLE - GOING STRAIGHT,NOT APPLICABLE,,CITY STREET,35,1 - CLEAR,37,0,B - BLACK,1 - MALE,1 - NOT WORN,B - SUSPECTED MINOR INJURY,POINT (-97.71339247 30.26083478),152409695,152525971,0,"[334597586, 436726686]",False,5,East 7th Street,primary,204.56099999999998,,,,,,,,East 7th Street,2.4235949110196988e-05,6.191567085629373e-06
837,13736125,No,NO,,,FALSE,,,No,3/7/14,B - SUSPECTED MINOR INJURY,FRIDAY,30.26143267,1 - DAYLIGHT,-97.71735772,ONE MOTOR VEHICLE - GOING STRAIGHT,ATTENTION DIVERTED FROM DRIVING,,CITY STREET,-1,1 - CLEAR,,0,W - WHITE,1 - MALE,1 - NOT WORN,B - SUSPECTED MINOR INJURY,POINT (-97.71735772 30.26143267),152660476,1447422257,0,673526689,False,5,East 7th Street,primary,23.576,,,,,,,,East 7th Street,2.4791529777243474e-05,6.191567085629373e-06
838,13736125,No,NO,,,FALSE,,,No,3/7/14,B - SUSPECTED MINOR INJURY,FRIDAY,30.26143267,1 - DAYLIGHT,-97.71735772,ONE MOTOR VEHICLE - GOING STRAIGHT,ATTENTION DIVERTED FROM DRIVING,,CITY STREET,-1,1 - CLEAR,,0,W - WHITE,1 - MALE,1 - NOT WORN,B - SUSPECTED MINOR INJURY,POINT (-97.71735772 30.26143267),1447422257,152660476,0,673526689,False,5,East 7th Street,primary,23.576,,,,,,,,East 7th Street,2.4791529777243474e-05,6.191567085629373e-06
839,13744256,No,NO,,,TRUE,,,No,3/14/14,C - POSSIBLE INJURY,FRIDAY,30.26323478,"3 - DARK, LIGHTED",-97.72416247,ONE MOTOR VEHICLE - TURNING LEFT,NOT APPLICABLE,,CITY STREET,35,1 - CLEAR,24,0,W - WHITE,1 - MALE,99 - UNKNOWN IF WORN,C - POSSIBLE INJURY,POINT (-97.72416247 30.26323478),3226592605,152681908,0,144722745,False,,East 7th Street,primary,10.328,,,,,,,,East 7th Street,4.749095620096787e-05,6.191567085629373e-06
840,13744256,No,NO,,,TRUE,,,No,3/14/14,C - POSSIBLE INJURY,FRIDAY,30.26323478,"3 - DARK, LIGHTED",-97.72416247,ONE MOTOR VEHICLE - TURNING LEFT,NOT APPLICABLE,,CITY STREET,35,1 - CLEAR,24,0,W - WHITE,1 - MALE,99 - UNKNOWN IF WORN,C - POSSIBLE INJURY,POINT (-97.72416247 30.26323478),152681908,3226592605,0,144722745,False,,East 7th Street,primary,10.328,,,,,,,,East 7th Street,4.749095620096787e-05,6.191567085629373e-06
841,13862230,No,NO,,,FALSE,,,No,5/21/14,B - SUSPECTED MINOR INJURY,WEDNESDAY,30.25792943,1 - DAYLIGHT,-97.70464205,ONE MOTOR VEHICLE - GOING STRAIGHT,NOT APPLICABLE,,CITY STREET,40,1 - CLEAR,,0,H - HISPANIC,1 - MALE,1 - NOT WORN,B - SUSPECTED MINOR INJURY,POINT (-97.70464205 30.25792943),152457040,152500586,0,"[172815456, 436626348, 436626349, 172815455]",False,5,East 7th Street,primary,552.1179999999999,,yes,,,,,,East 7th Street,9.793818324835584e-06,6.191567085629373e-06
842,13963278,Yes,NO,,,TRUE,,,No,7/24/14,A - SUSPECTED SERIOUS INJURY,THURSDAY,30.26743454,1 - DAYLIGHT,-97.73685157,ONE MOTOR VEHICLE - GOING STRAIGHT,NOT APPLICABLE,,CITY STREET,-1,1 - CLEAR,33,0,W - WHITE,1 - MALE,1 - NOT WORN,A - SUSPECTED SERIOUS INJURY,POINT (-97.73685157 30.26743454),152451608,152566314,0,422088238,True,4,East 7th Street,secondary,108.849,,,,,,,,East 7th Street,3.223109976672382e-06,6.191567085629373e-06
843,14069232,Yes,NO,,,FALSE,,,No,9/22/14,A - SUSPECTED SERIOUS INJURY,MONDAY,30.26204191,1 - DAYLIGHT,-97.72015118,ONE MOTOR VEHICLE - GOING STRAIGHT,NOT APPLICABLE,,CITY STREET,35,1 - CLEAR,53,0,H - HISPANIC,1 - MALE,99 - UNKNOWN IF WORN,A - SUSPECTED SERIOUS INJURY,POINT (-97.72015118 30.26204191),152415978,152444395,0,"[436726690, 144105924]",False,5,East 7th Street,primary,408.12299999999993,,,,,,,,East 7th Street,1.9797850733294497e-05,6.191567085629373e-06
844,15671245,No,NO,,,FALSE,,,No,3/29/17,C - POSSIBLE INJURY,WEDNESDAY,30.26857082,1 - DAYLIGHT,-97.74097215,ONE MOTOR VEHICLE - TURNING LEFT,ONE VEHICLE LEAVING DRIVEWAY,,CITY STREET,35,2 - CLOUDY,34,0,H - HISPANIC,1 - MALE,1 - NOT WORN,C - POSSIBLE INJURY,POINT (-97.74097215 30.26857082),152620569,152631180,0,"[207517640, 204998678, 207517639]",True,4,East 7th Street,secondary,109.203,,,,,,,,East 7th Street,8.053223369259913e-06,6.191567085629373e-06
845,15696420,Yes,NO,,,TRUE,,,No,4/10/17,B - SUSPECTED MINOR INJURY,MONDAY,30.26009478,1 - DAYLIGHT,-97.70946247,ONE MOTOR VEHICLE - GOING STRAIGHT,ATTENTION DIVERTED FROM DRIVING,,CITY STREET,-1,1 - CLEAR,48,0,W - WHITE,1 - MALE,1 - NOT WORN,B - SUSPECTED MINOR INJURY,POINT (-97.70946247 30.26009478),152457040,152500586,0,"[172815456, 436626348, 436626349, 172815455]",False,5,East 7th Street,primary,552.1179999999999,,yes,,,,,,East 7th Street,4.136140854742074e-06,6.191567085629373e-06
846,15827854,Yes,NO,,,FALSE,,,No,6/12/17,A - SUSPECTED SERIOUS INJURY,MONDAY,30.26259625,1 - DAYLIGHT,-97.72228954,ONE MOTOR VEHICLE - GOING STRAIGHT,SWERVED OR VEERED-AVOIDING VEHICLE STOPPED OR MOVING SLOWLY IN TRAFFIC LANE,,CITY STREET,35,1 - CLEAR,53,0,W - WHITE,1 - MALE,99 - UNKNOWN IF WORN,A - SUSPECTED SERIOUS INJURY,POINT (-97.72228954 30.26259625),3226592605,152444395,0,"[144722745, 436726687]",False,5,East 7th Street,primary,200.692,,,,,,,,East 7th Street,3.074081942994476e-05,6.191567085629373e-06
847,16221053,No,NO,161510,8.1,TRUE,161510,2019,No,8/27/17,C - POSSIBLE INJURY,SUNDAY,30.26670353,5 - DAWN,-97.73431685,ONE MOTOR VEHICLE - GOING STRAIGHT,NOT APPLICABLE,3,INTERSTATE,35,3 - RAIN,21,0,W - WHITE,1 - MALE,1 - NOT WORN,C - POSSIBLE INJURY,POINT (-97.73431685 30.26670353),152629396,152629403,0,"[176875113, 436726684]",True,4,East 7th Street,secondary,84.28200000000001,,,,,,,,East 7th Street,1.6606088307367264e-05,6.191567085629373e-06
848,16186063,No,NO,,,TRUE,,,No,1/2/18,B - SUSPECTED MINOR INJURY,TUESDAY,30.25603478,"3 - DARK, LIGHTED",-97.70167247,ONE MOTOR VEHICLE - TURNING LEFT,NOT APPLICABLE,,CITY STREET,35,1 - CLEAR,38,0,W - WHITE,2 - FEMALE,1 - NOT WORN,B - SUSPECTED MINOR INJURY,POINT (-97.70167247 30.25603478),152398542,152681920,0,"[436613740, 31165996]",False,5,East 7th Street,primary,495.26900000000006,,,,,,,,East 7th Street,5.3439145917333635e-06,6.191567085629373e-06