,Crash ID,$1000 Damage to Any One Person's Property,Active School Zone Flag,Adjusted Average Daily Traffic Amount,Adjusted Percentage of Average Daily Traffic For Trucks,At Intersection Flag,Average Daily Traffic Amount,Average Daily Traffic Year,Construction Zone Flag,Crash Date,Crash Severity,Day of Week,Latitude,Light Condition,Longitude,Manner of Collision,Other Factor,Percentage of Single Unit Truck Average Daily Traffic,Road Class,Speed Limit,Weather Condition,Person Age,Person Death Count,Person Ethnicity,Person Gender,Person Helmet,Person Injury Severity,geometry,index_right0,index_right1,index_right2,osmid,oneway,lanes,name,highway,length,ref,bridge,maxspeed,access,tunnel,junction,service,names,distance,Crash Rate
849,16223505,No,NO,,,TRUE,,,No,1/25/18,B - SUSPECTED MINOR INJURY,THURSDAY,30.26802478,1 - DAYLIGHT,-97.73899246,ONE MOTOR VEHICLE - GOING STRAIGHT,NOT APPLICABLE,,CITY STREET,30,1 - CLEAR,48,0,B - BLACK,1 - MALE,1 - NOT WORN,B - SUSPECTED MINOR INJURY,POINT (-97.73899246 30.26802478),152631180,152539640,0,764593068,True,4,East 7th Street,secondary,109.249,,,,,,,,East 7th Street,3.6483216635458507e-06,6.191567085629373e-06
850,16876380,No,NO,,,TRUE,,,No,1/31/19,B - SUSPECTED MINOR INJURY,THURSDAY,30.26773478,"3 - DARK, LIGHTED",-97.73790246,ONE MOTOR VEHICLE - GOING STRAIGHT,NOT APPLICABLE,,CITY STREET,-1,2 - CLOUDY,52,0,B - BLACK,1 - MALE,99 - UNKNOWN IF WORN,B - SUSPECTED MINOR INJURY,POINT (-97.73790246 30.26773478),152451608,152566314,0,422088238,True,4,East 7th Street,secondary,108.849,,,,,,,,East 7th Street,1.0302552665070211e-05,6.191567085629373e-06
851,17787059,Yes,NO,,,FALSE,,,No,7/25/20,B - SUSPECTED MINOR INJURY,SATURDAY,30.26602432,"3 - DARK, LIGHTED",-97.73215178,ONE MOTOR VEHICLE - GOING STRAIGHT,ATTENTION DIVERTED FROM DRIVING,,CITY STREET,-1,1 - CLEAR,63,0,B - BLACK,1 - MALE,99 - UNKNOWN IF WORN,B - SUSPECTED MINOR INJURY,POINT (-97.73215178 30.26602432),152422002,152674552,0,15404282,False,,East 7th Street,primary,109.70800000000001,,,,,,,,East 7th Street,2.8145972902783573e-05,6.191567085629373e-06
852,17787059,Yes,NO,,,FALSE,,,No,7/25/20,B - SUSPECTED MINOR INJURY,SATURDAY,30.26602432,"3 - DARK, LIGHTED",-97.73215178,ONE MOTOR VEHICLE - GOING STRAIGHT,ATTENTION DIVERTED FROM DRIVING,,CITY STREET,-1,1 - CLEAR,63,0,B - BLACK,1 - MALE,99 - UNKNOWN IF WORN,B - SUSPECTED MINOR INJURY,POINT (-97.73215178 30.26602432),152674552,152422002,0,15404282,False,,East 7th Street,primary,109.708,,,,,,,,East 7th Street,2.8145972902783573e-05,6.191567085629373e-06
853,18240021,No,NO,,,TRUE,,,No,5/5/21,C - POSSIBLE INJURY,WEDNESDAY,30.26715478,"3 - DARK, LIGHTED",-97.73581246,ONE MOTOR VEHICLE - GOING STRAIGHT,NOT APPLICABLE,,CITY STREET,35,1 - CLEAR,32,0,W - WHITE,1 - MALE,"3 - WORN, NOT DAMAGED",C - POSSIBLE INJURY,POINT (-97.73581246 30.26715478),152604219,152629396,0,"[37749558, 37749559]",True,4,East 7th Street,secondary,115.85,,yes,,,,,,East 7th Street,1.050658992260162e-05,6.191567085629373e-06
854,12696870,Yes,NO,56793,2.5,FALSE,56793,2019,No,5/7/12,B - SUSPECTED MINOR INJURY,MONDAY,30.38292895,1 - DAYLIGHT,-97.77079716,ONE MOTOR VEHICLE - GOING STRAIGHT,ATTENTION DIVERTED FROM DRIVING,2.2,US & STATE HIGHWAYS,60,1 - CLEAR,41,0,W - WHITE,1 - MALE,"2 - WORN, DAMAGED",B - SUSPECTED MINOR INJURY,POINT (-97.77079716 30.38292895),152588236,282893075,0,"[150372168, 150372172, 567646279]",True,2,North Capital of Texas Highway,trunk,512.6129999999999,Loop 360,yes,55 mph,,,,,North Capital of Texas Highway,0.00011799542048016037,5.322074189714204e-05
855,12937033,No,NO,56793,2.5,FALSE,56793,2019,No,10/6/12,A - SUSPECTED SERIOUS INJURY,SATURDAY,30.37673292,1 - DAYLIGHT,-97.77969863,ONE MOTOR VEHICLE - TURNING RIGHT,ONE VEHICLE ENTERING DRIVEWAY,2.2,US & STATE HIGHWAYS,55,2 - CLOUDY,25,0,W - WHITE,2 - FEMALE,"3 - WORN, NOT DAMAGED",A - SUSPECTED SERIOUS INJURY,POINT (-97.77969863 30.37673292),282893076,152542507,0,"[150372168, 31511441, 31511443]",True,2,North Capital of Texas Highway,trunk,500.21500000000003,Loop 360,yes,55 mph,,,,,North Capital of Texas Highway,0.00010602767487373645,5.322074189714204e-05
856,13260930,No,NO,,,FALSE,,,No,3/16/13,A - SUSPECTED SERIOUS INJURY,SATURDAY,30.33525758,1 - DAYLIGHT,-97.80640819,ONE MOTOR VEHICLE - TURNING RIGHT,NOT APPLICABLE,,CITY STREET,0,2 - CLOUDY,39,0,W - WHITE,1 - MALE,"4 - WORN, UNK DAMAGE",A - SUSPECTED SERIOUS INJURY,POINT (-97.80640819 30.33525758),152468334,3708506063,0,150226855,True,2,North Capital of Texas Highway,trunk,290.476,Loop 360,,60 mph,,,,,North Capital of Texas Highway,2.1007215488874517e-05,5.322074189714204e-05
857,13292207,No,NO,56048,2.5,TRUE,56048,2019,No,5/21/13,C - POSSIBLE INJURY,TUESDAY,30.32279101,1 - DAYLIGHT,-97.81431652,ONE MOTOR VEHICLE - TURNING RIGHT,ATTENTION DIVERTED FROM DRIVING,2.2,US & STATE HIGHWAYS,60,1 - CLEAR,39,0,W - WHITE,1 - MALE,"3 - WORN, NOT DAMAGED",C - POSSIBLE INJURY,POINT (-97.81431652 30.32279101),152423578,2984015105,0,"[436731357, 436731359]",True,"['2', '3']",North Capital of Texas Highway,trunk,1447.6680000000001,Loop 360,,60 mph,,,,,North Capital of Texas Highway,9.752128069185143e-05,5.322074189714204e-05
858,13300659,No,NO,56048,2.5,FALSE,56048,2019,No,5/22/13,B - SUSPECTED MINOR INJURY,WEDNESDAY,30.3218326,1 - DAYLIGHT,-97.81545545,ONE MOTOR VEHICLE - GOING STRAIGHT,ATTENTION DIVERTED FROM DRIVING,2.2,US & STATE HIGHWAYS,60,1 - CLEAR,57,0,W - WHITE,1 - MALE,"2 - WORN, DAMAGED",B - SUSPECTED MINOR INJURY,POINT (-97.81545545 30.3218326),152423578,2984015105,0,"[436731357, 436731359]",True,"['2', '3']",North Capital of Texas Highway,trunk,1447.6680000000001,Loop 360,,60 mph,,,,,North Capital of Texas Highway,8.351168076990436e-05,5.322074189714204e-05
859,13652787,No,NO,56793,2.5,FALSE,56793,2019,No,1/7/14,B - SUSPECTED MINOR INJURY,TUESDAY,30.36969741,1 - DAYLIGHT,-97.78802217,ONE MOTOR VEHICLE - TURNING RIGHT,ONE VEHICLE LEAVING DRIVEWAY,2.2,US & STATE HIGHWAYS,55,1 - CLEAR,27,0,A - ASIAN,1 - MALE,"3 - WORN, NOT DAMAGED",B - SUSPECTED MINOR INJURY,POINT (-97.78802217 30.36969741),661872006,152404381,0,51865573,True,2,North Capital of Texas Highway,trunk,313.421,Loop 360,,55 mph,,,,,North Capital of Texas Highway,0.0001281666519682821,5.322074189714204e-05
860,13767453,Yes,NO,56793,2.5,FALSE,56793,2019,No,4/2/14,A - SUSPECTED SERIOUS INJURY,WEDNESDAY,30.36270909,1 - DAYLIGHT,-97.79027504,ONE MOTOR VEHICLE - GOING STRAIGHT,NOT APPLICABLE,2.2,US & STATE HIGHWAYS,65,2 - CLOUDY,55,0,W - WHITE,1 - MALE,"4 - WORN, UNK DAMAGE",A - SUSPECTED SERIOUS INJURY,POINT (-97.79027504 30.36270909),1632925212,152542596,0,"[126746764, 51865573, 126746774]",True,2,North Capital of Texas Highway,trunk,1010.788,Loop 360,yes,55 mph,,,,,North Capital of Texas Highway,0.00011696613719710108,5.322074189714204e-05
861,14507081,No,NO,,,TRUE,,,No,6/23/15,B - SUSPECTED MINOR INJURY,TUESDAY,30.39059475,"3 - DARK, LIGHTED",-97.73946031,ONE MOTOR VEHICLE - GOING STRAIGHT,NOT APPLICABLE,,US & STATE HIGHWAYS,45,1 - CLEAR,45,0,W - WHITE,1 - MALE,"4 - WORN, UNK DAMAGE",B - SUSPECTED MINOR INJURY,POINT (-97.73946031 30.39059475),152467099,282771726,0,118760385,True,3,North Capital of Texas Highway,primary,20.264,,,,,,,,North Capital of Texas Highway,5.80337036915895e-07,5.322074189714204e-05
862,17226827,Yes,NO,56266,2.5,TRUE,56266,2019,No,8/10/19,B - SUSPECTED MINOR INJURY,SATURDAY,30.38823684,1 - DAYLIGHT,-97.75354052,ONE MOTOR VEHICLE - TURNING RIGHT,NOT APPLICABLE,2.2,US & STATE HIGHWAYS,65,1 - CLEAR,59,0,W - WHITE,1 - MALE,"2 - WORN, DAMAGED",B - SUSPECTED MINOR INJURY,POINT (-97.75354052 30.38823684),152543009,1228297941,0,567646279,True,2,North Capital of Texas Highway,trunk,707.761,Loop 360,,55 mph,,,,,North Capital of Texas Highway,8.367601614752874e-05,5.322074189714204e-05
863,12784056,No,NO,46800,1.2,FALSE,46800,2019,No,6/1/12,N - NOT INJURED,FRIDAY,30.26647457,1 - DAYLIGHT,-97.75627214,ONE MOTOR VEHICLE - GOING STRAIGHT,NOT APPLICABLE,1.1,US & STATE HIGHWAYS,30,1 - CLEAR,28,0,W - WHITE,2 - FEMALE,"4 - WORN, UNK DAMAGE",N - NOT INJURED,POINT (-97.75627214 30.26647457),152616180,298584729,0,"[126586913, 169516799, 239372004, 27087167]",False,4,"South Lamar Boulevard, North Lamar Boulevard",primary,316.16600000000005,Loop 343,yes,,,,,,"South Lamar Boulevard, North Lamar Boulevard",3.662458701549024e-05,4.4187176881269054e-05
864,12784056,No,NO,46800,1.2,FALSE,46800,2019,No,6/1/12,N - NOT INJURED,FRIDAY,30.26647457,1 - DAYLIGHT,-97.75627214,ONE MOTOR VEHICLE - GOING STRAIGHT,NOT APPLICABLE,1.1,US & STATE HIGHWAYS,30,1 - CLEAR,28,0,W - WHITE,2 - FEMALE,"4 - WORN, UNK DAMAGE",N - NOT INJURED,POINT (-97.75627214 30.26647457),298584729,152616180,0,"[126586913, 239372004, 27087167, 169516799]",False,4,"South Lamar Boulevard, North Lamar Boulevard",primary,316.166,Loop 343,yes,,,,,,"South Lamar Boulevard, North Lamar Boulevard",3.662458701549024e-05,4.4187176881269054e-05
865,14733516,No,NO,46800,1.2,FALSE,46800,2019,No,8/9/15,C - POSSIBLE INJURY,SUNDAY,30.26572313,"3 - DARK, LIGHTED",-97.75657456,ONE MOTOR VEHICLE - GOING STRAIGHT,NOT APPLICABLE,1.1,US & STATE HIGHWAYS,35,1 - CLEAR,32,0,W - WHITE,1 - MALE,"4 - WORN, UNK DAMAGE",C - POSSIBLE INJURY,POINT (-97.75657456 30.26572313),298584729,152616180,0,"[126586913, 239372004, 27087167, 169516799]",False,4,"South Lamar Boulevard, North Lamar Boulevard",primary,316.166,Loop 343,yes,,,,,,"South Lamar Boulevard, North Lamar Boulevard",4.6043486118991855e-05,4.4187176881269054e-05
866,15597730,No,NO,46800,1.2,FALSE,46800,2019,No,1/17/17,C - POSSIBLE INJURY,TUESDAY,30.26598224,1 - DAYLIGHT,-97.75647028,ONE MOTOR VEHICLE - TURNING LEFT,ONE VEHICLE ENTERING DRIVEWAY,1.1,US & STATE HIGHWAYS,35,3 - RAIN,30,0,W - WHITE,1 - MALE,1 - NOT WORN,C - POSSIBLE INJURY,POINT (-97.75647028 30.26598224),298584729,152616180,0,"[126586913, 239372004, 27087167, 169516799]",False,4,"South Lamar Boulevard, North Lamar Boulevard",primary,316.166,Loop 343,yes,,,,,,"South Lamar Boulevard, North Lamar Boulevard",4.285883102521732e-05,4.4187176881269054e-05
867,16221445,No,NO,46800,1.2,TRUE,46800,2019,No,1/27/18,B - SUSPECTED MINOR INJURY,SATURDAY,30.26665874,1 - DAYLIGHT,-97.75621312,ONE MOTOR VEHICLE - GOING STRAIGHT,ATTENTION DIVERTED FROM DRIVING,1.1,US & STATE HIGHWAYS,-1,3 - RAIN,48,0,W - WHITE,1 - MALE,"2 - WORN, DAMAGED",B - SUSPECTED MINOR INJURY,POINT (-97.75621312 30.26665874),152616180,298584729,0,"[126586913, 169516799, 239372004, 27087167]",False,4,"South Lamar Boulevard, North Lamar Boulevard",primary,316.16600000000005,Loop 343,yes,,,,,,"South Lamar Boulevard, North Lamar Boulevard",2.035167328898926e-05,4.4187176881269054e-05
868,16437541,Yes,NO,43724,1.2,TRUE,43724,2019,No,3/15/18,C - POSSIBLE INJURY,THURSDAY,30.26665874,1 - DAYLIGHT,-97.75621312,ONE MOTOR VEHICLE - GOING STRAIGHT,ATTENTION DIVERTED FROM DRIVING,1.1,US & STATE HIGHWAYS,45,2 - CLOUDY,37,0,W - WHITE,2 - FEMALE,"3 - WORN, NOT DAMAGED",C - POSSIBLE INJURY,POINT (-97.75621312 30.26665874),152616180,298584729,0,"[126586913, 169516799, 239372004, 27087167]",False,4,"South Lamar Boulevard, North Lamar Boulevard",primary,316.16600000000005,Loop 343,yes,,,,,,"South Lamar Boulevard, North Lamar Boulevard",2.035167328898926e-05,4.4187176881269054e-05
869,12853414,No,NO,,,TRUE,,,No,6/5/12,C - POSSIBLE INJURY,TUESDAY,30.1926748,1 - DAYLIGHT,-97.77756246,ONE MOTOR VEHICLE - GOING STRAIGHT,NOT APPLICABLE,,CITY STREET,35,1 - CLEAR,15,0,H - HISPANIC,1 - MALE,1 - NOT WORN,C - POSSIBLE INJURY,POINT (-97.77756246 30.1926748),1850634430,4345048148,0,"[436624368, 436624361]",True,"['3', '4']",East William Cannon Drive,secondary,196.08000000000004,,,,,,,,East William Cannon Drive,5.793629336897722e-06,7.0885788817057954e-06
870,12767125,Yes,NO,141072,8.7,FALSE,141072,2019,No,6/16/12,C - POSSIBLE INJURY,SATURDAY,30.19041145,"3 - DARK, LIGHTED",-97.77055694,ONE MOTOR VEHICLE - GOING STRAIGHT,NOT APPLICABLE,3,INTERSTATE,0,1 - CLEAR,30,0,H - HISPANIC,1 - MALE,1 - NOT WORN,C - POSSIBLE INJURY,POINT (-97.77055694 30.19041145),282767359,282767360,0,"[661339505, 28103083, 436624357, 150193982]",True,4,East William Cannon Drive,secondary,88.492,,yes,,,,,,East William Cannon Drive,1.144765844933144e-06,7.0885788817057954e-06
871,12819814,No,NO,141072,8.7,TRUE,141072,2019,No,7/26/12,C - POSSIBLE INJURY,THURSDAY,30.19037721,"3 - DARK, LIGHTED",-97.77058317,ONE MOTOR VEHICLE - GOING STRAIGHT,NOT APPLICABLE,3,INTERSTATE,50,1 - CLEAR,49,0,B - BLACK,1 - MALE,1 - NOT WORN,C - POSSIBLE INJURY,POINT (-97.77058317 30.19037721),282767359,282767360,0,"[661339505, 28103083, 436624357, 150193982]",True,4,East William Cannon Drive,secondary,88.492,,yes,,,,,,East William Cannon Drive,4.157164733479279e-05,7.0885788817057954e-06
872,13635627,No,NO,,,FALSE,,,No,12/1/13,B - SUSPECTED MINOR INJURY,SUNDAY,30.18636166,1 - DAYLIGHT,-97.75892619,ONE MOTOR VEHICLE - TURNING LEFT,NOT APPLICABLE,,CITY STREET,35,1 - CLEAR,30,0,W - WHITE,1 - MALE,99 - UNKNOWN IF WORN,B - SUSPECTED MINOR INJURY,POINT (-97.75892619 30.18636166),282767363,152388435,0,981511396,True,3,East William Cannon Drive,secondary,266.17199999999997,,,,,,,,East William Cannon Drive,2.150390073142867e-06,7.0885788817057954e-06
873,13891342,No,NO,,,TRUE,,,No,6/6/14,C - POSSIBLE INJURY,FRIDAY,30.1796148,1 - DAYLIGHT,-97.74692247,ONE MOTOR VEHICLE - GOING STRAIGHT,ATTENTION DIVERTED FROM DRIVING,,CITY STREET,40,1 - CLEAR,12,0,H - HISPANIC,1 - MALE,99 - UNKNOWN IF WORN,C - POSSIBLE INJURY,POINT (-97.74692247 30.1796148),1438984038,1438984037,0,436633329,True,,East William Cannon Drive,secondary,12.243,,,,,,,,East William Cannon Drive,1.963287791544677e-06,7.0885788817057954e-06
874,14431932,No,NO,,,FALSE,,,No,5/7/15,B - SUSPECTED MINOR INJURY,THURSDAY,30.19151666,1 - DAYLIGHT,-97.77386149,ONE MOTOR VEHICLE - TURNING LEFT,NOT APPLICABLE,,CITY STREET,15,2 - CLOUDY,52,0,W - WHITE,1 - MALE,99 - UNKNOWN IF WORN,B - SUSPECTED MINOR INJURY,POINT (-97.77386149 30.19151666),4345048148,3108182259,0,"[436624360, 27656038]",True,"['3', '4']",East William Cannon Drive,secondary,265.84700000000004,,,,,,,,East William Cannon Drive,1.141940315721409e-05,7.0885788817057954e-06
875,15220496,No,NO,,,TRUE,,,No,7/20/16,99 - UNKNOWN,WEDNESDAY,30.1926748,"3 - DARK, LIGHTED",-97.77756246,ONE MOTOR VEHICLE - GOING STRAIGHT,NOT APPLICABLE,,CITY STREET,-1,1 - CLEAR,,0,99 - UNKNOWN,99 - UNKNOWN,99 - UNKNOWN IF WORN,99 - UNKNOWN,POINT (-97.77756246 30.1926748),1850634430,4345048148,0,"[436624368, 436624361]",True,"['3', '4']",East William Cannon Drive,secondary,196.08000000000004,,,,,,,,East William Cannon Drive,5.793629336897722e-06,7.0885788817057954e-06
876,16498170,No,NO,,,FALSE,,,No,6/29/18,B - SUSPECTED MINOR INJURY,FRIDAY,30.18897833,1 - DAYLIGHT,-97.76744981,ONE MOTOR VEHICLE - TURNING RIGHT,ONE VEHICLE ENTERING DRIVEWAY,,CITY STREET,-1,2 - CLOUDY,9,0,H - HISPANIC,1 - MALE,1 - NOT WORN,B - SUSPECTED MINOR INJURY,POINT (-97.76744981 30.18897833),282767361,3470064063,0,"[204964738, 981511391]",True,"['3', '4']",East William Cannon Drive,secondary,269.282,,,,,,,,East William Cannon Drive,1.8985862748237708e-05,7.0885788817057954e-06
877,18426168,No,NO,,,TRUE,,,No,8/18/21,B - SUSPECTED MINOR INJURY,WEDNESDAY,30.1796148,1 - DAYLIGHT,-97.74692247,ONE MOTOR VEHICLE - GOING STRAIGHT,ATTENTION DIVERTED FROM DRIVING,,CITY STREET,35,2 - CLOUDY,29,0,H - HISPANIC,2 - FEMALE,99 - UNKNOWN IF WORN,B - SUSPECTED MINOR INJURY,POINT (-97.74692247 30.1796148),1438984038,1438984037,0,436633329,True,,East William Cannon Drive,secondary,12.243,,,,,,,,East William Cannon Drive,1.963287791544677e-06,7.0885788817057954e-06
878,12785072,Yes,NO,,,TRUE,,,No,6/8/12,B - SUSPECTED MINOR INJURY,FRIDAY,30.36297476,1 - DAYLIGHT,-97.73163246,ONE MOTOR VEHICLE - TURNING LEFT,NOT APPLICABLE,,CITY STREET,30,2 - CLOUDY,43,0,W - WHITE,1 - MALE,"4 - WORN, UNK DAMAGE",B - SUSPECTED MINOR INJURY,POINT (-97.73163246 30.36297476),152611244,152566997,0,15397225,False,,Steck Avenue,tertiary,255.706,,,,,,,,Steck Avenue,3.222749680125014e-06,6.507069931480553e-06
879,13018842,Yes,NO,,,FALSE,,,No,11/27/12,B - SUSPECTED MINOR INJURY,TUESDAY,30.37305978,"4 - DARK, UNKNOWN LIGHTING",-97.74999717,ONE MOTOR VEHICLE - GOING STRAIGHT,ONE VEHICLE LEAVING DRIVEWAY,,CITY STREET,30,1 - CLEAR,29,0,W - WHITE,2 - FEMALE,"3 - WORN, NOT DAMAGED",B - SUSPECTED MINOR INJURY,POINT (-97.74999717 30.37305978),152572891,152611288,0,713605328,False,,Steck Avenue,tertiary,238.49200000000002,,,,,,,,Steck Avenue,1.3096219879786907e-05,6.507069931480553e-06
880,13018842,Yes,NO,,,FALSE,,,No,11/27/12,B - SUSPECTED MINOR INJURY,TUESDAY,30.37305978,"4 - DARK, UNKNOWN LIGHTING",-97.74999717,ONE MOTOR VEHICLE - GOING STRAIGHT,ONE VEHICLE LEAVING DRIVEWAY,,CITY STREET,30,1 - CLEAR,29,0,W - WHITE,2 - FEMALE,"3 - WORN, NOT DAMAGED",B - SUSPECTED MINOR INJURY,POINT (-97.74999717 30.37305978),152611288,152572891,0,713605328,False,,Steck Avenue,tertiary,238.492,,,,,,,,Steck Avenue,1.3096219879786907e-05,6.507069931480553e-06
881,14042120,No,NO,,,FALSE,,,No,9/26/14,B - SUSPECTED MINOR INJURY,FRIDAY,30.36660476,1 - DAYLIGHT,-97.73918913,ONE MOTOR VEHICLE - TURNING RIGHT,ONE VEHICLE ENTERING DRIVEWAY,,CITY STREET,30,1 - CLEAR,27,0,W - WHITE,1 - MALE,1 - NOT WORN,B - SUSPECTED MINOR INJURY,POINT (-97.73918913 30.36660476),152385068,152611265,0,150372193,False,4,Steck Avenue,tertiary,331.456,,,,,,,,Steck Avenue,1.1767749823311566e-05,6.507069931480553e-06
882,14057031,No,NO,,,FALSE,,,No,10/7/14,B - SUSPECTED MINOR INJURY,TUESDAY,30.36892147,1 - DAYLIGHT,-97.74401588,ONE MOTOR VEHICLE - TURNING RIGHT,ONE VEHICLE ENTERING DRIVEWAY,,CITY STREET,40,1 - CLEAR,26,0,W - WHITE,1 - MALE,99 - UNKNOWN IF WORN,B - SUSPECTED MINOR INJURY,POINT (-97.74401588 30.36892147),1775174817,152495088,0,"[713605328, 713605327]",False,,Steck Avenue,tertiary,125.627,,,,,,,,Steck Avenue,4.3680196042833655e-06,6.507069931480553e-06
883,14057031,No,NO,,,FALSE,,,No,10/7/14,B - SUSPECTED MINOR INJURY,TUESDAY,30.36892147,1 - DAYLIGHT,-97.74401588,ONE MOTOR VEHICLE - TURNING RIGHT,ONE VEHICLE ENTERING DRIVEWAY,,CITY STREET,40,1 - CLEAR,26,0,W - WHITE,1 - MALE,99 - UNKNOWN IF WORN,B - SUSPECTED MINOR INJURY,POINT (-97.74401588 30.36892147),152495088,1775174817,0,"[713605328, 713605327]",False,,Steck Avenue,tertiary,125.627,,,,,,,,Steck Avenue,4.3680196042833655e-06,6.507069931480553e-06
884,14587160,No,NO,,,FALSE,,,No,8/11/15,B - SUSPECTED MINOR INJURY,TUESDAY,30.36958729,1 - DAYLIGHT,-97.74543329,ONE MOTOR VEHICLE - TURNING LEFT,ONE VEHICLE ENTERING DRIVEWAY,,CITY STREET,-1,1 - CLEAR,46,0,W - WHITE,1 - MALE,"3 - WORN, NOT DAMAGED",B - SUSPECTED MINOR INJURY,POINT (-97.74543329 30.36958729),152424903,152495088,0,713605328,False,,Steck Avenue,tertiary,200.66899999999998,,,,,,,,Steck Avenue,1.0552419205468613e-05,6.507069931480553e-06
885,14587160,No,NO,,,FALSE,,,No,8/11/15,B - SUSPECTED MINOR INJURY,TUESDAY,30.36958729,1 - DAYLIGHT,-97.74543329,ONE MOTOR VEHICLE - TURNING LEFT,ONE VEHICLE ENTERING DRIVEWAY,,CITY STREET,-1,1 - CLEAR,46,0,W - WHITE,1 - MALE,"3 - WORN, NOT DAMAGED",B - SUSPECTED MINOR INJURY,POINT (-97.74543329 30.36958729),152495088,152424903,0,713605328,False,,Steck Avenue,tertiary,200.669,,,,,,,,Steck Avenue,1.0552419205468613e-05,6.507069931480553e-06
886,15346880,Yes,NO,,,TRUE,,,No,9/27/16,B - SUSPECTED MINOR INJURY,TUESDAY,30.37328476,1 - DAYLIGHT,-97.75324246,ONE MOTOR VEHICLE - TURNING LEFT,NOT APPLICABLE,,CITY STREET,30,2 - CLOUDY,30,0,W - WHITE,1 - MALE,"4 - WORN, UNK DAMAGE",B - SUSPECTED MINOR INJURY,POINT (-97.75324246 30.37328476),152572891,152611296,0,713605328,False,,Steck Avenue,tertiary,171.101,,,,,,,,Steck Avenue,6.428459451107577e-06,6.507069931480553e-06
887,15727903,Yes,NO,,,FALSE,,,No,4/26/17,B - SUSPECTED MINOR INJURY,WEDNESDAY,30.37705476,1 - DAYLIGHT,-97.75755245,ONE MOTOR VEHICLE - TURNING LEFT,ONE VEHICLE ENTERING DRIVEWAY,,CITY STREET,35,1 - CLEAR,23,0,W - WHITE,1 - MALE,1 - NOT WORN,B - SUSPECTED MINOR INJURY,POINT (-97.75755245 30.37705476),152556574,152440289,0,31025045,False,,Steck Avenue,tertiary,89.264,,,,,,,,Steck Avenue,9.634462096357059e-06,6.507069931480553e-06
888,17693668,Yes,NO,153679,2.4,TRUE,153679,2019,No,5/19/20,B - SUSPECTED MINOR INJURY,TUESDAY,30.36818482,1 - DAYLIGHT,-97.74249203,ONE MOTOR VEHICLE - TURNING LEFT,NOT APPLICABLE,2,US & STATE HIGHWAYS,-1,1 - CLEAR,56,0,W - WHITE,1 - MALE,99 - UNKNOWN IF WORN,B - SUSPECTED MINOR INJURY,POINT (-97.74249203 30.36818482),152611272,152611278,0,"[150372192, 150372193, 153694189]",False,4,Steck Avenue,tertiary,126.62,,yes,,,,,,Steck Avenue,1.3333269036327353e-05,6.507069931480553e-06
889,17798082,Yes,NO,,,TRUE,,,No,8/3/20,C - POSSIBLE INJURY,MONDAY,30.37229476,1 - DAYLIGHT,-97.74796246,ONE MOTOR VEHICLE - GOING STRAIGHT,NOT APPLICABLE,,CITY STREET,40,1 - CLEAR,68,0,W - WHITE,1 - MALE,"4 - WORN, UNK DAMAGE",C - POSSIBLE INJURY,POINT (-97.74796246 30.37229476),152429778,152611288,0,713605328,False,,Steck Avenue,tertiary,381.739,,,,,,,,Steck Avenue,7.654594971195766e-06,6.507069931480553e-06
890,17992722,No,NO,,,TRUE,,,No,9/29/20,B - SUSPECTED MINOR INJURY,TUESDAY,30.37291476,1 - DAYLIGHT,-97.74933246,ONE MOTOR VEHICLE - GOING STRAIGHT,ATTENTION DIVERTED FROM DRIVING,,CITY STREET,-1,1 - CLEAR,14,0,W - WHITE,1 - MALE,1 - NOT WORN,B - SUSPECTED MINOR INJURY,POINT (-97.74933246 30.37291476),152611288,152429778,0,713605328,False,,Steck Avenue,tertiary,381.73900000000003,,,,,,,,Steck Avenue,4.587720023714175e-06,6.507069931480553e-06
891,17946306,No,NO,153679,2.4,TRUE,153679,2019,No,10/7/20,C - POSSIBLE INJURY,WEDNESDAY,30.36818167,1 - DAYLIGHT,-97.74249282,ONE MOTOR VEHICLE - GOING STRAIGHT,NOT APPLICABLE,2,US & STATE HIGHWAYS,-1,1 - CLEAR,30,0,W - WHITE,1 - MALE,"3 - WORN, NOT DAMAGED",C - POSSIBLE INJURY,POINT (-97.74249282 30.36818167),152611272,152611278,0,"[150372192, 150372193, 153694189]",False,4,Steck Avenue,tertiary,126.62,,yes,,,,,,Steck Avenue,1.0152227784764912e-05,6.507069931480553e-06
892,17946306,No,NO,153679,2.4,TRUE,153679,2019,No,10/7/20,C - POSSIBLE INJURY,WEDNESDAY,30.36818167,1 - DAYLIGHT,-97.74249282,ONE MOTOR VEHICLE - GOING STRAIGHT,NOT APPLICABLE,2,US & STATE HIGHWAYS,-1,1 - CLEAR,30,0,W - WHITE,1 - MALE,"3 - WORN, NOT DAMAGED",C - POSSIBLE INJURY,POINT (-97.74249282 30.36818167),152611278,152611272,0,"[150372192, 150372193, 153694189]",False,4,Steck Avenue,tertiary,126.62,,yes,,,,,,Steck Avenue,1.0152227784764912e-05,6.507069931480553e-06