,Crash ID,$1000 Damage to Any One Person's Property,Active School Zone Flag,Adjusted Average Daily Traffic Amount,Adjusted Percentage of Average Daily Traffic For Trucks,At Intersection Flag,Average Daily Traffic Amount,Average Daily Traffic Year,Construction Zone Flag,Crash Date,Crash Severity,Day of Week,Latitude,Light Condition,Longitude,Manner of Collision,Other Factor,Percentage of Single Unit Truck Average Daily Traffic,Road Class,Speed Limit,Weather Condition,Person Age,Person Death Count,Person Ethnicity,Person Gender,Person Helmet,Person Injury Severity,geometry,index_right0,index_right1,index_right2,osmid,oneway,lanes,name,highway,length,ref,bridge,maxspeed,access,tunnel,junction,service,names,distance,Crash Rate
985,14264102,Yes,NO,,,TRUE,,,No,2/8/15,C - POSSIBLE INJURY,SUNDAY,30.31206477,"3 - DARK, LIGHTED",-97.71535247,ONE MOTOR VEHICLE - TURNING LEFT,NOT APPLICABLE,,CITY STREET,-1,1 - CLEAR,27,0,W - WHITE,2 - FEMALE,1 - NOT WORN,C - POSSIBLE INJURY,POINT (-97.71535247 30.31206477),152386498,152386500,0,"[132503331, 436634350]",False,5,Airport Boulevard,primary,110.555,,,,,,,,Airport Boulevard,3.5058078395260995e-06,0.00010344738407427522
986,14469362,No,NO,,,TRUE,,,No,6/3/15,C - POSSIBLE INJURY,WEDNESDAY,30.33395477,1 - DAYLIGHT,-97.71692247,ONE MOTOR VEHICLE - TURNING RIGHT,NOT APPLICABLE,,CITY STREET,-1,1 - CLEAR,29,0,W - WHITE,2 - FEMALE,"3 - WORN, NOT DAMAGED",C - POSSIBLE INJURY,POINT (-97.71692247 30.33395477),152656631,282033309,0,436611876,False,5,Airport Boulevard,primary,44.80200000000001,,,35 mph,,,,,Airport Boulevard,2.615993375770787e-05,0.00010344738407427522
987,14511893,No,NO,18781,1.8,TRUE,18781,2019,No,6/29/15,C - POSSIBLE INJURY,MONDAY,30.27356299,"3 - DARK, LIGHTED",-97.69790834,ONE MOTOR VEHICLE - GOING STRAIGHT,SLOWING/STOPPING-FOR TRAFFIC,1.6,US & STATE HIGHWAYS,-1,1 - CLEAR,30,0,H - HISPANIC,1 - MALE,99 - UNKNOWN IF WORN,C - POSSIBLE INJURY,POINT (-97.69790834 30.27356299),3416615251,152386323,0,"[436626347, 436626332, 655501631]",False,5,Airport Boulevard,primary,426.652,Loop 111,,,,,,,Airport Boulevard,7.757132796340094e-06,0.00010344738407427522
988,14907814,No,NO,18781,1.8,TRUE,18781,2019,No,1/29/16,B - SUSPECTED MINOR INJURY,FRIDAY,30.26562982,"3 - DARK, LIGHTED",-97.69552869,ONE MOTOR VEHICLE - GOING STRAIGHT,NOT APPLICABLE,1.6,US & STATE HIGHWAYS,35,1 - CLEAR,23,0,99 - UNKNOWN,2 - FEMALE,99 - UNKNOWN IF WORN,B - SUSPECTED MINOR INJURY,POINT (-97.69552869 30.26562982),152386316,152386315,0,"[436626339, 436626334]",False,5,Airport Boulevard,primary,201.227,Loop 111,,,,,,,Airport Boulevard,1.2994193442957954e-05,0.00010344738407427522
989,15088917,No,NO,18781,1.8,TRUE,18781,2019,No,5/7/16,B - SUSPECTED MINOR INJURY,SATURDAY,30.26955661,1 - DAYLIGHT,-97.6966964,ONE MOTOR VEHICLE - GOING STRAIGHT,ATTENTION DIVERTED FROM DRIVING,1.6,US & STATE HIGHWAYS,45,2 - CLOUDY,52,0,B - BLACK,1 - MALE,1 - NOT WORN,B - SUSPECTED MINOR INJURY,POINT (-97.6966964 30.26955661),152386321,3416615247,0,436626347,False,,Airport Boulevard,primary,42.689,Loop 111,,,,,,,Airport Boulevard,1.3813109649347825e-05,0.00010344738407427522
990,15707038,No,NO,,,TRUE,,,No,4/14/17,A - SUSPECTED SERIOUS INJURY,FRIDAY,30.27356478,1 - DAYLIGHT,-97.69790247,ONE MOTOR VEHICLE - GOING STRAIGHT,NOT APPLICABLE,,CITY STREET,55,1 - CLEAR,3,0,B - BLACK,1 - MALE,1 - NOT WORN,A - SUSPECTED SERIOUS INJURY,POINT (-97.69790247 30.27356478),152386323,3416615251,0,"[436626347, 436626332, 655501631]",False,5,Airport Boulevard,primary,426.652,Loop 111,,,,,,,Airport Boulevard,1.6212864910548795e-06,0.00010344738407427522
991,15787002,No,NO,,,FALSE,,,No,5/12/17,B - SUSPECTED MINOR INJURY,FRIDAY,30.33342436,1 - DAYLIGHT,-97.71663962,ONE MOTOR VEHICLE - GOING STRAIGHT,ONE VEHICLE LEAVING DRIVEWAY,,CITY STREET,-1,1 - CLEAR,29,0,W - WHITE,2 - FEMALE,1 - NOT WORN,B - SUSPECTED MINOR INJURY,POINT (-97.71663962 30.33342436),282037951,152656631,0,"[436611878, 204964663]",False,5,Airport Boulevard,primary,379.21,,,35 mph,,,,,Airport Boulevard,3.378848303849902e-05,0.00010344738407427522
992,15787002,No,NO,,,FALSE,,,No,5/12/17,B - SUSPECTED MINOR INJURY,FRIDAY,30.33342436,1 - DAYLIGHT,-97.71663962,ONE MOTOR VEHICLE - GOING STRAIGHT,ONE VEHICLE LEAVING DRIVEWAY,,CITY STREET,-1,1 - CLEAR,29,0,W - WHITE,2 - FEMALE,1 - NOT WORN,B - SUSPECTED MINOR INJURY,POINT (-97.71663962 30.33342436),152656631,282037951,0,"[436611878, 204964663]",False,5,Airport Boulevard,primary,379.21,,,35 mph,,,,,Airport Boulevard,3.378848303849902e-05,0.00010344738407427522
993,15787744,No,NO,,,FALSE,,,No,5/30/17,B - SUSPECTED MINOR INJURY,TUESDAY,30.30907786,1 - DAYLIGHT,-97.71558007,ONE MOTOR VEHICLE - GOING STRAIGHT,NOT APPLICABLE,,CITY STREET,45,2 - CLOUDY,25,0,W - WHITE,1 - MALE,1 - NOT WORN,B - SUSPECTED MINOR INJURY,POINT (-97.71558007 30.30907786),152386488,152386491,0,132503331,False,,Airport Boulevard,primary,89.478,,,,,,,,Airport Boulevard,1.4984011965587439e-05,0.00010344738407427522
994,16667736,Yes,NO,,,FALSE,,,No,9/25/18,B - SUSPECTED MINOR INJURY,TUESDAY,30.32882205,"3 - DARK, LIGHTED",-97.71582291,ONE MOTOR VEHICLE - TURNING LEFT,ONE VEHICLE ENTERING DRIVEWAY,,CITY STREET,40,1 - CLEAR,35,0,W - WHITE,1 - MALE,1 - NOT WORN,B - SUSPECTED MINOR INJURY,POINT (-97.71582291 30.32882205),152695112,282035853,0,204964665,False,,Airport Boulevard,primary,10.592,,,,,,,,Airport Boulevard,3.560528181011271e-05,0.00010344738407427522
995,16647692,No,NO,18781,1.8,TRUE,18781,2019,No,9/26/18,B - SUSPECTED MINOR INJURY,WEDNESDAY,30.26562982,1 - DAYLIGHT,-97.69552869,ONE MOTOR VEHICLE - TURNING LEFT,NOT APPLICABLE,1.6,US & STATE HIGHWAYS,-1,1 - CLEAR,23,0,W - WHITE,1 - MALE,1 - NOT WORN,B - SUSPECTED MINOR INJURY,POINT (-97.69552869 30.26562982),152386316,152386315,0,"[436626339, 436626334]",False,5,Airport Boulevard,primary,201.227,Loop 111,,,,,,,Airport Boulevard,1.2994193442957954e-05,0.00010344738407427522
996,17158630,No,NO,,,TRUE,,,No,12/13/18,C - POSSIBLE INJURY,THURSDAY,30.33395477,1 - DAYLIGHT,-97.71692247,ONE MOTOR VEHICLE - TURNING RIGHT,NOT APPLICABLE,,CITY STREET,-1,1 - CLEAR,21,0,W - WHITE,1 - MALE,1 - NOT WORN,C - POSSIBLE INJURY,POINT (-97.71692247 30.33395477),152656631,282033309,0,436611876,False,5,Airport Boulevard,primary,44.80200000000001,,,35 mph,,,,,Airport Boulevard,2.615993375770787e-05,0.00010344738407427522
997,16848469,No,NO,18781,1.8,FALSE,18781,2019,No,1/12/19,A - SUSPECTED SERIOUS INJURY,SATURDAY,30.26975539,"2 - DARK, NOT LIGHTED",-97.69675643,ONE MOTOR VEHICLE - GOING STRAIGHT,NOT APPLICABLE,1.6,CITY STREET,45,1 - CLEAR,14,0,B - BLACK,2 - FEMALE,1 - NOT WORN,A - SUSPECTED SERIOUS INJURY,POINT (-97.69675643 30.26975539),3416615251,152386321,0,436626347,False,,Airport Boulevard,primary,35.656,Loop 111,,,,,,,Airport Boulevard,1.0780770581794983e-05,0.00010344738407427522
998,17038764,Yes,NO,,,FALSE,,,No,4/25/19,C - POSSIBLE INJURY,THURSDAY,30.28626195,1 - DAYLIGHT,-97.70646654,ONE MOTOR VEHICLE - TURNING LEFT,ONE VEHICLE ENTERING DRIVEWAY,,CITY STREET,40,1 - CLEAR,25,0,W - WHITE,1 - MALE,1 - NOT WORN,C - POSSIBLE INJURY,POINT (-97.70646654 30.28626195),283008769,152386369,0,422681639,True,2,Airport Boulevard,primary,58.602,,,,,,,,Airport Boulevard,8.519859583412093e-06,0.00010344738407427522
999,17290668,Yes,NO,,,FALSE,,,No,9/15/19,A - SUSPECTED SERIOUS INJURY,SUNDAY,30.2999643,1 - DAYLIGHT,-97.71216152,ONE MOTOR VEHICLE - GOING STRAIGHT,NOT APPLICABLE,,CITY STREET,45,1 - CLEAR,51,0,W - WHITE,1 - MALE,1 - NOT WORN,A - SUSPECTED SERIOUS INJURY,POINT (-97.71216152 30.2999643),283008753,283008755,0,144202885,True,3,Airport Boulevard,primary,199.489,,,,,,,,Airport Boulevard,1.0675462745953142e-05,0.00010344738407427522
1000,17325070,Yes,NO,,,TRUE,,,No,10/1/19,C - POSSIBLE INJURY,TUESDAY,30.31871477,"2 - DARK, NOT LIGHTED",-97.71282247,ONE MOTOR VEHICLE - TURNING LEFT,NOT APPLICABLE,,CITY STREET,-1,1 - CLEAR,51,0,H - HISPANIC,1 - MALE,1 - NOT WORN,C - POSSIBLE INJURY,POINT (-97.71282247 30.31871477),1484125269,1778802402,0,15376038,False,,Airport Boulevard,primary,221.65499999999997,,,,,,,,Airport Boulevard,1.6715399968175247e-05,0.00010344738407427522
1001,17325070,Yes,NO,,,TRUE,,,No,10/1/19,C - POSSIBLE INJURY,TUESDAY,30.31871477,"2 - DARK, NOT LIGHTED",-97.71282247,ONE MOTOR VEHICLE - TURNING LEFT,NOT APPLICABLE,,CITY STREET,-1,1 - CLEAR,51,0,H - HISPANIC,1 - MALE,1 - NOT WORN,C - POSSIBLE INJURY,POINT (-97.71282247 30.31871477),1778802402,1484125269,0,15376038,False,,Airport Boulevard,primary,221.655,,,,,,,,Airport Boulevard,1.6715399968175247e-05,0.00010344738407427522
1002,17577502,Yes,NO,,,FALSE,,,No,2/18/20,C - POSSIBLE INJURY,TUESDAY,30.32152445,6 - DUSK,-97.71372372,ONE MOTOR VEHICLE - TURNING LEFT,NOT APPLICABLE,,CITY STREET,40,2 - CLOUDY,33,0,W - WHITE,2 - FEMALE,"3 - WORN, NOT DAMAGED",C - POSSIBLE INJURY,POINT (-97.71372372 30.32152445),152386549,152375325,0,166434089,True,2,Airport Boulevard,primary,48.249,,,,,,,,Airport Boulevard,4.04245342776374e-06,0.00010344738407427522
1003,17603717,No,NO,,,TRUE,,,No,3/5/20,C - POSSIBLE INJURY,THURSDAY,30.25932478,1 - DAYLIGHT,-97.69362248,ONE MOTOR VEHICLE - TURNING RIGHT,NOT APPLICABLE,,CITY STREET,-1,1 - CLEAR,70,0,H - HISPANIC,1 - MALE,1 - NOT WORN,C - POSSIBLE INJURY,POINT (-97.69362248 30.25932478),1802368105,152386302,0,204998660,False,,Airport Boulevard,primary,49.708,Loop 111,,,,,,,Airport Boulevard,2.200896469005175e-05,0.00010344738407427522
1004,17694474,No,NO,18781,1.8,TRUE,18781,2019,No,5/26/20,A - SUSPECTED SERIOUS INJURY,TUESDAY,30.27614665,1 - DAYLIGHT,-97.69978051,ONE MOTOR VEHICLE - TURNING LEFT,NOT APPLICABLE,1.6,CITY STREET,45,1 - CLEAR,39,0,W - WHITE,1 - MALE,"3 - WORN, NOT DAMAGED",A - SUSPECTED SERIOUS INJURY,POINT (-97.69978051 30.27614665),152386339,152386323,0,"[436626345, 436626346, 436626331]",False,5,Airport Boulevard,primary,434.73599999999993,Loop 111,,,,,,,Airport Boulevard,1.5746985328207228e-05,0.00010344738407427522
1005,18621286,No,NO,,,TRUE,,,No,11/29/21,C - POSSIBLE INJURY,MONDAY,30.31206477,99 - UNKNOWN,-97.71535247,ONE MOTOR VEHICLE - TURNING LEFT,ATTENTION DIVERTED FROM DRIVING,,CITY STREET,30,99 - UNKNOWN,29,0,W - WHITE,2 - FEMALE,"4 - WORN, UNK DAMAGE",C - POSSIBLE INJURY,POINT (-97.71535247 30.31206477),152386498,152386500,0,"[132503331, 436634350]",False,5,Airport Boulevard,primary,110.555,,,,,,,,Airport Boulevard,3.5058078395260995e-06,0.00010344738407427522
1006,18793967,No,NO,,,TRUE,,,No,3/11/22,B - SUSPECTED MINOR INJURY,FRIDAY,30.31206477,1 - DAYLIGHT,-97.71535247,ONE MOTOR VEHICLE - GOING STRAIGHT,NOT APPLICABLE,,CITY STREET,-1,1 - CLEAR,36,0,W - WHITE,2 - FEMALE,1 - NOT WORN,B - SUSPECTED MINOR INJURY,POINT (-97.71535247 30.31206477),152386498,152386500,0,"[132503331, 436634350]",False,5,Airport Boulevard,primary,110.555,,,,,,,,Airport Boulevard,3.5058078395260995e-06,0.00010344738407427522
1007,12848185,No,NO,34434,12.3,FALSE,34434,2019,Yes,8/15/12,A - SUSPECTED SERIOUS INJURY,WEDNESDAY,30.32970865,1 - DAYLIGHT,-97.6386701,ONE MOTOR VEHICLE - GOING STRAIGHT,CONSTRUCTION - WITHIN POSTED ROAD CONSTRUCTION ZONE (NOT RELATED TO CRASH),7.8,US & STATE HIGHWAYS,55,1 - CLEAR,38,0,W - WHITE,1 - MALE,1 - NOT WORN,A - SUSPECTED SERIOUS INJURY,POINT (-97.6386701 30.32970865),3560197474,3560197510,0,"[350277344, 350277313, 1031657194, 350277330, 350277337]",True,"['3', '4']",Manor Expressway,motorway,716.5799999999999,290 Toll,yes,75 mph,,,,,Manor Expressway,0.00010028696250852032,2.9041064064587326e-05
1008,12864561,Yes,NO,147192,2,TRUE,147192,2019,No,8/18/12,A - SUSPECTED SERIOUS INJURY,SATURDAY,30.38954926,1 - DAYLIGHT,-97.74504852,ONE MOTOR VEHICLE - GOING STRAIGHT,NOT APPLICABLE,1.4,US & STATE HIGHWAYS,0,3 - RAIN,28,0,W - WHITE,1 - MALE,"3 - WORN, NOT DAMAGED",A - SUSPECTED SERIOUS INJURY,POINT (-97.74504852 30.38954926),282893070,282893071,0,"[126746760, 51865571, 436732204]",True,"['2', '3']","Capital of Texas Highway, North Capital of Texas Highway",trunk,152.57999999999998,Loop 360,yes,55 mph,,,,,"Capital of Texas Highway, North Capital of Texas Highway",4.065519978922762e-05,6.793847491711506e-06
1009,14728542,Yes,NO,147192,2,TRUE,147192,2019,No,11/1/15,A - SUSPECTED SERIOUS INJURY,SUNDAY,30.38954926,1 - DAYLIGHT,-97.74504852,ONE MOTOR VEHICLE - GOING STRAIGHT,NOT APPLICABLE,1.4,US & STATE HIGHWAYS,50,1 - CLEAR,39,0,W - WHITE,1 - MALE,1 - NOT WORN,A - SUSPECTED SERIOUS INJURY,POINT (-97.74504852 30.38954926),282893070,282893071,0,"[126746760, 51865571, 436732204]",True,"['2', '3']","Capital of Texas Highway, North Capital of Texas Highway",trunk,152.57999999999998,Loop 360,yes,55 mph,,,,,"Capital of Texas Highway, North Capital of Texas Highway",4.065519978922762e-05,6.793847491711506e-06
1010,16478513,No,NO,147192,2,TRUE,147192,2019,No,6/14/18,C - POSSIBLE INJURY,THURSDAY,30.38954926,1 - DAYLIGHT,-97.74504852,ONE MOTOR VEHICLE - GOING STRAIGHT,NOT APPLICABLE,1.4,US & STATE HIGHWAYS,-1,1 - CLEAR,62,0,H - HISPANIC,1 - MALE,1 - NOT WORN,C - POSSIBLE INJURY,POINT (-97.74504852 30.38954926),282893070,282893071,0,"[126746760, 51865571, 436732204]",True,"['2', '3']","Capital of Texas Highway, North Capital of Texas Highway",trunk,152.57999999999998,Loop 360,yes,55 mph,,,,,"Capital of Texas Highway, North Capital of Texas Highway",4.065519978922762e-05,6.793847491711506e-06
1011,18624187,Yes,NO,147192,2,TRUE,147192,2019,No,11/14/21,A - SUSPECTED SERIOUS INJURY,SUNDAY,30.38954926,1 - DAYLIGHT,-97.74504852,ONE MOTOR VEHICLE - OTHER,NOT APPLICABLE,1.4,US & STATE HIGHWAYS,50,1 - CLEAR,34,0,W - WHITE,1 - MALE,"2 - WORN, DAMAGED",A - SUSPECTED SERIOUS INJURY,POINT (-97.74504852 30.38954926),282893070,282893071,0,"[126746760, 51865571, 436732204]",True,"['2', '3']","Capital of Texas Highway, North Capital of Texas Highway",trunk,152.57999999999998,Loop 360,yes,55 mph,,,,,"Capital of Texas Highway, North Capital of Texas Highway",4.065519978922762e-05,6.793847491711506e-06
1012,12890404,No,NO,47579,3.9,TRUE,47579,2019,No,9/8/12,B - SUSPECTED MINOR INJURY,SATURDAY,30.43732103,1 - DAYLIGHT,-97.73593434,ONE MOTOR VEHICLE - GOING STRAIGHT,NOT APPLICABLE,1.7,FARM TO MARKET,60,1 - CLEAR,26,0,W - WHITE,2 - FEMALE,"2 - WORN, DAMAGED",B - SUSPECTED MINOR INJURY,POINT (-97.73593434 30.43732103),152491005,2533220801,0,464189521,False,,Legendary Drive,residential,27.276,,,,,,,,Legendary Drive,2.7202276431609865e-06,2.1017675865402804e-05
1013,12937106,Yes,NO,62519,3.7,TRUE,62519,2019,No,10/5/12,B - SUSPECTED MINOR INJURY,FRIDAY,30.41135724,1 - DAYLIGHT,-97.68668309,ONE MOTOR VEHICLE - TURNING RIGHT,NOT APPLICABLE,1.6,FARM TO MARKET,50,1 - CLEAR,31,0,W - WHITE,1 - MALE,1 - NOT WORN,B - SUSPECTED MINOR INJURY,POINT (-97.68668309 30.41135724),281158545,152608382,0,15396891,False,,Scofield Farms Drive,residential,16.191,,,,,,,,Scofield Farms Drive,2.151995555963798e-05,1.5995137478206626e-05
1014,12937106,Yes,NO,62519,3.7,TRUE,62519,2019,No,10/5/12,B - SUSPECTED MINOR INJURY,FRIDAY,30.41135724,1 - DAYLIGHT,-97.68668309,ONE MOTOR VEHICLE - TURNING RIGHT,NOT APPLICABLE,1.6,FARM TO MARKET,50,1 - CLEAR,31,0,W - WHITE,1 - MALE,1 - NOT WORN,B - SUSPECTED MINOR INJURY,POINT (-97.68668309 30.41135724),152608382,281158545,0,15396891,False,,Scofield Farms Drive,residential,16.191,,,,,,,,Scofield Farms Drive,2.151995555963798e-05,1.5995137478206626e-05
1015,15446534,No,NO,62519,3.7,TRUE,62519,2019,No,11/18/16,C - POSSIBLE INJURY,FRIDAY,30.41135724,1 - DAYLIGHT,-97.68668309,ONE MOTOR VEHICLE - GOING STRAIGHT,ATTENTION DIVERTED FROM DRIVING,1.6,FARM TO MARKET,50,2 - CLOUDY,63,0,A - ASIAN,1 - MALE,1 - NOT WORN,C - POSSIBLE INJURY,POINT (-97.68668309 30.41135724),281158545,152608382,0,15396891,False,,Scofield Farms Drive,residential,16.191,,,,,,,,Scofield Farms Drive,2.151995555963798e-05,1.5995137478206626e-05
1016,15446534,No,NO,62519,3.7,TRUE,62519,2019,No,11/18/16,C - POSSIBLE INJURY,FRIDAY,30.41135724,1 - DAYLIGHT,-97.68668309,ONE MOTOR VEHICLE - GOING STRAIGHT,ATTENTION DIVERTED FROM DRIVING,1.6,FARM TO MARKET,50,2 - CLOUDY,63,0,A - ASIAN,1 - MALE,1 - NOT WORN,C - POSSIBLE INJURY,POINT (-97.68668309 30.41135724),152608382,281158545,0,15396891,False,,Scofield Farms Drive,residential,16.191,,,,,,,,Scofield Farms Drive,2.151995555963798e-05,1.5995137478206626e-05
1017,12936944,Yes,NO,74377,3.5,TRUE,74377,2019,No,10/6/12,B - SUSPECTED MINOR INJURY,SATURDAY,30.21655804,1 - DAYLIGHT,-97.84514825,ONE MOTOR VEHICLE - GOING STRAIGHT,NOT APPLICABLE,2.9,US & STATE HIGHWAYS,40,1 - CLEAR,27,0,W - WHITE,1 - MALE,1 - NOT WORN,B - SUSPECTED MINOR INJURY,POINT (-97.84514825 30.21655804),8786357668,152372083,0,"[949128032, 996158565, 995430806]",True,"['2', '3', '1']",Convict Hill Road,tertiary,256.001,,,,yes,,,,Convict Hill Road,3.931589335052932e-05,1.3445016604595507e-05
1018,13136105,Yes,NO,,,TRUE,,,No,2/4/13,B - SUSPECTED MINOR INJURY,MONDAY,30.21137479,1 - DAYLIGHT,-97.83195244,ONE MOTOR VEHICLE - TURNING RIGHT,NOT APPLICABLE,,CITY STREET,30,1 - CLEAR,20,0,W - WHITE,2 - FEMALE,1 - NOT WORN,B - SUSPECTED MINOR INJURY,POINT (-97.83195244 30.21137479),282613337,152389244,0,655477582,False,,Convict Hill Road,tertiary,11.808,,,,,,,,Convict Hill Road,5.402561016440463e-06,1.3445016604595507e-05
1019,14502768,Yes,NO,,,TRUE,,,No,6/2/15,A - SUSPECTED SERIOUS INJURY,TUESDAY,30.21149479,1 - DAYLIGHT,-97.83482244,ONE MOTOR VEHICLE - TURNING LEFT,ATTENTION DIVERTED FROM DRIVING,,CITY STREET,-1,2 - CLOUDY,39,0,W - WHITE,1 - MALE,99 - UNKNOWN IF WORN,A - SUSPECTED SERIOUS INJURY,POINT (-97.83482244 30.21149479),152389251,152389255,0,983433678,False,2,Convict Hill Road,tertiary,76.83200000000001,,,35 mph,yes,,,,Convict Hill Road,5.308457426933354e-06,1.3445016604595507e-05
1020,14620080,No,NO,,,FALSE,,,No,8/29/15,B - SUSPECTED MINOR INJURY,SATURDAY,30.23075881,"3 - DARK, LIGHTED",-97.87932821,ONE MOTOR VEHICLE - GOING STRAIGHT,NOT APPLICABLE,,CITY STREET,50,1 - CLEAR,29,0,W - WHITE,2 - FEMALE,"2 - WORN, DAMAGED",B - SUSPECTED MINOR INJURY,POINT (-97.87932821 30.23075881),3452099457,1930029573,0,"[998284565, 983653631]",False,"['2', '4']",Convict Hill Road,tertiary,157.85699999999997,,,40 mph,yes,,,,Convict Hill Road,1.526783920052315e-06,1.3445016604595507e-05
1021,15534478,No,NO,,,TRUE,,,No,1/11/17,B - SUSPECTED MINOR INJURY,WEDNESDAY,30.22047479,1 - DAYLIGHT,-97.85779244,ONE MOTOR VEHICLE - GOING STRAIGHT,VISION OBSTRUCTED BY HEADLIGHT OR SUN GLARE,,CITY STREET,-1,1 - CLEAR,35,0,W - WHITE,1 - MALE,"3 - WORN, NOT DAMAGED",B - SUSPECTED MINOR INJURY,POINT (-97.85779244 30.22047479),152389308,152389303,0,388809585,False,2,Convict Hill Road,tertiary,280.438,,,40 mph,yes,,,,Convict Hill Road,2.5075705071048383e-06,1.3445016604595507e-05
1022,15534478,No,NO,,,TRUE,,,No,1/11/17,B - SUSPECTED MINOR INJURY,WEDNESDAY,30.22047479,1 - DAYLIGHT,-97.85779244,ONE MOTOR VEHICLE - GOING STRAIGHT,VISION OBSTRUCTED BY HEADLIGHT OR SUN GLARE,,CITY STREET,-1,1 - CLEAR,35,0,W - WHITE,1 - MALE,"3 - WORN, NOT DAMAGED",B - SUSPECTED MINOR INJURY,POINT (-97.85779244 30.22047479),152389303,152389308,0,388809585,False,2,Convict Hill Road,tertiary,280.438,,,40 mph,yes,,,,Convict Hill Road,2.5075705071048383e-06,1.3445016604595507e-05
1023,12979282,No,NO,39364,3.3,FALSE,39364,2019,No,10/27/12,B - SUSPECTED MINOR INJURY,SATURDAY,30.42921016,1 - DAYLIGHT,-97.84253257,ONE MOTOR VEHICLE - GOING STRAIGHT,NOT APPLICABLE,2.3,FARM TO MARKET,0,1 - CLEAR,20,0,W - WHITE,1 - MALE,1 - NOT WORN,B - SUSPECTED MINOR INJURY,POINT (-97.84253257 30.42921016),152599037,4117695640,0,"[436635785, 436635905, 436635910]",False,5,North RM 620,primary,406.714,RM 620,,55 mph,,,,,North RM 620,1.6660775182053587e-05,2.540392236561325e-05
1024,12979282,No,NO,39364,3.3,FALSE,39364,2019,No,10/27/12,B - SUSPECTED MINOR INJURY,SATURDAY,30.42921016,1 - DAYLIGHT,-97.84253257,ONE MOTOR VEHICLE - GOING STRAIGHT,NOT APPLICABLE,2.3,FARM TO MARKET,0,1 - CLEAR,20,0,W - WHITE,1 - MALE,1 - NOT WORN,B - SUSPECTED MINOR INJURY,POINT (-97.84253257 30.42921016),4117695640,152599037,0,"[436635905, 436635785, 436635910]",False,5,North RM 620,primary,406.714,RM 620,,55 mph,,,,,North RM 620,1.6660775182053587e-05,2.540392236561325e-05
1025,13000198,No,NO,31251,1.4,TRUE,31251,2019,No,11/7/12,B - SUSPECTED MINOR INJURY,WEDNESDAY,30.4055124,1 - DAYLIGHT,-97.71582117,ONE MOTOR VEHICLE - GOING STRAIGHT,NOT APPLICABLE,1.3,US & STATE HIGHWAYS,45,1 - CLEAR,61,0,W - WHITE,1 - MALE,99 - UNKNOWN IF WORN,B - SUSPECTED MINOR INJURY,POINT (-97.71582117 30.4055124),152706885,1775472923,0,126306354,False,,Duval Road,secondary,256.998,FM 1325,,,,,,,Duval Road,2.3336913323358656e-06,2.7101372684526472e-05
1026,13000198,No,NO,31251,1.4,TRUE,31251,2019,No,11/7/12,B - SUSPECTED MINOR INJURY,WEDNESDAY,30.4055124,1 - DAYLIGHT,-97.71582117,ONE MOTOR VEHICLE - GOING STRAIGHT,NOT APPLICABLE,1.3,US & STATE HIGHWAYS,45,1 - CLEAR,61,0,W - WHITE,1 - MALE,99 - UNKNOWN IF WORN,B - SUSPECTED MINOR INJURY,POINT (-97.71582117 30.4055124),1775472923,152706885,0,126306354,False,,Duval Road,secondary,256.998,FM 1325,,,,,,,Duval Road,2.3336913323358656e-06,2.7101372684526472e-05
1027,14266466,No,NO,,,FALSE,,,No,2/7/15,B - SUSPECTED MINOR INJURY,SATURDAY,30.40747136,"3 - DARK, LIGHTED",-97.71568058,ONE MOTOR VEHICLE - GOING STRAIGHT,ATTENTION DIVERTED FROM DRIVING,,CITY STREET,40,1 - CLEAR,21,0,B - BLACK,1 - MALE,1 - NOT WORN,N - NOT INJURED,POINT (-97.71568058 30.40747136),152701729,1775472923,0,126306354,False,,Duval Road,secondary,48.012,FM 1325,,,,,,,Duval Road,8.148275453584456e-05,2.7101372684526472e-05
1028,14894374,No,NO,,,TRUE,,,No,11/4/15,B - SUSPECTED MINOR INJURY,WEDNESDAY,30.41271475,1 - DAYLIGHT,-97.73199246,ONE MOTOR VEHICLE - TURNING LEFT,NOT APPLICABLE,,CITY STREET,35,2 - CLOUDY,29,0,W - WHITE,1 - MALE,"3 - WORN, NOT DAMAGED",B - SUSPECTED MINOR INJURY,POINT (-97.73199246 30.41271475),152707016,152531657,0,110165389,False,,Duval Road,secondary,22.276,,,35 mph,,,,,Duval Road,1.255933869199001e-05,2.7101372684526472e-05
1029,15198135,No,NO,,,TRUE,,,No,7/7/16,C - POSSIBLE INJURY,THURSDAY,30.41300849,1 - DAYLIGHT,-97.73259886,ONE MOTOR VEHICLE - TURNING LEFT,VISION OBSTRUCTED BY HEADLIGHT OR SUN GLARE,,CITY STREET,-1,1 - CLEAR,63,0,W - WHITE,1 - MALE,"2 - WORN, DAMAGED",C - POSSIBLE INJURY,POINT (-97.73259886 30.41300849),152707016,152562273,0,110165389,False,,Duval Road,secondary,83.467,,,35 mph,,,,,Duval Road,1.2520690273518905e-05,2.7101372684526472e-05