,Crash ID,$1000 Damage to Any One Person's Property,Active School Zone Flag,Adjusted Average Daily Traffic Amount,Adjusted Percentage of Average Daily Traffic For Trucks,At Intersection Flag,Average Daily Traffic Amount,Average Daily Traffic Year,Construction Zone Flag,Crash Date,Crash Severity,Day of Week,Latitude,Light Condition,Longitude,Manner of Collision,Other Factor,Percentage of Single Unit Truck Average Daily Traffic,Road Class,Speed Limit,Weather Condition,Person Age,Person Death Count,Person Ethnicity,Person Gender,Person Helmet,Person Injury Severity,geometry,index_right0,index_right1,index_right2,osmid,oneway,lanes,name,highway,length,ref,bridge,maxspeed,access,tunnel,junction,service,names,distance,Crash Rate
1030,15659946,Yes,NO,,,FALSE,,,No,3/22/17,B - SUSPECTED MINOR INJURY,WEDNESDAY,30.41124312,1 - DAYLIGHT,-97.72114614,ONE MOTOR VEHICLE - TURNING RIGHT,ONE VEHICLE LEAVING DRIVEWAY,,CITY STREET,-1,1 - CLEAR,17,0,W - WHITE,1 - MALE,"4 - WORN, UNK DAMAGE",B - SUSPECTED MINOR INJURY,POINT (-97.72114614 30.41124312),5521553995,2908995428,0,1042821275,True,2,Duval Road,secondary,147.88400000000001,,,35 mph,,,,,Duval Road,3.300841551946397e-06,2.7101372684526472e-05
1031,16133755,Yes,NO,,,TRUE,,,No,12/8/17,N - NOT INJURED,FRIDAY,30.41161933,"3 - DARK, LIGHTED",-97.7220362,OPPOSITE DIRECTION - ONE STRAIGHT-ONE LEFT TURN,ONE VEHICLE ENTERING DRIVEWAY,,CITY STREET,35,1 - CLEAR,15,0,W - WHITE,1 - MALE,1 - NOT WORN,N - NOT INJURED,POINT (-97.7220362 30.41161933),5521553995,2908995428,0,1042821275,True,2,Duval Road,secondary,147.88400000000001,,,35 mph,,,,,Duval Road,1.1522481358877484e-05,2.7101372684526472e-05
1032,17029676,No,NO,,,TRUE,,,No,4/17/19,N - NOT INJURED,WEDNESDAY,30.41682475,1 - DAYLIGHT,-97.74073246,ONE MOTOR VEHICLE - TURNING RIGHT,NOT APPLICABLE,,CITY STREET,35,1 - CLEAR,28,0,W - WHITE,1 - MALE,1 - NOT WORN,N - NOT INJURED,POINT (-97.74073246 30.41682475),152561479,152430533,0,110165389,False,,Duval Road,secondary,150.59,,,35 mph,,,,,Duval Road,2.2347942367554787e-05,2.7101372684526472e-05
1033,17475615,No,NO,,,TRUE,,,No,12/21/19,B - SUSPECTED MINOR INJURY,SATURDAY,30.41163475,"2 - DARK, NOT LIGHTED",-97.72208246,ONE MOTOR VEHICLE - TURNING LEFT,NOT APPLICABLE,,CITY STREET,35,1 - CLEAR,42,0,W - WHITE,1 - MALE,"4 - WORN, UNK DAMAGE",B - SUSPECTED MINOR INJURY,POINT (-97.72208246 30.41163475),5521553995,2908995428,0,1042821275,True,2,Duval Road,secondary,147.88400000000001,,,35 mph,,,,,Duval Road,1.0485219907723796e-05,2.7101372684526472e-05
1034,17972613,Yes,NO,,,FALSE,,,No,2/27/20,B - SUSPECTED MINOR INJURY,THURSDAY,30.41158861,1 - DAYLIGHT,-97.72861153,ONE MOTOR VEHICLE - TURNING RIGHT,ONE VEHICLE LEAVING DRIVEWAY,,CITY STREET,35,1 - CLEAR,38,0,A - ASIAN,1 - MALE,1 - NOT WORN,B - SUSPECTED MINOR INJURY,POINT (-97.72861153 30.41158861),152706893,694295579,0,27894328,False,,Duval Road,secondary,300.303,,,35 mph,,,,,Duval Road,1.1597738079800348e-05,2.7101372684526472e-05
1035,17972613,Yes,NO,,,FALSE,,,No,2/27/20,B - SUSPECTED MINOR INJURY,THURSDAY,30.41158861,1 - DAYLIGHT,-97.72861153,ONE MOTOR VEHICLE - TURNING RIGHT,ONE VEHICLE LEAVING DRIVEWAY,,CITY STREET,35,1 - CLEAR,38,0,A - ASIAN,1 - MALE,1 - NOT WORN,B - SUSPECTED MINOR INJURY,POINT (-97.72861153 30.41158861),694295579,152706893,0,27894328,False,,Duval Road,secondary,300.303,,,35 mph,,,,,Duval Road,1.1597738079800348e-05,2.7101372684526472e-05
1036,17968035,No,NO,,,TRUE,,,No,10/9/20,C - POSSIBLE INJURY,FRIDAY,30.41315081,"2 - DARK, NOT LIGHTED",-97.73289937,ONE MOTOR VEHICLE - GOING STRAIGHT,NOT APPLICABLE,,CITY STREET,-1,1 - CLEAR,29,0,W - WHITE,1 - MALE,99 - UNKNOWN IF WORN,C - POSSIBLE INJURY,POINT (-97.73289937 30.41315081),152386209,152562273,0,110165389,False,,Duval Road,secondary,83.63,,,35 mph,,,,,Duval Road,1.1047026812691833e-05,2.7101372684526472e-05
1037,18348527,No,NO,116343,3,TRUE,116343,2019,No,7/3/21,C - POSSIBLE INJURY,SATURDAY,30.40844994,"3 - DARK, LIGHTED",-97.71596533,ONE MOTOR VEHICLE - TURNING LEFT,NOT APPLICABLE,2.4,CITY STREET,35,1 - CLEAR,23,0,W - WHITE,1 - MALE,"4 - WORN, UNK DAMAGE",C - POSSIBLE INJURY,POINT (-97.71596533 30.40844994),152701455,152701729,0,"[110165386, 172186308, 436751388]",False,"['5', '6']",Duval Road,secondary,143.074,FM 1325,yes,,,,,,Duval Road,1.938885405827087e-06,2.7101372684526472e-05
1038,18348527,No,NO,116343,3,TRUE,116343,2019,No,7/3/21,C - POSSIBLE INJURY,SATURDAY,30.40844994,"3 - DARK, LIGHTED",-97.71596533,ONE MOTOR VEHICLE - TURNING LEFT,NOT APPLICABLE,2.4,CITY STREET,35,1 - CLEAR,23,0,W - WHITE,1 - MALE,"4 - WORN, UNK DAMAGE",C - POSSIBLE INJURY,POINT (-97.71596533 30.40844994),152701729,152701455,0,"[110165386, 172186308, 436751388]",False,"['5', '6']",Duval Road,secondary,143.07399999999998,FM 1325,yes,,,,,,Duval Road,1.938885405827087e-06,2.7101372684526472e-05
1039,13007731,No,NO,,,FALSE,,,No,11/20/12,B - SUSPECTED MINOR INJURY,TUESDAY,30.38929948,1 - DAYLIGHT,-97.71158797,ONE MOTOR VEHICLE - GOING STRAIGHT,ATTENTION DIVERTED FROM DRIVING,,INTERSTATE,40,1 - CLEAR,45,0,W - WHITE,2 - FEMALE,"3 - WORN, NOT DAMAGED",B - SUSPECTED MINOR INJURY,POINT (-97.71158797 30.38929948),152422455,7936800947,0,15381457,False,,Kramer Lane,tertiary,347.12700000000007,,,,,,,,Kramer Lane,1.8740410971731242e-05,3.409129649200559e-05
1040,14406825,Yes,NO,,,TRUE,,,No,4/28/15,B - SUSPECTED MINOR INJURY,TUESDAY,30.39093475,1 - DAYLIGHT,-97.71406246,ONE MOTOR VEHICLE - TURNING RIGHT,ATTENTION DIVERTED FROM DRIVING,,CITY STREET,45,2 - CLOUDY,58,0,W - WHITE,1 - MALE,"3 - WORN, NOT DAMAGED",B - SUSPECTED MINOR INJURY,POINT (-97.71406246 30.39093475),152437381,282779505,0,655477209,False,,Kramer Lane,tertiary,173.706,,,,,,,,Kramer Lane,4.439960594545999e-06,3.409129649200559e-05
1041,17609556,No,NO,,,TRUE,,,No,3/6/20,C - POSSIBLE INJURY,FRIDAY,30.38383475,1 - DAYLIGHT,-97.70028247,ONE MOTOR VEHICLE - TURNING RIGHT,NOT APPLICABLE,,CITY STREET,-1,1 - CLEAR,19,0,W - WHITE,2 - FEMALE,1 - NOT WORN,C - POSSIBLE INJURY,POINT (-97.70028247 30.38383475),152437345,152437347,0,15381457,False,,Kramer Lane,tertiary,184.997,,,,,,,,Kramer Lane,7.508172522899368e-07,3.409129649200559e-05
1042,17759508,No,NO,,,TRUE,,,No,6/21/20,N - NOT INJURED,SUNDAY,30.38874648,1 - DAYLIGHT,-97.71040178,ONE MOTOR VEHICLE - TURNING LEFT,ATTENTION DIVERTED FROM DRIVING,,CITY STREET,35,1 - CLEAR,35,0,W - WHITE,1 - MALE,99 - UNKNOWN IF WORN,N - NOT INJURED,POINT (-97.71040178 30.38874648),152422455,281677318,0,15381457,False,,Kramer Lane,tertiary,11.753,,,,,,,,Kramer Lane,5.045851503026129e-06,3.409129649200559e-05
1043,18133455,No,NO,29333,1.5,TRUE,29333,2019,No,3/3/21,B - SUSPECTED MINOR INJURY,WEDNESDAY,30.37957145,"3 - DARK, LIGHTED",-97.68769709,ONE MOTOR VEHICLE - GOING STRAIGHT,NOT APPLICABLE,1.3,CITY STREET,-1,1 - CLEAR,56,0,W - WHITE,1 - MALE,"4 - WORN, UNK DAMAGE",B - SUSPECTED MINOR INJURY,POINT (-97.68769709 30.37957145),152437328,4953954840,0,15381457,False,,Kramer Lane,tertiary,675.0749999999999,,,,,,,,Kramer Lane,1.9087548532989215e-05,3.409129649200559e-05
1044,13039651,No,NO,,,FALSE,,,No,12/8/12,B - SUSPECTED MINOR INJURY,SATURDAY,30.31649623,"4 - DARK, UNKNOWN LIGHTING",-97.74397845,ONE MOTOR VEHICLE - GOING STRAIGHT,NOT APPLICABLE,,CITY STREET,35,1 - CLEAR,20,0,B - BLACK,1 - MALE,1 - NOT WORN,B - SUSPECTED MINOR INJURY,POINT (-97.74397845 30.31649623),152581860,152540110,0,144897766,False,,West 45th Street,secondary,97.852,,,,,,,,West 45th Street,6.4769078923126035e-06,6.168841183183739e-06
1045,13068913,No,NO,,,FALSE,,,No,12/21/12,B - SUSPECTED MINOR INJURY,FRIDAY,30.31080621,1 - DAYLIGHT,-97.73289833,ONE MOTOR VEHICLE - GOING STRAIGHT,VEHICLE PASSING OR ATTEMPTING TO PASS ON LEFT,,CITY STREET,35,1 - CLEAR,27,0,W - WHITE,2 - FEMALE,1 - NOT WORN,B - SUSPECTED MINOR INJURY,POINT (-97.73289833 30.31080621),152456575,152581850,0,"[436634372, 132665213]",False,5,West 45th Street,secondary,101.958,,,,,,,,West 45th Street,2.7155874122896323e-05,6.168841183183739e-06
1046,13302425,Yes,NO,,,FALSE,,,No,5/10/13,B - SUSPECTED MINOR INJURY,FRIDAY,30.31747199,1 - DAYLIGHT,-97.7461079,ONE MOTOR VEHICLE - GOING STRAIGHT,ATTENTION DIVERTED FROM DRIVING,,CITY STREET,35,1 - CLEAR,51,0,99 - UNKNOWN,1 - MALE,"3 - WORN, NOT DAMAGED",B - SUSPECTED MINOR INJURY,POINT (-97.7461079 30.31747199),152581863,152437206,0,144897766,False,,West 45th Street,secondary,91.623,,,,,,,,West 45th Street,2.053742853101093e-05,6.168841183183739e-06
1047,13529251,Yes,NO,,,TRUE,,,No,10/31/13,B - SUSPECTED MINOR INJURY,THURSDAY,30.31576477,1 - DAYLIGHT,-97.74248246,ONE MOTOR VEHICLE - TURNING LEFT,ATTENTION DIVERTED FROM DRIVING,,CITY STREET,45,1 - CLEAR,23,0,W - WHITE,1 - MALE,1 - NOT WORN,B - SUSPECTED MINOR INJURY,POINT (-97.74248246 30.31576477),152581856,152581858,0,"[436624125, 144897766]",False,5,West 45th Street,secondary,95.988,,,,,,,,West 45th Street,1.0675723923711973e-06,6.168841183183739e-06
1048,14384049,No,NO,,,FALSE,,,No,4/12/15,A - SUSPECTED SERIOUS INJURY,SUNDAY,30.3116141,1 - DAYLIGHT,-97.73429642,ONE MOTOR VEHICLE - GOING STRAIGHT,VEHICLE CHANGING LANES,,CITY STREET,35,2 - CLOUDY,63,0,W - WHITE,1 - MALE,"3 - WORN, NOT DAMAGED",A - SUSPECTED SERIOUS INJURY,POINT (-97.73429642 30.3116141),2021619859,1541584092,0,436624130,False,,West 45th Street,secondary,204.13799999999998,,,,,,,,West 45th Street,6.562107632676681e-06,6.168841183183739e-06
1049,14550477,No,NO,,,FALSE,,,No,7/23/15,B - SUSPECTED MINOR INJURY,THURSDAY,30.31343093,1 - DAYLIGHT,-97.73750186,ONE MOTOR VEHICLE - TURNING LEFT,NOT APPLICABLE,,CITY STREET,30,2 - CLOUDY,63,0,W - WHITE,2 - FEMALE,99 - UNKNOWN IF WORN,B - SUSPECTED MINOR INJURY,POINT (-97.73750186 30.31343093),4345046990,152550931,0,436624127,False,5,West 45th Street,secondary,24.116,,,,,,,,West 45th Street,9.877693495749827e-06,6.168841183183739e-06
1050,15669455,No,NO,,,TRUE,,,No,3/26/17,B - SUSPECTED MINOR INJURY,SUNDAY,30.31746477,1 - DAYLIGHT,-97.74611246,ONE MOTOR VEHICLE - GOING STRAIGHT,NOT APPLICABLE,,CITY STREET,30,1 - CLEAR,57,0,W - WHITE,1 - MALE,"2 - WORN, DAMAGED",B - SUSPECTED MINOR INJURY,POINT (-97.74611246 30.31746477),152437206,152581863,0,144897766,False,,West 45th Street,secondary,91.623,,,,,,,,West 45th Street,1.2039266268693973e-05,6.168841183183739e-06
1051,15711512,No,NO,,,TRUE,,,No,4/18/17,C - POSSIBLE INJURY,TUESDAY,30.31402477,1 - DAYLIGHT,-97.73875246,ONE MOTOR VEHICLE - GOING STRAIGHT,NOT APPLICABLE,,CITY STREET,35,1 - CLEAR,41,0,W - WHITE,1 - MALE,"3 - WORN, NOT DAMAGED",C - POSSIBLE INJURY,POINT (-97.73875246 30.31402477),152451416,1541584137,0,204869531,False,,West 45th Street,secondary,77.94,,,,,,,,West 45th Street,4.469659649120947e-06,6.168841183183739e-06
1052,16309273,Yes,NO,,,FALSE,,,No,3/19/18,N - NOT INJURED,MONDAY,30.30956119,6 - DUSK,-97.73033134,ONE MOTOR VEHICLE - GOING STRAIGHT,ATTENTION DIVERTED FROM DRIVING,,CITY STREET,35,1 - CLEAR,28,0,W - WHITE,1 - MALE,"3 - WORN, NOT DAMAGED",N - NOT INJURED,POINT (-97.73033134 30.30956119),152581845,152581847,0,15394653,False,,West 45th Street,secondary,101.35499999999999,,,,,,,,West 45th Street,2.530373084868276e-05,6.168841183183739e-06
1053,17007714,Yes,NO,,,FALSE,,,No,4/12/19,A - SUSPECTED SERIOUS INJURY,FRIDAY,30.31583112,1 - DAYLIGHT,-97.74262139,ONE MOTOR VEHICLE - GOING STRAIGHT,ATTENTION DIVERTED FROM DRIVING,,CITY STREET,35,1 - CLEAR,21,0,W - WHITE,2 - FEMALE,"2 - WORN, DAMAGED",A - SUSPECTED SERIOUS INJURY,POINT (-97.74262139 30.31583112),152581858,152540110,0,144897766,False,,West 45th Street,secondary,102.766,,,,,,,,West 45th Street,2.933431693305397e-06,6.168841183183739e-06
1054,17479644,No,NO,,,TRUE,,,No,12/7/19,B - SUSPECTED MINOR INJURY,SATURDAY,30.31746477,1 - DAYLIGHT,-97.74611246,ONE MOTOR VEHICLE - GOING STRAIGHT,NOT APPLICABLE,,CITY STREET,-1,1 - CLEAR,45,0,H - HISPANIC,1 - MALE,99 - UNKNOWN IF WORN,B - SUSPECTED MINOR INJURY,POINT (-97.74611246 30.31746477),152437206,152581863,0,144897766,False,,West 45th Street,secondary,91.623,,,,,,,,West 45th Street,1.2039266268693973e-05,6.168841183183739e-06
1055,17449119,No,NO,162105,2.3,TRUE,162105,2019,No,12/8/19,B - SUSPECTED MINOR INJURY,SUNDAY,30.32127966,6 - DUSK,-97.7559346,ONE MOTOR VEHICLE - GOING STRAIGHT,VEHICLE PASSING OR ATTEMPTING TO PASS ON LEFT,1.9,CITY STREET,35,1 - CLEAR,46,0,W - WHITE,1 - MALE,"4 - WORN, UNK DAMAGE",B - SUSPECTED MINOR INJURY,POINT (-97.7559346 30.32127966),152585206,152382400,0,"[15394868, 436614837]",True,3,West 45th Street,secondary,122.001,,,,,,,,West 45th Street,1.816705775703435e-05,6.168841183183739e-06
1056,17900885,No,NO,,,TRUE,,,No,10/8/20,B - SUSPECTED MINOR INJURY,THURSDAY,30.31746477,1 - DAYLIGHT,-97.74611246,ONE MOTOR VEHICLE - GOING STRAIGHT,NOT APPLICABLE,,CITY STREET,35,1 - CLEAR,25,0,H - HISPANIC,1 - MALE,99 - UNKNOWN IF WORN,B - SUSPECTED MINOR INJURY,POINT (-97.74611246 30.31746477),152437206,152581863,0,144897766,False,,West 45th Street,secondary,91.623,,,,,,,,West 45th Street,1.2039266268693973e-05,6.168841183183739e-06
1057,18199281,Yes,NO,,,TRUE,,,No,4/13/21,C - POSSIBLE INJURY,TUESDAY,30.31746477,"3 - DARK, LIGHTED",-97.74611246,ONE MOTOR VEHICLE - GOING STRAIGHT,NOT APPLICABLE,,CITY STREET,30,2 - CLOUDY,32,0,W - WHITE,2 - FEMALE,"3 - WORN, NOT DAMAGED",C - POSSIBLE INJURY,POINT (-97.74611246 30.31746477),152437206,152581863,0,144897766,False,,West 45th Street,secondary,91.623,,,,,,,,West 45th Street,1.2039266268693973e-05,6.168841183183739e-06
1058,13434969,No,NO,,,FALSE,,,No,12/9/12,N - NOT INJURED,SUNDAY,30.22874712,1 - DAYLIGHT,-97.75828965,ONE MOTOR VEHICLE - TURNING RIGHT,ONE VEHICLE ENTERING DRIVEWAY,,CITY STREET,30,2 - CLOUDY,27,0,W - WHITE,1 - MALE,"3 - WORN, NOT DAMAGED",N - NOT INJURED,POINT (-97.75828965 30.22874712),152702381,152530479,0,462444221,False,2,Woodward Street,tertiary,135.209,,,,,,,,Woodward Street,6.882643775425344e-06,1.4396153347825461e-05
1059,13417060,No,NO,,,FALSE,,,No,7/16/13,B - SUSPECTED MINOR INJURY,TUESDAY,30.21921794,1 - DAYLIGHT,-97.74380878,ONE MOTOR VEHICLE - GOING STRAIGHT,NOT APPLICABLE,,CITY STREET,30,1 - CLEAR,18,0,W - WHITE,1 - MALE,99 - UNKNOWN IF WORN,B - SUSPECTED MINOR INJURY,POINT (-97.74380878 30.21921794),282401350,152702349,0,122865725,False,4,Woodward Street,tertiary,335.031,,,,,,,,Woodward Street,2.458455728833227e-05,1.4396153347825461e-05
1060,14351176,No,NO,,,TRUE,,,No,3/23/15,B - SUSPECTED MINOR INJURY,MONDAY,30.22780479,1 - DAYLIGHT,-97.75630246,ONE MOTOR VEHICLE - GOING STRAIGHT,NOT APPLICABLE,,CITY STREET,25,1 - CLEAR,32,0,H - HISPANIC,1 - MALE,99 - UNKNOWN IF WORN,B - SUSPECTED MINOR INJURY,POINT (-97.75630246 30.22780479),152558340,152659984,0,462444221,False,2,Woodward Street,tertiary,187.5,,,,,,,,Woodward Street,1.1483176417153121e-05,1.4396153347825461e-05
1061,14594740,No,NO,122565,5,TRUE,122565,2019,No,8/13/15,B - SUSPECTED MINOR INJURY,THURSDAY,30.21621469,1 - DAYLIGHT,-97.74402355,ONE MOTOR VEHICLE - TURNING RIGHT,NOT APPLICABLE,3.2,US & STATE HIGHWAYS,40,1 - CLEAR,19,0,B - BLACK,2 - FEMALE,99 - UNKNOWN IF WORN,B - SUSPECTED MINOR INJURY,POINT (-97.74402355 30.21621469),282401350,1873194124,0,"[122865729, 619418843, 619418845]",False,6,Woodward Street,tertiary,99.989,,yes,,,,,,Woodward Street,2.6655065695479535e-07,1.4396153347825461e-05
1062,14677730,No,NO,,,FALSE,,,No,10/3/15,N - NOT INJURED,SATURDAY,30.21849479,1 - DAYLIGHT,-97.74380246,ONE MOTOR VEHICLE - OTHER,"SLOWING/STOPPING - FOR OFFICER, FLAGMAN, OR TRAFFIC CONTROL",,CITY STREET,-1,1 - CLEAR,15,0,W - WHITE,1 - MALE,99 - UNKNOWN IF WORN,N - NOT INJURED,POINT (-97.74380246 30.21849479),152702349,282401350,0,122865725,False,4,Woodward Street,tertiary,335.03099999999995,,,,,,,,Woodward Street,2.5701432865341637e-05,1.4396153347825461e-05
1063,14677730,No,NO,,,FALSE,,,No,10/3/15,N - NOT INJURED,SATURDAY,30.21849479,1 - DAYLIGHT,-97.74380246,ONE MOTOR VEHICLE - OTHER,"SLOWING/STOPPING - FOR OFFICER, FLAGMAN, OR TRAFFIC CONTROL",,CITY STREET,-1,1 - CLEAR,15,0,W - WHITE,1 - MALE,99 - UNKNOWN IF WORN,N - NOT INJURED,POINT (-97.74380246 30.21849479),282401350,152702349,0,122865725,False,4,Woodward Street,tertiary,335.031,,,,,,,,Woodward Street,2.5701432865341637e-05,1.4396153347825461e-05
1064,15731612,Yes,NO,,,TRUE,,,No,4/30/17,B - SUSPECTED MINOR INJURY,SUNDAY,30.22695479,1 - DAYLIGHT,-97.75459246,ONE MOTOR VEHICLE - TURNING LEFT,NOT APPLICABLE,,CITY STREET,35,1 - CLEAR,30,0,W - WHITE,1 - MALE,"4 - WORN, UNK DAMAGE",B - SUSPECTED MINOR INJURY,POINT (-97.75459246 30.22695479),152659984,152702379,0,462444221,False,2,Woodward Street,tertiary,55.383,,,,,,,,Woodward Street,1.7303922766201232e-05,1.4396153347825461e-05
1065,16317615,Yes,NO,,,FALSE,,,No,3/20/18,B - SUSPECTED MINOR INJURY,TUESDAY,30.22807397,1 - DAYLIGHT,-97.75685525,ONE MOTOR VEHICLE - TURNING RIGHT,ONE VEHICLE ENTERING DRIVEWAY,,CITY STREET,35,1 - CLEAR,37,0,B - BLACK,1 - MALE,99 - UNKNOWN IF WORN,B - SUSPECTED MINOR INJURY,POINT (-97.75685525 30.22807397),152558340,152702381,0,462444221,False,2,Woodward Street,tertiary,127.384,,,,,,,,Woodward Street,9.287064156751448e-08,1.4396153347825461e-05
1066,16317615,Yes,NO,,,FALSE,,,No,3/20/18,B - SUSPECTED MINOR INJURY,TUESDAY,30.22807397,1 - DAYLIGHT,-97.75685525,ONE MOTOR VEHICLE - TURNING RIGHT,ONE VEHICLE ENTERING DRIVEWAY,,CITY STREET,35,1 - CLEAR,37,0,B - BLACK,1 - MALE,99 - UNKNOWN IF WORN,B - SUSPECTED MINOR INJURY,POINT (-97.75685525 30.22807397),152702381,152558340,0,462444221,False,2,Woodward Street,tertiary,127.384,,,,,,,,Woodward Street,9.287064156751448e-08,1.4396153347825461e-05
1067,16368432,No,NO,,,FALSE,,,No,4/9/18,B - SUSPECTED MINOR INJURY,MONDAY,30.22363457,1 - DAYLIGHT,-97.74788157,ONE MOTOR VEHICLE - TURNING RIGHT,ONE VEHICLE ENTERING DRIVEWAY,,CITY STREET,35,1 - CLEAR,59,0,W - WHITE,1 - MALE,1 - NOT WORN,B - SUSPECTED MINOR INJURY,POINT (-97.74788157 30.22363457),152436853,1992148734,0,"[619457377, 619457379, 150194021, 462444221, 619457373]",False,"['2', '4', '3']",Woodward Street,tertiary,502.805,,,,,,,,Woodward Street,4.695699309425858e-06,1.4396153347825461e-05
1068,16368432,No,NO,,,FALSE,,,No,4/9/18,B - SUSPECTED MINOR INJURY,MONDAY,30.22363457,1 - DAYLIGHT,-97.74788157,ONE MOTOR VEHICLE - TURNING RIGHT,ONE VEHICLE ENTERING DRIVEWAY,,CITY STREET,35,1 - CLEAR,59,0,W - WHITE,1 - MALE,1 - NOT WORN,B - SUSPECTED MINOR INJURY,POINT (-97.74788157 30.22363457),1992148734,152436853,0,"[619457377, 619457379, 150194021, 462444221, 619457373]",False,"['2', '3', '4']",Woodward Street,tertiary,502.805,,,,,,,,Woodward Street,4.695699309425858e-06,1.4396153347825461e-05
1069,17092380,No,NO,155287,9.6,TRUE,155287,2019,No,5/25/19,B - SUSPECTED MINOR INJURY,SATURDAY,30.22328848,1 - DAYLIGHT,-97.74734329,ONE MOTOR VEHICLE - TURNING LEFT,NOT APPLICABLE,3.2,INTERSTATE,45,1 - CLEAR,54,0,H - HISPANIC,1 - MALE,1 - NOT WORN,B - SUSPECTED MINOR INJURY,POINT (-97.74734329 30.22328848),152453248,152436853,0,"[122865728, 619418839, 619418840, 619418841, 122865721]",False,"['5', '4']",Woodward Street,tertiary,88.60600000000001,,yes,,,,,,Woodward Street,6.074222294915466e-05,1.4396153347825461e-05
1070,18032942,No,NO,155287,9.6,TRUE,155287,2019,No,9/20/19,B - SUSPECTED MINOR INJURY,FRIDAY,30.22328848,1 - DAYLIGHT,-97.74734329,ONE MOTOR VEHICLE - GOING STRAIGHT,ATTENTION DIVERTED FROM DRIVING,3.2,INTERSTATE,50,1 - CLEAR,18,0,W - WHITE,2 - FEMALE,1 - NOT WORN,B - SUSPECTED MINOR INJURY,POINT (-97.74734329 30.22328848),152453248,152436853,0,"[122865728, 619418839, 619418840, 619418841, 122865721]",False,"['5', '4']",Woodward Street,tertiary,88.60600000000001,,yes,,,,,,Woodward Street,6.074222294915466e-05,1.4396153347825461e-05
1071,17524438,No,NO,,,FALSE,,,No,1/20/20,B - SUSPECTED MINOR INJURY,MONDAY,30.22894479,"3 - DARK, LIGHTED",-97.75872246,ONE MOTOR VEHICLE - GOING STRAIGHT,SWERVED OR VEERED-REASON NOT SPECIFIED,,CITY STREET,35,1 - CLEAR,36,0,W - WHITE,1 - MALE,1 - NOT WORN,B - SUSPECTED MINOR INJURY,POINT (-97.75872246 30.22894479),152530479,152702381,0,462444221,False,2,Woodward Street,tertiary,135.209,,,,,,,,Woodward Street,3.5298601825931124e-06,1.4396153347825461e-05
1072,18429591,No,NO,155287,9.6,TRUE,155287,2019,No,8/2/21,C - POSSIBLE INJURY,MONDAY,30.22328848,1 - DAYLIGHT,-97.74734329,ONE MOTOR VEHICLE - GOING STRAIGHT,ATTENTION DIVERTED FROM DRIVING,3.2,INTERSTATE,35,3 - RAIN,45,0,H - HISPANIC,1 - MALE,1 - NOT WORN,C - POSSIBLE INJURY,POINT (-97.74734329 30.22328848),152453248,152436853,0,"[122865728, 619418839, 619418840, 619418841, 122865721]",False,"['5', '4']",Woodward Street,tertiary,88.60600000000001,,yes,,,,,,Woodward Street,6.074222294915466e-05,1.4396153347825461e-05
1073,13110147,No,NO,,,TRUE,,,No,1/23/13,C - POSSIBLE INJURY,WEDNESDAY,30.26394478,"3 - DARK, LIGHTED",-97.72612247,ONE MOTOR VEHICLE - TURNING LEFT,NOT APPLICABLE,,CITY STREET,30,1 - CLEAR,26,0,W - WHITE,2 - FEMALE,"3 - WORN, NOT DAMAGED",C - POSSIBLE INJURY,POINT (-97.72612247 30.26394478),152401946,152681905,0,764461781,False,2,Comal Street,tertiary,109.65,,,,,,,,Comal Street,1.1519263376409721e-05,0.00039277297721916735
1074,14352259,Yes,NO,,,FALSE,,,No,3/15/15,B - SUSPECTED MINOR INJURY,SUNDAY,30.26115946,"3 - DARK, LIGHTED",-97.72740462,ONE MOTOR VEHICLE - GOING STRAIGHT,NOT APPLICABLE,,CITY STREET,30,1 - CLEAR,29,0,W - WHITE,1 - MALE,1 - NOT WORN,B - SUSPECTED MINOR INJURY,POINT (-97.72740462 30.26115946),152496915,152447333,0,"[764462729, 990859318]",False,2,Comal Street,tertiary,106.468,,,,,,,,Comal Street,2.4639998634723823e-05,0.00039277297721916735
1075,14352259,Yes,NO,,,FALSE,,,No,3/15/15,B - SUSPECTED MINOR INJURY,SUNDAY,30.26115946,"3 - DARK, LIGHTED",-97.72740462,ONE MOTOR VEHICLE - GOING STRAIGHT,NOT APPLICABLE,,CITY STREET,30,1 - CLEAR,24,0,W - WHITE,1 - MALE,1 - NOT WORN,B - SUSPECTED MINOR INJURY,POINT (-97.72740462 30.26115946),152496915,152447333,0,"[764462729, 990859318]",False,2,Comal Street,tertiary,106.468,,,,,,,,Comal Street,2.4639998634723823e-05,0.00039277297721916735
1076,16111500,No,NO,,,TRUE,,,No,11/25/17,B - SUSPECTED MINOR INJURY,SATURDAY,30.27309466,"3 - DARK, LIGHTED",-97.72381373,ONE MOTOR VEHICLE - GOING STRAIGHT,NOT APPLICABLE,,CITY STREET,35,1 - CLEAR,38,0,H - HISPANIC,1 - MALE,1 - NOT WORN,B - SUSPECTED MINOR INJURY,POINT (-97.72381373 30.27309466),152724381,152724383,0,15408498,False,2,Comal Street,tertiary,111.844,,,30 mph,,,,,Comal Street,2.138474701707585e-05,0.00039277297721916735