,Crash ID,$1000 Damage to Any One Person's Property,Active School Zone Flag,Adjusted Average Daily Traffic Amount,Adjusted Percentage of Average Daily Traffic For Trucks,At Intersection Flag,Average Daily Traffic Amount,Average Daily Traffic Year,Construction Zone Flag,Crash Date,Crash Severity,Day of Week,Latitude,Light Condition,Longitude,Manner of Collision,Other Factor,Percentage of Single Unit Truck Average Daily Traffic,Road Class,Speed Limit,Weather Condition,Person Age,Person Death Count,Person Ethnicity,Person Gender,Person Helmet,Person Injury Severity,geometry,index_right0,index_right1,index_right2,osmid,oneway,lanes,name,highway,length,ref,bridge,maxspeed,access,tunnel,junction,service,names,distance,Crash Rate
1077,16261794,No,NO,,,TRUE,,,No,2/8/18,B - SUSPECTED MINOR INJURY,THURSDAY,30.26031816,"3 - DARK, LIGHTED",-97.72780996,ONE MOTOR VEHICLE - GOING STRAIGHT,NOT APPLICABLE,,CITY STREET,-1,1 - CLEAR,30,0,W - WHITE,1 - MALE,1 - NOT WORN,B - SUSPECTED MINOR INJURY,POINT (-97.72780996 30.26031816),152496915,152447333,0,"[764462729, 990859318]",False,2,Comal Street,tertiary,106.468,,,,,,,,Comal Street,5.8381082284923504e-06,0.00039277297721916735
1078,16525032,Yes,NO,2546,1.5,FALSE,2546,2019,No,7/17/18,B - SUSPECTED MINOR INJURY,TUESDAY,30.26478923,1 - DAYLIGHT,-97.72574786,ONE MOTOR VEHICLE - GOING STRAIGHT,ATTENTION DIVERTED FROM DRIVING,1.4,US & STATE HIGHWAYS,35,1 - CLEAR,44,0,W - WHITE,1 - MALE,"3 - WORN, NOT DAMAGED",B - SUSPECTED MINOR INJURY,POINT (-97.72574786 30.26478923),152580949,152681905,0,37889389,False,,Comal Street,tertiary,105.027,,,,,,,,Comal Street,4.796552162152097e-06,0.00039277297721916735
1079,18230472,No,NO,,,TRUE,,,Yes,3/16/21,B - SUSPECTED MINOR INJURY,TUESDAY,30.25575478,1 - DAYLIGHT,-97.72991247,ONE MOTOR VEHICLE - TURNING LEFT,CONSTRUCTION - WITHIN POSTED ROAD CONSTRUCTION ZONE (NOT RELATED TO CRASH),,CITY STREET,-1,2 - CLOUDY,34,0,W - WHITE,2 - FEMALE,"3 - WORN, NOT DAMAGED",B - SUSPECTED MINOR INJURY,POINT (-97.72991247 30.25575478),152475273,152533847,0,240181063,False,2,Comal Street,tertiary,104.765,,,,,,,,Comal Street,2.304366453700435e-05,0.00039277297721916735
1080,13187132,No,NO,28635,1.5,TRUE,28635,2019,No,3/13/13,B - SUSPECTED MINOR INJURY,WEDNESDAY,30.26303981,1 - DAYLIGHT,-97.74318029,ONE MOTOR VEHICLE - TURNING LEFT,NOT APPLICABLE,1.3,US & STATE HIGHWAYS,35,1 - CLEAR,42,0,W - WHITE,1 - MALE,1 - NOT WORN,B - SUSPECTED MINOR INJURY,POINT (-97.74318029 30.26303981),152414760,152620558,0,"[1021936034, 32065527]",False,,Brazos Street,residential,107.894,,,,,,,,Brazos Street,2.566234096311589e-05,3.492229788720098e-05
1081,13554912,No,NO,,,TRUE,,,No,10/7/13,C - POSSIBLE INJURY,MONDAY,30.26674478,"3 - DARK, LIGHTED",-97.74182246,ONE MOTOR VEHICLE - GOING STRAIGHT,NOT APPLICABLE,,CITY STREET,30,1 - CLEAR,28,0,W - WHITE,1 - MALE,1 - NOT WORN,C - POSSIBLE INJURY,POINT (-97.74182246 30.26674478),152447353,152516640,0,1021936033,False,,Brazos Street,residential,109.32,,,,,,,,Brazos Street,1.1558249018589912e-06,3.492229788720098e-05
1082,13637293,No,NO,,,TRUE,,,No,10/18/13,B - SUSPECTED MINOR INJURY,FRIDAY,30.26768478,1 - DAYLIGHT,-97.74147246,ONE MOTOR VEHICLE - GOING STRAIGHT,NOT APPLICABLE,,CITY STREET,-1,1 - CLEAR,,0,W - WHITE,2 - FEMALE,1 - NOT WORN,B - SUSPECTED MINOR INJURY,POINT (-97.74147246 30.26768478),152401899,152516640,0,"[207524116, 204998668]",False,,Brazos Street,residential,109.068,,,,,,,,Brazos Street,3.714857098913961e-07,3.492229788720098e-05
1083,13835652,No,NO,,,TRUE,,,No,5/12/14,C - POSSIBLE INJURY,MONDAY,30.26768478,"3 - DARK, LIGHTED",-97.74147246,ONE MOTOR VEHICLE - GOING STRAIGHT,NOT APPLICABLE,,CITY STREET,-1,1 - CLEAR,40,0,W - WHITE,1 - MALE,"3 - WORN, NOT DAMAGED",C - POSSIBLE INJURY,POINT (-97.74147246 30.26768478),152401899,152516640,0,"[207524116, 204998668]",False,,Brazos Street,residential,109.068,,,,,,,,Brazos Street,3.714857098913961e-07,3.492229788720098e-05
1084,14784752,Yes,NO,,,FALSE,,,No,11/23/15,A - SUSPECTED SERIOUS INJURY,MONDAY,30.26386305,"3 - DARK, LIGHTED",-97.74289348,ONE MOTOR VEHICLE - GOING STRAIGHT,NOT APPLICABLE,,CITY STREET,-1,1 - CLEAR,32,0,W - WHITE,1 - MALE,"2 - WORN, DAMAGED",A - SUSPECTED SERIOUS INJURY,POINT (-97.74289348 30.26386305),152620558,152414760,0,"[1021936034, 32065527]",False,,Brazos Street,residential,107.894,,,,,,,,Brazos Street,4.963715048697861e-06,3.492229788720098e-05
1085,15693943,Yes,NO,,,FALSE,,,No,4/7/17,B - SUSPECTED MINOR INJURY,FRIDAY,30.26761952,"3 - DARK, LIGHTED",-97.7414967,ONE MOTOR VEHICLE - GOING STRAIGHT,NOT APPLICABLE,,CITY STREET,30,1 - CLEAR,40,0,W - WHITE,1 - MALE,1 - NOT WORN,N - NOT INJURED,POINT (-97.7414967 30.26761952),152516640,152401899,0,"[204998668, 207524116]",False,,Brazos Street,residential,109.06800000000001,,,,,,,,Brazos Street,1.4712919592307468e-06,3.492229788720098e-05
1086,15766823,No,NO,,,TRUE,,,No,5/12/17,B - SUSPECTED MINOR INJURY,FRIDAY,30.26578478,1 - DAYLIGHT,-97.74217246,ONE MOTOR VEHICLE - GOING STRAIGHT,ONE VEHICLE LEAVING DRIVEWAY,,CITY STREET,35,1 - CLEAR,46,0,W - WHITE,1 - MALE,1 - NOT WORN,B - SUSPECTED MINOR INJURY,POINT (-97.74217246 30.26578478),152496940,152447353,0,1021936033,False,,Brazos Street,residential,109.057,,,,,,,,Brazos Street,7.621006136631655e-06,3.492229788720098e-05
1087,16336656,No,NO,,,FALSE,,,No,2/15/18,C - POSSIBLE INJURY,THURSDAY,30.26500593,1 - DAYLIGHT,-97.74244635,ONE MOTOR VEHICLE - GOING STRAIGHT,NOT APPLICABLE,,OTHER ROADS,35,1 - CLEAR,36,0,B - BLACK,1 - MALE,1 - NOT WORN,C - POSSIBLE INJURY,POINT (-97.74244635 30.26500593),152447353,152496940,0,1021936033,False,,Brazos Street,residential,109.057,,,,,,,,Brazos Street,2.3965652295852056e-05,3.492229788720098e-05
1088,16594642,No,NO,,,TRUE,,,No,8/23/18,N - NOT INJURED,THURSDAY,30.26953478,1 - DAYLIGHT,-97.74080246,ONE MOTOR VEHICLE - TURNING RIGHT,NOT APPLICABLE,,CITY STREET,-1,1 - CLEAR,27,0,B - BLACK,1 - MALE,"3 - WORN, NOT DAMAGED",N - NOT INJURED,POINT (-97.74080246 30.26953478),152620569,152580985,0,204998669,True,2,Brazos Street,residential,107.381,,,,,,,,Brazos Street,4.339610195622364e-07,3.492229788720098e-05
1089,18072323,No,NO,,,FALSE,,,No,1/17/21,C - POSSIBLE INJURY,SUNDAY,30.2644857,1 - DAYLIGHT,-97.74264647,ONE MOTOR VEHICLE - GOING STRAIGHT,ONE VEHICLE LEAVING DRIVEWAY,,CITY STREET,-1,1 - CLEAR,40,0,W - WHITE,1 - MALE,1 - NOT WORN,C - POSSIBLE INJURY,POINT (-97.74264647 30.2644857),152496940,152620558,0,1021936033,False,,Brazos Street,residential,111.00999999999999,,,,,,,,Brazos Street,1.977224730455811e-05,3.492229788720098e-05
1090,18072323,No,NO,,,FALSE,,,No,1/17/21,C - POSSIBLE INJURY,SUNDAY,30.2644857,1 - DAYLIGHT,-97.74264647,ONE MOTOR VEHICLE - GOING STRAIGHT,ONE VEHICLE LEAVING DRIVEWAY,,CITY STREET,-1,1 - CLEAR,40,0,W - WHITE,1 - MALE,1 - NOT WORN,C - POSSIBLE INJURY,POINT (-97.74264647 30.2644857),152620558,152496940,0,1021936033,False,,Brazos Street,residential,111.01,,,,,,,,Brazos Street,1.977224730455811e-05,3.492229788720098e-05
1091,13664293,No,NO,39364,3.3,TRUE,39364,2019,No,3/20/13,B - SUSPECTED MINOR INJURY,WEDNESDAY,30.40377159,1 - DAYLIGHT,-97.85397228,ONE MOTOR VEHICLE - GOING STRAIGHT,NOT APPLICABLE,2.3,FARM TO MARKET,55,1 - CLEAR,25,0,W - WHITE,1 - MALE,99 - UNKNOWN IF WORN,B - SUSPECTED MINOR INJURY,POINT (-97.85397228 30.40377159),152506285,5639778780,0,996598797,False,5,Ranch to Market Road 2222,primary,52.047000000000004,RM 2222,,40 mph,,,,,Ranch to Market Road 2222,1.4117331446035942e-05,5.101650383899191e-05
1092,13862591,Yes,NO,39042,3.3,FALSE,39042,2019,No,5/31/14,B - SUSPECTED MINOR INJURY,SATURDAY,30.3955689,1 - DAYLIGHT,-97.84695716,ONE MOTOR VEHICLE - TURNING LEFT,ONE VEHICLE ENTERING DRIVEWAY,2.3,FARM TO MARKET,-1,1 - CLEAR,46,0,W - WHITE,1 - MALE,"2 - WORN, DAMAGED",B - SUSPECTED MINOR INJURY,POINT (-97.84695716 30.3955689),1652458391,9137190588,0,"[436638289, 436638290, 436638293, 352665501]",False,"['5', '6']",Ranch to Market Road 2222,primary,513.021,RM 2222,,"['45 mph', '50 mph']",,,,,Ranch to Market Road 2222,1.1581119088799621e-05,5.101650383899191e-05
1093,15761441,No,NO,39042,3.3,FALSE,39042,2019,No,5/12/17,C - POSSIBLE INJURY,FRIDAY,30.40367527,1 - DAYLIGHT,-97.85382508,ONE MOTOR VEHICLE - GOING STRAIGHT,NOT APPLICABLE,2.3,FARM TO MARKET,50,1 - CLEAR,56,0,W - WHITE,1 - MALE,"3 - WORN, NOT DAMAGED",C - POSSIBLE INJURY,POINT (-97.85382508 30.40367527),152506285,5639778780,0,996598797,False,5,Ranch to Market Road 2222,primary,52.047000000000004,RM 2222,,40 mph,,,,,Ranch to Market Road 2222,2.0684731001827548e-05,5.101650383899191e-05
1094,17497437,Yes,NO,39364,3.3,TRUE,39364,2019,No,1/4/20,B - SUSPECTED MINOR INJURY,SATURDAY,30.40377461,1 - DAYLIGHT,-97.8539708,ONE MOTOR VEHICLE - TURNING RIGHT,NOT APPLICABLE,2.3,CITY STREET,55,1 - CLEAR,32,0,W - WHITE,1 - MALE,"3 - WORN, NOT DAMAGED",B - SUSPECTED MINOR INJURY,POINT (-97.8539708 30.40377461),152506285,5639778780,0,996598797,False,5,Ranch to Market Road 2222,primary,52.047000000000004,RM 2222,,40 mph,,,,,Ranch to Market Road 2222,1.7436937544861963e-05,5.101650383899191e-05
1095,18589885,Yes,NO,,,TRUE,,,No,11/13/21,B - SUSPECTED MINOR INJURY,SATURDAY,30.40350599,1 - DAYLIGHT,-97.85361828,ONE MOTOR VEHICLE - TURNING RIGHT,NOT APPLICABLE,,CITY STREET,45,1 - CLEAR,35,0,W - WHITE,1 - MALE,"4 - WORN, UNK DAMAGE",B - SUSPECTED MINOR INJURY,POINT (-97.85361828 30.40350599),5639778780,152506285,0,996598797,False,5,Ranch to Market Road 2222,primary,52.047000000000004,RM 2222,,40 mph,,,,,Ranch to Market Road 2222,2.2075531928348283e-06,5.101650383899191e-05
1096,13389335,No,NO,,,FALSE,,,No,4/21/13,C - POSSIBLE INJURY,SUNDAY,30.37181608,1 - DAYLIGHT,-97.71541341,ONE MOTOR VEHICLE - GOING STRAIGHT,ATTENTION DIVERTED FROM DRIVING,,CITY STREET,0,2 - CLOUDY,64,0,B - BLACK,1 - MALE,1 - NOT WORN,C - POSSIBLE INJURY,POINT (-97.71541341 30.37181608),281368045,281368046,0,655477624,True,,West Rundberg Lane,secondary,294.327,,,,,,,,West Rundberg Lane,1.4665567161943174e-05,2.8506271379703534e-05
1097,13393141,No,NO,35080,1.2,TRUE,35080,2019,No,5/28/13,N - NOT INJURED,TUESDAY,30.36316179,1 - DAYLIGHT,-97.6969604,ONE MOTOR VEHICLE - TURNING RIGHT,ATTENTION DIVERTED FROM DRIVING,1.2,US & STATE HIGHWAYS,45,1 - CLEAR,56,0,H - HISPANIC,1 - MALE,1 - NOT WORN,N - NOT INJURED,POINT (-97.6969604 30.36316179),4344959675,152550628,0,"[436614954, 1046085862]",True,3,West Rundberg Lane,secondary,68.825,,,,,,,,West Rundberg Lane,1.6135309467658e-06,2.8506271379703534e-05
1098,14537097,No,NO,,,FALSE,,,No,7/2/15,B - SUSPECTED MINOR INJURY,THURSDAY,30.36317322,1 - DAYLIGHT,-97.69730305,ONE MOTOR VEHICLE - GOING STRAIGHT,ONE VEHICLE LEAVING DRIVEWAY,,CITY STREET,-1,1 - CLEAR,26,0,W - WHITE,2 - FEMALE,1 - NOT WORN,B - SUSPECTED MINOR INJURY,POINT (-97.69730305 30.36317322),281368056,281368057,0,"[436614956, 31976238, 969990926, 655477614, 31976239]",True,4,West Rundberg Lane,secondary,317.02,,yes,,,,,,West Rundberg Lane,2.7006050610304595e-05,2.8506271379703534e-05
1099,15770203,No,NO,,,FALSE,,,No,5/21/17,C - POSSIBLE INJURY,SUNDAY,30.36447456,1 - DAYLIGHT,-97.70001587,ONE MOTOR VEHICLE - TURNING LEFT,NOT APPLICABLE,,CITY STREET,35,2 - CLOUDY,22,0,H - HISPANIC,1 - MALE,1 - NOT WORN,C - POSSIBLE INJURY,POINT (-97.70001587 30.36447456),281368055,281368056,0,655477614,True,,West Rundberg Lane,secondary,191.662,,,,,,,,West Rundberg Lane,1.8867931241192253e-05,2.8506271379703534e-05
1100,16946166,Yes,NO,,,FALSE,,,No,3/1/19,A - SUSPECTED SERIOUS INJURY,FRIDAY,30.37404985,1 - DAYLIGHT,-97.71952841,ONE MOTOR VEHICLE - GOING STRAIGHT,NOT APPLICABLE,,CITY STREET,35,1 - CLEAR,56,0,W - WHITE,1 - MALE,1 - NOT WORN,A - SUSPECTED SERIOUS INJURY,POINT (-97.71952841 30.37404985),281367673,152688135,0,204869554,True,,West Rundberg Lane,secondary,266.178,,,,,,,,West Rundberg Lane,9.22332798604318e-06,2.8506271379703534e-05
1101,13245020,No,NO,,,FALSE,,,No,4/23/13,B - SUSPECTED MINOR INJURY,TUESDAY,30.20697252,"3 - DARK, LIGHTED",-97.85980178,ONE MOTOR VEHICLE - GOING STRAIGHT,NOT APPLICABLE,,CITY STREET,40,2 - CLOUDY,48,0,W - WHITE,99 - UNKNOWN,99 - UNKNOWN IF WORN,B - SUSPECTED MINOR INJURY,POINT (-97.85980178 30.20697252),152496238,152496476,0,"[996169672, 983094315]",True,2,Davis Lane,secondary,267.179,,,40 mph,yes,,,,Davis Lane,5.135981283743508e-06,2.144082332761578e-05
1102,14114030,No,NO,,,FALSE,,,No,10/25/14,A - SUSPECTED SERIOUS INJURY,SATURDAY,30.2042061,"2 - DARK, NOT LIGHTED",-97.85874831,ONE MOTOR VEHICLE - GOING STRAIGHT,VISION OBSTRUCTED BY OTHER VISUAL OBSTRUCTIONS,,COUNTY ROAD,40,1 - CLEAR,36,0,W - WHITE,1 - MALE,99 - UNKNOWN IF WORN,A - SUSPECTED SERIOUS INJURY,POINT (-97.85874831 30.2042061),152496455,152496230,0,"[659713698, 983094683]",True,"['2', '3']",Davis Lane,secondary,163.09599999999998,,,,yes,,,,Davis Lane,3.2487963353456746e-06,2.144082332761578e-05
1103,15131449,No,NO,,,TRUE,,,No,5/26/16,B - SUSPECTED MINOR INJURY,THURSDAY,30.1953048,1 - DAYLIGHT,-97.84229244,ONE MOTOR VEHICLE - GOING STRAIGHT,NOT APPLICABLE,,CITY STREET,45,2 - CLOUDY,16,0,W - WHITE,2 - FEMALE,"3 - WORN, NOT DAMAGED",B - SUSPECTED MINOR INJURY,POINT (-97.84229244 30.1953048),4164639332,4501473277,0,415407324,True,2,Davis Lane,secondary,12.37,,,40 mph,,,,,Davis Lane,1.043751954807195e-05,2.144082332761578e-05
1104,18221171,Yes,NO,46640,3.1,TRUE,46640,2019,No,4/24/21,A - SUSPECTED SERIOUS INJURY,SATURDAY,30.2080029,1 - DAYLIGHT,-97.86111481,ONE MOTOR VEHICLE - TURNING LEFT,ATTENTION DIVERTED FROM DRIVING,2.5,US & STATE HIGHWAYS,35,1 - CLEAR,64,0,W - WHITE,1 - MALE,1 - NOT WORN,A - SUSPECTED SERIOUS INJURY,POINT (-97.86111481 30.2080029),282596236,282596005,0,"[414828065, 978141539]",True,"['2', '3']",Davis Lane,secondary,129.881,,,,,,,,Davis Lane,1.4892487743660404e-05,2.144082332761578e-05
1105,13300788,Yes,NO,,,TRUE,,,No,4/29/13,B - SUSPECTED MINOR INJURY,MONDAY,30.34304476,1 - DAYLIGHT,-97.72504246,ONE MOTOR VEHICLE - TURNING RIGHT,ONE VEHICLE ENTERING DRIVEWAY,,CITY STREET,0,1 - CLEAR,27,0,W - WHITE,1 - MALE,"3 - WORN, NOT DAMAGED",B - SUSPECTED MINOR INJURY,POINT (-97.72504246 30.34304476),152650512,152464235,0,644627994,False,2,Woodrow Avenue,tertiary,100.142,,,,,,,,Woodrow Avenue,9.512131248233353e-07,3.105879429760537e-05
1106,13300788,Yes,NO,,,TRUE,,,No,4/29/13,B - SUSPECTED MINOR INJURY,MONDAY,30.34304476,1 - DAYLIGHT,-97.72504246,ONE MOTOR VEHICLE - TURNING RIGHT,ONE VEHICLE ENTERING DRIVEWAY,,CITY STREET,0,1 - CLEAR,27,0,W - WHITE,1 - MALE,"3 - WORN, NOT DAMAGED",B - SUSPECTED MINOR INJURY,POINT (-97.72504246 30.34304476),152464235,152650512,0,644627994,False,2,Woodrow Avenue,tertiary,100.14200000000001,,,,,,,,Woodrow Avenue,9.512131248233353e-07,3.105879429760537e-05
1107,14479309,No,NO,32197,3.6,TRUE,32197,2019,No,6/3/15,C - POSSIBLE INJURY,WEDNESDAY,30.33089504,1 - DAYLIGHT,-97.73156815,ONE MOTOR VEHICLE - TURNING LEFT,ATTENTION DIVERTED FROM DRIVING,2.4,FARM TO MARKET,35,1 - CLEAR,21,0,W - WHITE,1 - MALE,"3 - WORN, NOT DAMAGED",C - POSSIBLE INJURY,POINT (-97.73156815 30.33089504),152596331,152650498,0,452950527,False,2,Woodrow Avenue,tertiary,99.484,,,,,,,,Woodrow Avenue,4.4591959662784015e-06,3.105879429760537e-05
1108,13326850,No,NO,24757,2.7,TRUE,24757,2019,No,5/14/13,B - SUSPECTED MINOR INJURY,TUESDAY,30.18087117,1 - DAYLIGHT,-97.88174628,ONE MOTOR VEHICLE - TURNING LEFT,NOT APPLICABLE,2.3,US & STATE HIGHWAYS,65,1 - CLEAR,43,0,W - WHITE,1 - MALE,"4 - WORN, UNK DAMAGE",B - SUSPECTED MINOR INJURY,POINT (-97.88174628 30.18087117),1374991343,1374991349,0,955515794,False,5,South Bay Lane,tertiary,139.545,,,,,,,,South Bay Lane,2.6076088082071502e-05,4.03926162297532e-05
1109,13292191,Yes,NO,18781,1.8,TRUE,18781,2019,No,5/16/13,A - SUSPECTED SERIOUS INJURY,THURSDAY,30.27686041,"3 - DARK, LIGHTED",-97.70033939,ONE MOTOR VEHICLE - TURNING LEFT,NOT APPLICABLE,1.6,US & STATE HIGHWAYS,0,1 - CLEAR,27,0,W - WHITE,1 - MALE,1 - NOT WORN,A - SUSPECTED SERIOUS INJURY,POINT (-97.70033939 30.27686041),152386339,152710279,0,152432172,False,,East 12th Street,tertiary,161.812,,,,,,,,East 12th Street,1.1614118977660912e-06,5.324530110217773e-05
1110,13705373,No,NO,,,TRUE,,,No,2/13/14,B - SUSPECTED MINOR INJURY,THURSDAY,30.27713478,1 - DAYLIGHT,-97.69867247,ONE MOTOR VEHICLE - GOING STRAIGHT,VISION OBSTRUCTED BY HEADLIGHT OR SUN GLARE,,CITY STREET,30,1 - CLEAR,,0,A - ASIAN,2 - FEMALE,1 - NOT WORN,B - SUSPECTED MINOR INJURY,POINT (-97.69867247 30.27713478),152710279,152753014,0,152432172,False,,East 12th Street,tertiary,132.295,,,,,,,,East 12th Street,7.5340483424836385e-06,5.324530110217773e-05
1111,13976497,No,NO,,,TRUE,,,No,8/1/14,B - SUSPECTED MINOR INJURY,FRIDAY,30.27686478,1 - DAYLIGHT,-97.70033247,ONE MOTOR VEHICLE - TURNING LEFT,NOT APPLICABLE,,CITY STREET,30,2 - CLOUDY,,0,B - BLACK,1 - MALE,1 - NOT WORN,B - SUSPECTED MINOR INJURY,POINT (-97.70033247 30.27686478),152386339,152710279,0,152432172,False,,East 12th Street,tertiary,161.812,,,,,,,,East 12th Street,2.0296030811234416e-06,5.324530110217773e-05
1112,14504718,Yes,NO,,,TRUE,,,No,6/4/15,B - SUSPECTED MINOR INJURY,THURSDAY,30.27375478,1 - DAYLIGHT,-97.71989247,ONE MOTOR VEHICLE - TURNING LEFT,ATTENTION DIVERTED FROM DRIVING,,CITY STREET,35,1 - CLEAR,23,0,98 - OTHER,1 - MALE,"3 - WORN, NOT DAMAGED",B - SUSPECTED MINOR INJURY,POINT (-97.71989247 30.27375478),152444426,152591874,0,772564123,False,2,East 12th Street,tertiary,99.372,,,30 mph,,,,,East 12th Street,1.4720656004008147e-05,5.324530110217773e-05
1113,14504718,Yes,NO,,,TRUE,,,No,6/4/15,B - SUSPECTED MINOR INJURY,THURSDAY,30.27375478,1 - DAYLIGHT,-97.71989247,ONE MOTOR VEHICLE - TURNING LEFT,ATTENTION DIVERTED FROM DRIVING,,CITY STREET,35,1 - CLEAR,23,0,98 - OTHER,1 - MALE,"3 - WORN, NOT DAMAGED",B - SUSPECTED MINOR INJURY,POINT (-97.71989247 30.27375478),152591874,152444426,0,772564123,False,2,East 12th Street,tertiary,99.37200000000001,,,30 mph,,,,,East 12th Street,1.4720656004008147e-05,5.324530110217773e-05
1114,15210162,Yes,NO,,,TRUE,,,No,7/4/16,A - SUSPECTED SERIOUS INJURY,MONDAY,30.27686478,"3 - DARK, LIGHTED",-97.70033247,ONE MOTOR VEHICLE - TURNING LEFT,NOT APPLICABLE,,CITY STREET,-1,1 - CLEAR,35,0,W - WHITE,1 - MALE,1 - NOT WORN,A - SUSPECTED SERIOUS INJURY,POINT (-97.70033247 30.27686478),152386339,152710279,0,152432172,False,,East 12th Street,tertiary,161.812,,,,,,,,East 12th Street,2.0296030811234416e-06,5.324530110217773e-05
1115,15381695,No,NO,,,FALSE,,,No,10/14/16,B - SUSPECTED MINOR INJURY,FRIDAY,30.27855966,"2 - DARK, NOT LIGHTED",-97.68955372,ONE MOTOR VEHICLE - TURNING LEFT,ONE VEHICLE ENTERING DRIVEWAY,,CITY STREET,35,2 - CLOUDY,46,0,W - WHITE,1 - MALE,1 - NOT WORN,B - SUSPECTED MINOR INJURY,POINT (-97.68955372 30.27855966),152429782,152746645,0,152432172,False,,East 12th Street,tertiary,248.707,,,,,,,,East 12th Street,3.7767345072353868e-06,5.324530110217773e-05
1116,15745416,No,NO,,,TRUE,,,No,5/5/17,B - SUSPECTED MINOR INJURY,FRIDAY,30.27686478,1 - DAYLIGHT,-97.70033247,ONE MOTOR VEHICLE - TURNING LEFT,ATTENTION DIVERTED FROM DRIVING,,CITY STREET,-1,1 - CLEAR,24,0,W - WHITE,2 - FEMALE,"3 - WORN, NOT DAMAGED",B - SUSPECTED MINOR INJURY,POINT (-97.70033247 30.27686478),152386339,152710279,0,152432172,False,,East 12th Street,tertiary,161.812,,,,,,,,East 12th Street,2.0296030811234416e-06,5.324530110217773e-05
1117,15866864,No,NO,,,TRUE,,,No,7/6/17,B - SUSPECTED MINOR INJURY,THURSDAY,30.27342478,1 - DAYLIGHT,-97.72193247,ONE MOTOR VEHICLE - TURNING RIGHT,ONE VEHICLE ENTERING DRIVEWAY,,CITY STREET,5,1 - CLEAR,44,0,B - BLACK,1 - MALE,1 - NOT WORN,B - SUSPECTED MINOR INJURY,POINT (-97.72193247 30.27342478),152457926,152634860,0,772564123,False,2,East 12th Street,tertiary,105.85899999999998,,,30 mph,,,,,East 12th Street,1.4677890117324468e-05,5.324530110217773e-05
1118,15866864,No,NO,,,TRUE,,,No,7/6/17,B - SUSPECTED MINOR INJURY,THURSDAY,30.27342478,1 - DAYLIGHT,-97.72193247,ONE MOTOR VEHICLE - TURNING RIGHT,ONE VEHICLE ENTERING DRIVEWAY,,CITY STREET,5,1 - CLEAR,44,0,B - BLACK,1 - MALE,1 - NOT WORN,B - SUSPECTED MINOR INJURY,POINT (-97.72193247 30.27342478),152634860,152457926,0,772564123,False,2,East 12th Street,tertiary,105.859,,,30 mph,,,,,East 12th Street,1.4677890117324468e-05,5.324530110217773e-05
1119,16188490,Yes,NO,18781,1.8,TRUE,18781,2019,No,11/20/17,B - SUSPECTED MINOR INJURY,MONDAY,30.27686041,1 - DAYLIGHT,-97.70033939,ONE MOTOR VEHICLE - GOING STRAIGHT,NOT APPLICABLE,1.6,US & STATE HIGHWAYS,45,1 - CLEAR,26,0,H - HISPANIC,1 - MALE,1 - NOT WORN,B - SUSPECTED MINOR INJURY,POINT (-97.70033939 30.27686041),152386339,152710279,0,152432172,False,,East 12th Street,tertiary,161.812,,,,,,,,East 12th Street,1.1614118977660912e-06,5.324530110217773e-05
1120,16399371,No,NO,,,TRUE,,,No,5/9/18,B - SUSPECTED MINOR INJURY,WEDNESDAY,30.27313478,1 - DAYLIGHT,-97.72382247,ONE MOTOR VEHICLE - TURNING RIGHT,NOT APPLICABLE,,CITY STREET,35,2 - CLOUDY,24,0,W - WHITE,2 - FEMALE,"3 - WORN, NOT DAMAGED",B - SUSPECTED MINOR INJURY,POINT (-97.72382247 30.27313478),152724383,152634860,0,772564123,False,2,East 12th Street,tertiary,183.97899999999998,,,30 mph,,,,,East 12th Street,1.1605502813256853e-05,5.324530110217773e-05
1121,16399371,No,NO,,,TRUE,,,No,5/9/18,B - SUSPECTED MINOR INJURY,WEDNESDAY,30.27313478,1 - DAYLIGHT,-97.72382247,ONE MOTOR VEHICLE - TURNING RIGHT,NOT APPLICABLE,,CITY STREET,35,2 - CLOUDY,24,0,W - WHITE,2 - FEMALE,"3 - WORN, NOT DAMAGED",B - SUSPECTED MINOR INJURY,POINT (-97.72382247 30.27313478),152634860,152724383,0,772564123,False,2,East 12th Street,tertiary,183.97899999999998,,,30 mph,,,,,East 12th Street,1.1605502813256853e-05,5.324530110217773e-05
1122,16615400,No,NO,,,FALSE,,,No,9/7/18,B - SUSPECTED MINOR INJURY,FRIDAY,30.27294478,1 - DAYLIGHT,-97.72494246,ONE MOTOR VEHICLE - TURNING RIGHT,ONE VEHICLE ENTERING DRIVEWAY,,CITY STREET,30,2 - CLOUDY,25,0,W - WHITE,1 - MALE,"3 - WORN, NOT DAMAGED",B - SUSPECTED MINOR INJURY,POINT (-97.72494246 30.27294478),152450388,152724383,0,772564123,False,2,East 12th Street,tertiary,110.57500000000002,,,30 mph,,,,,East 12th Street,1.755776438086841e-05,5.324530110217773e-05