,Crash ID,$1000 Damage to Any One Person's Property,Active School Zone Flag,Adjusted Average Daily Traffic Amount,Adjusted Percentage of Average Daily Traffic For Trucks,At Intersection Flag,Average Daily Traffic Amount,Average Daily Traffic Year,Construction Zone Flag,Crash Date,Crash Severity,Day of Week,Latitude,Light Condition,Longitude,Manner of Collision,Other Factor,Percentage of Single Unit Truck Average Daily Traffic,Road Class,Speed Limit,Weather Condition,Person Age,Person Death Count,Person Ethnicity,Person Gender,Person Helmet,Person Injury Severity,geometry,index_right0,index_right1,index_right2,osmid,oneway,lanes,name,highway,length,ref,bridge,maxspeed,access,tunnel,junction,service,names,distance,Crash Rate
1123,16615400,No,NO,,,FALSE,,,No,9/7/18,B - SUSPECTED MINOR INJURY,FRIDAY,30.27294478,1 - DAYLIGHT,-97.72494246,ONE MOTOR VEHICLE - TURNING RIGHT,ONE VEHICLE ENTERING DRIVEWAY,,CITY STREET,30,2 - CLOUDY,25,0,W - WHITE,1 - MALE,"3 - WORN, NOT DAMAGED",B - SUSPECTED MINOR INJURY,POINT (-97.72494246 30.27294478),152724383,152450388,0,772564123,False,2,East 12th Street,tertiary,110.57500000000002,,,30 mph,,,,,East 12th Street,1.755776438086841e-05,5.324530110217773e-05
1124,16716067,Yes,NO,,,TRUE,,,No,10/30/18,A - SUSPECTED SERIOUS INJURY,TUESDAY,30.27423978,1 - DAYLIGHT,-97.71686247,ONE MOTOR VEHICLE - TURNING LEFT,VISION OBSTRUCTED BY HEADLIGHT OR SUN GLARE,,CITY STREET,35,1 - CLEAR,31,0,W - WHITE,1 - MALE,1 - NOT WORN,A - SUSPECTED SERIOUS INJURY,POINT (-97.71686247 30.27423978),152522834,152510953,0,772564123,False,2,East 12th Street,tertiary,96.91499999999999,,,30 mph,,,,,East 12th Street,7.64706679111882e-06,5.324530110217773e-05
1125,16839371,No,NO,,,FALSE,,,No,1/8/19,C - POSSIBLE INJURY,TUESDAY,30.27568883,1 - DAYLIGHT,-97.70786589,ONE MOTOR VEHICLE - GOING STRAIGHT,NOT APPLICABLE,,CITY STREET,-1,1 - CLEAR,73,0,B - BLACK,1 - MALE,1 - NOT WORN,C - POSSIBLE INJURY,POINT (-97.70786589 30.27568883),152654707,2505319831,0,152432172,False,,East 12th Street,tertiary,30.723,,,,,,,,East 12th Street,7.400945565612315e-06,5.324530110217773e-05
1126,16839371,No,NO,,,FALSE,,,No,1/8/19,C - POSSIBLE INJURY,TUESDAY,30.27568883,1 - DAYLIGHT,-97.70786589,ONE MOTOR VEHICLE - GOING STRAIGHT,NOT APPLICABLE,,CITY STREET,-1,1 - CLEAR,73,0,B - BLACK,1 - MALE,1 - NOT WORN,C - POSSIBLE INJURY,POINT (-97.70786589 30.27568883),2505319831,152654707,0,152432172,False,,East 12th Street,tertiary,30.723,,,,,,,,East 12th Street,7.400945565612315e-06,5.324530110217773e-05
1127,16967233,Yes,NO,,,FALSE,,,No,3/13/19,A - SUSPECTED SERIOUS INJURY,WEDNESDAY,30.2773288,1 - DAYLIGHT,-97.69750831,ONE MOTOR VEHICLE - GOING STRAIGHT,ATTENTION DIVERTED FROM DRIVING,,CITY STREET,35,3 - RAIN,25,0,W - WHITE,2 - FEMALE,1 - NOT WORN,A - SUSPECTED SERIOUS INJURY,POINT (-97.69750831 30.2773288),152753014,152710279,0,152432172,False,,East 12th Street,tertiary,132.295,,,,,,,,East 12th Street,5.863962505182042e-06,5.324530110217773e-05
1128,16967233,Yes,NO,,,FALSE,,,No,3/13/19,A - SUSPECTED SERIOUS INJURY,WEDNESDAY,30.2773288,1 - DAYLIGHT,-97.69750831,ONE MOTOR VEHICLE - GOING STRAIGHT,ATTENTION DIVERTED FROM DRIVING,,CITY STREET,35,3 - RAIN,25,0,W - WHITE,2 - FEMALE,1 - NOT WORN,A - SUSPECTED SERIOUS INJURY,POINT (-97.69750831 30.2773288),152710279,152753014,0,152432172,False,,East 12th Street,tertiary,132.295,,,,,,,,East 12th Street,5.863962505182042e-06,5.324530110217773e-05
1129,17045655,Yes,NO,,,TRUE,,,No,4/25/19,B - SUSPECTED MINOR INJURY,THURSDAY,30.27563478,1 - DAYLIGHT,-97.70818247,ONE MOTOR VEHICLE - TURNING RIGHT,ATTENTION DIVERTED FROM DRIVING,,CITY STREET,-1,1 - CLEAR,19,0,W - WHITE,1 - MALE,1 - NOT WORN,B - SUSPECTED MINOR INJURY,POINT (-97.70818247 30.27563478),2932105837,2505319831,0,152432172,False,,East 12th Street,tertiary,11.078,,,,,,,,East 12th Street,6.320243583371329e-06,5.324530110217773e-05
1130,17052303,No,NO,,,TRUE,,,No,5/2/19,C - POSSIBLE INJURY,THURSDAY,30.27438478,1 - DAYLIGHT,-97.71595247,ONE MOTOR VEHICLE - TURNING RIGHT,ATTENTION DIVERTED FROM DRIVING,,CITY STREET,35,3 - RAIN,22,0,W - WHITE,1 - MALE,"3 - WORN, NOT DAMAGED",C - POSSIBLE INJURY,POINT (-97.71595247 30.27438478),152510953,2290018050,0,772564123,False,2,East 12th Street,tertiary,32.55,,,30 mph,,,,,East 12th Street,6.342468025415268e-06,5.324530110217773e-05
1131,17207197,No,NO,18781,1.8,TRUE,18781,2019,No,7/30/19,B - SUSPECTED MINOR INJURY,TUESDAY,30.27686041,"3 - DARK, LIGHTED",-97.70033939,ONE MOTOR VEHICLE - TURNING LEFT,NOT APPLICABLE,1.6,CITY STREET,35,1 - CLEAR,23,0,H - HISPANIC,1 - MALE,1 - NOT WORN,B - SUSPECTED MINOR INJURY,POINT (-97.70033939 30.27686041),152386339,152710279,0,152432172,False,,East 12th Street,tertiary,161.812,,,,,,,,East 12th Street,1.1614118977660912e-06,5.324530110217773e-05
1132,17559018,Yes,NO,,,TRUE,,,No,2/7/20,A - SUSPECTED SERIOUS INJURY,FRIDAY,30.27570478,1 - DAYLIGHT,-97.70777247,ONE MOTOR VEHICLE - TURNING LEFT,NOT APPLICABLE,,CITY STREET,-1,1 - CLEAR,36,0,W - WHITE,1 - MALE,"4 - WORN, UNK DAMAGE",A - SUSPECTED SERIOUS INJURY,POINT (-97.70777247 30.27570478),2505319843,152654707,0,152432172,False,,East 12th Street,tertiary,26.871,,,,,,,,East 12th Street,8.280242616405941e-06,5.324530110217773e-05
1133,18450008,Yes,NO,,,TRUE,,,No,8/31/21,C - POSSIBLE INJURY,TUESDAY,30.27686478,1 - DAYLIGHT,-97.70033247,ONE MOTOR VEHICLE - GOING STRAIGHT,ATTENTION DIVERTED FROM DRIVING,,CITY STREET,-1,1 - CLEAR,52,0,W - WHITE,99 - UNKNOWN,"2 - WORN, DAMAGED",C - POSSIBLE INJURY,POINT (-97.70033247 30.27686478),152386339,152710279,0,152432172,False,,East 12th Street,tertiary,161.812,,,,,,,,East 12th Street,2.0296030811234416e-06,5.324530110217773e-05
1134,18535369,Yes,NO,,,TRUE,,,No,10/16/21,A - SUSPECTED SERIOUS INJURY,SATURDAY,30.27250478,1 - DAYLIGHT,-97.72774247,ONE MOTOR VEHICLE - GOING STRAIGHT,ATTENTION DIVERTED FROM DRIVING,,CITY STREET,35,1 - CLEAR,19,0,W - WHITE,2 - FEMALE,1 - NOT WORN,A - SUSPECTED SERIOUS INJURY,POINT (-97.72774247 30.27250478),152597869,3270604379,0,772564123,False,2,East 12th Street,tertiary,125.311,,,30 mph,,,,,East 12th Street,1.294847092156758e-05,5.324530110217773e-05
1135,13321573,No,NO,,,TRUE,,,No,6/9/13,B - SUSPECTED MINOR INJURY,SUNDAY,30.45009475,1 - DAYLIGHT,-97.81794244,ONE MOTOR VEHICLE - GOING STRAIGHT,NOT APPLICABLE,,CITY STREET,25,1 - CLEAR,23,0,W - WHITE,1 - MALE,99 - UNKNOWN IF WORN,B - SUSPECTED MINOR INJURY,POINT (-97.81794244 30.45009475),1328987532,1328987558,0,"[436637104, 436637095]",True,"['2', '3']",Anderson Mill Road,secondary,174.18200000000002,,,,,,,,Anderson Mill Road,1.8416127262541943e-05,2.540392236561325e-05
1136,14077510,No,NO,,,TRUE,,,No,10/18/14,C - POSSIBLE INJURY,SATURDAY,30.44873475,1 - DAYLIGHT,-97.81474244,ONE MOTOR VEHICLE - GOING STRAIGHT,ATTENTION DIVERTED FROM DRIVING,,CITY STREET,45,1 - CLEAR,37,0,W - WHITE,1 - MALE,"4 - WORN, UNK DAMAGE",C - POSSIBLE INJURY,POINT (-97.81474244 30.44873475),152506597,1069088417,0,"[436735984, 436637099]",True,"['2', '3']",Anderson Mill Road,secondary,413.04600000000005,,,,,,,,Anderson Mill Road,3.528764077471865e-07,2.540392236561325e-05
1137,16241104,Yes,NO,39364,3.3,FALSE,39364,2019,No,2/8/18,B - SUSPECTED MINOR INJURY,THURSDAY,30.45332088,1 - DAYLIGHT,-97.8280813,ONE MOTOR VEHICLE - TURNING LEFT,ONE VEHICLE ENTERING DRIVEWAY,2.3,FARM TO MARKET,55,1 - CLEAR,23,0,W - WHITE,1 - MALE,"3 - WORN, NOT DAMAGED",B - SUSPECTED MINOR INJURY,POINT (-97.8280813 30.45332088),1329045633,2531707259,0,"[436628969, 436628963, 436629017]",True,"['2', '3', '4']",Anderson Mill Road,secondary,168.27599999999998,RM 2769,,,,,,,Anderson Mill Road,0.0024964532141363302,2.540392236561325e-05
1138,16645164,Yes,NO,,,TRUE,,,No,9/11/18,C - POSSIBLE INJURY,TUESDAY,30.45121475,1 - DAYLIGHT,-97.82079244,ONE MOTOR VEHICLE - TURNING RIGHT,NOT APPLICABLE,,CITY STREET,35,1 - CLEAR,22,0,H - HISPANIC,1 - MALE,1 - NOT WORN,C - POSSIBLE INJURY,POINT (-97.82079244 30.45121475),152506675,152501625,0,436637090,True,2,Anderson Mill Road,secondary,201.84499999999997,,,,,,,,Anderson Mill Road,4.641498769408936e-06,2.540392236561325e-05
1139,18462049,No,NO,,,TRUE,,,No,9/8/21,C - POSSIBLE INJURY,WEDNESDAY,30.45016475,1 - DAYLIGHT,-97.81793244,ONE MOTOR VEHICLE - GOING STRAIGHT,ATTENTION DIVERTED FROM DRIVING,,CITY STREET,45,1 - CLEAR,47,0,W - WHITE,1 - MALE,"3 - WORN, NOT DAMAGED",C - POSSIBLE INJURY,POINT (-97.81793244 30.45016475),1069088417,152421772,0,436637090,True,2,Anderson Mill Road,secondary,177.603,,,,,,,,Anderson Mill Road,3.438120265352261e-06,2.540392236561325e-05
1140,13389313,No,NO,137074,11.2,TRUE,137074,2019,No,6/11/13,B - SUSPECTED MINOR INJURY,TUESDAY,30.37704522,1 - DAYLIGHT,-97.67607943,ONE MOTOR VEHICLE - GOING STRAIGHT,NOT APPLICABLE,3.1,INTERSTATE,0,1 - CLEAR,15,0,H - HISPANIC,1 - MALE,1 - NOT WORN,B - SUSPECTED MINOR INJURY,POINT (-97.67607943 30.37704522),152703430,152703439,0,"[122981316, 436625329, 436625330, 436625331, 436625333]",False,"['5', '6']",East Braker Lane,secondary,88.43900000000001,,yes,,,,,,East Braker Lane,1.6765350662116141e-06,7.295329530034872e-06
1141,13389313,No,NO,137074,11.2,TRUE,137074,2019,No,6/11/13,B - SUSPECTED MINOR INJURY,TUESDAY,30.37704522,1 - DAYLIGHT,-97.67607943,ONE MOTOR VEHICLE - GOING STRAIGHT,NOT APPLICABLE,3.1,INTERSTATE,0,1 - CLEAR,15,0,H - HISPANIC,1 - MALE,1 - NOT WORN,B - SUSPECTED MINOR INJURY,POINT (-97.67607943 30.37704522),152703439,152703430,0,"[122981316, 436625329, 436625330, 436625331, 436625333]",False,"['5', '6']",East Braker Lane,secondary,88.439,,yes,,,,,,East Braker Lane,1.6765350662116141e-06,7.295329530034872e-06
1142,15598051,Yes,NO,,,FALSE,,,No,2/20/17,B - SUSPECTED MINOR INJURY,MONDAY,30.3784598,1 - DAYLIGHT,-97.68001257,ONE MOTOR VEHICLE - TURNING LEFT,ONE VEHICLE ENTERING DRIVEWAY,,CITY STREET,-1,1 - CLEAR,29,0,W - WHITE,1 - MALE,"4 - WORN, UNK DAMAGE",B - SUSPECTED MINOR INJURY,POINT (-97.68001257 30.3784598),152411527,1372602540,0,15406471,False,,East Braker Lane,secondary,313.96500000000003,,,,,,,,East Braker Lane,1.9096258312215234e-05,7.295329530034872e-06
1143,13384360,No,NO,56266,2.5,TRUE,56266,2019,No,6/13/13,B - SUSPECTED MINOR INJURY,THURSDAY,30.3884096,1 - DAYLIGHT,-97.7516787,ONE MOTOR VEHICLE - TURNING LEFT,NOT APPLICABLE,2.2,US & STATE HIGHWAYS,55,1 - CLEAR,58,0,W - WHITE,1 - MALE,"3 - WORN, NOT DAMAGED",B - SUSPECTED MINOR INJURY,POINT (-97.7516787 30.3884096),152402820,152402939,0,126306441,True,2,Arboretum Boulevard,unclassified,26.708,,,,,,,,Arboretum Boulevard,1.4346789363483863e-05,1.7772722425621158e-05
1144,14245420,No,NO,56266,2.5,TRUE,56266,2019,No,1/27/15,A - SUSPECTED SERIOUS INJURY,TUESDAY,30.3884096,1 - DAYLIGHT,-97.7516787,ONE MOTOR VEHICLE - GOING STRAIGHT,ATTENTION DIVERTED FROM DRIVING,2.2,US & STATE HIGHWAYS,-1,1 - CLEAR,21,0,,1 - MALE,"4 - WORN, UNK DAMAGE",A - SUSPECTED SERIOUS INJURY,POINT (-97.7516787 30.3884096),152402820,152402939,0,126306441,True,2,Arboretum Boulevard,unclassified,26.708,,,,,,,,Arboretum Boulevard,1.4346789363483863e-05,1.7772722425621158e-05
1145,18501789,Yes,NO,56266,2.5,TRUE,56266,2019,No,9/24/21,B - SUSPECTED MINOR INJURY,FRIDAY,30.38840973,"2 - DARK, NOT LIGHTED",-97.75167638,ONE MOTOR VEHICLE - TURNING LEFT,NOT APPLICABLE,2.2,US & STATE HIGHWAYS,-1,1 - CLEAR,39,0,W - WHITE,1 - MALE,1 - NOT WORN,B - SUSPECTED MINOR INJURY,POINT (-97.75167638 30.38840973),152402820,152402939,0,126306441,True,2,Arboretum Boulevard,unclassified,26.708,,,,,,,,Arboretum Boulevard,1.2051342989329343e-05,1.7772722425621158e-05
1146,13334252,No,NO,144161,2.5,TRUE,144161,2019,No,6/17/13,B - SUSPECTED MINOR INJURY,MONDAY,30.26855933,1 - DAYLIGHT,-97.77736834,ONE MOTOR VEHICLE - GOING STRAIGHT,NOT APPLICABLE,2,US & STATE HIGHWAYS,35,1 - CLEAR,,0,B - BLACK,1 - MALE,99 - UNKNOWN IF WORN,B - SUSPECTED MINOR INJURY,POINT (-97.77736834 30.26855933),152379985,152379004,0,150350015,False,,Rollingwood Drive,tertiary,81.107,,,,,,,,Rollingwood Drive,5.368204265357959e-06,6.936688840948662e-06
1147,13334252,No,NO,144161,2.5,TRUE,144161,2019,No,6/17/13,B - SUSPECTED MINOR INJURY,MONDAY,30.26855933,1 - DAYLIGHT,-97.77736834,ONE MOTOR VEHICLE - GOING STRAIGHT,NOT APPLICABLE,2,US & STATE HIGHWAYS,35,1 - CLEAR,,0,B - BLACK,1 - MALE,99 - UNKNOWN IF WORN,B - SUSPECTED MINOR INJURY,POINT (-97.77736834 30.26855933),152379004,152379985,0,150350015,False,,Rollingwood Drive,tertiary,81.107,,,,,,,,Rollingwood Drive,5.368204265357959e-06,6.936688840948662e-06
1148,15131015,Yes,NO,,,FALSE,,,No,5/13/16,B - SUSPECTED MINOR INJURY,FRIDAY,30.26910803,1 - DAYLIGHT,-97.77870024,ONE MOTOR VEHICLE - TURNING LEFT,ATTENTION DIVERTED FROM DRIVING,,CITY STREET,-1,1 - CLEAR,34,0,W - WHITE,1 - MALE,"3 - WORN, NOT DAMAGED",B - SUSPECTED MINOR INJURY,POINT (-97.77870024 30.26910803),152526886,152526902,0,"[422356368, 37213341, 150350015]",False,,Rollingwood Drive,tertiary,244.73999999999998,,yes,,,,,,Rollingwood Drive,1.268705745983296e-05,6.936688840948662e-06
1149,15827861,No,NO,144161,2.5,FALSE,144161,2019,No,6/19/17,B - SUSPECTED MINOR INJURY,MONDAY,30.2685281,1 - DAYLIGHT,-97.77741548,ONE MOTOR VEHICLE - TURNING RIGHT,ATTENTION DIVERTED FROM DRIVING,2,US & STATE HIGHWAYS,45,1 - CLEAR,50,0,W - WHITE,1 - MALE,"3 - WORN, NOT DAMAGED",B - SUSPECTED MINOR INJURY,POINT (-97.77741548 30.2685281),152379985,152379004,0,150350015,False,,Rollingwood Drive,tertiary,81.107,,,,,,,,Rollingwood Drive,6.187793827422789e-05,6.936688840948662e-06
1150,15827861,No,NO,144161,2.5,FALSE,144161,2019,No,6/19/17,B - SUSPECTED MINOR INJURY,MONDAY,30.2685281,1 - DAYLIGHT,-97.77741548,ONE MOTOR VEHICLE - TURNING RIGHT,ATTENTION DIVERTED FROM DRIVING,2,US & STATE HIGHWAYS,45,1 - CLEAR,5,0,W - WHITE,2 - FEMALE,"3 - WORN, NOT DAMAGED",B - SUSPECTED MINOR INJURY,POINT (-97.77741548 30.2685281),152379985,152379004,0,150350015,False,,Rollingwood Drive,tertiary,81.107,,,,,,,,Rollingwood Drive,6.187793827422789e-05,6.936688840948662e-06
1151,16962882,Yes,NO,,,FALSE,,,No,3/21/19,C - POSSIBLE INJURY,THURSDAY,30.26911577,1 - DAYLIGHT,-97.77889182,ONE MOTOR VEHICLE - TURNING RIGHT,ONE VEHICLE ENTERING DRIVEWAY,,CITY STREET,30,1 - CLEAR,25,0,W - WHITE,1 - MALE,1 - NOT WORN,C - POSSIBLE INJURY,POINT (-97.77889182 30.26911577),152526886,152526902,0,"[422356368, 37213341, 150350015]",False,,Rollingwood Drive,tertiary,244.73999999999998,,yes,,,,,,Rollingwood Drive,6.069862567467993e-06,6.936688840948662e-06
1152,17541814,Yes,NO,144161,2.5,TRUE,144161,2019,No,1/30/20,A - SUSPECTED SERIOUS INJURY,THURSDAY,30.2685748,1 - DAYLIGHT,-97.77734499,ONE MOTOR VEHICLE - TURNING RIGHT,NOT APPLICABLE,2,US & STATE HIGHWAYS,35,2 - CLOUDY,15,0,W - WHITE,1 - MALE,1 - NOT WORN,A - SUSPECTED SERIOUS INJURY,POINT (-97.77734499 30.2685748),152379985,152379004,0,150350015,False,,Rollingwood Drive,tertiary,81.107,,,,,,,,Rollingwood Drive,2.2623325490842433e-05,6.936688840948662e-06
1153,17541814,Yes,NO,144161,2.5,TRUE,144161,2019,No,1/30/20,A - SUSPECTED SERIOUS INJURY,THURSDAY,30.2685748,1 - DAYLIGHT,-97.77734499,ONE MOTOR VEHICLE - TURNING RIGHT,NOT APPLICABLE,2,US & STATE HIGHWAYS,35,2 - CLOUDY,15,0,W - WHITE,1 - MALE,1 - NOT WORN,A - SUSPECTED SERIOUS INJURY,POINT (-97.77734499 30.2685748),152379004,152379985,0,150350015,False,,Rollingwood Drive,tertiary,81.107,,,,,,,,Rollingwood Drive,2.2623325490842433e-05,6.936688840948662e-06
1154,13513221,No,NO,,,FALSE,,,No,9/13/13,B - SUSPECTED MINOR INJURY,FRIDAY,30.32856403,1 - DAYLIGHT,-97.75107053,ONE MOTOR VEHICLE - TURNING LEFT,ONE VEHICLE ENTERING DRIVEWAY,,CITY STREET,35,1 - CLEAR,48,0,W - WHITE,2 - FEMALE,"3 - WORN, NOT DAMAGED",B - SUSPECTED MINOR INJURY,POINT (-97.75107053 30.32856403),152725636,152407088,0,204974754,False,,Hancock Drive,tertiary,214.115,,,,,,,,Hancock Drive,4.018267406026776e-06,6.168841183183739e-06
1155,13823751,No,NO,,,TRUE,,,No,4/29/14,C - POSSIBLE INJURY,TUESDAY,30.32762477,"3 - DARK, LIGHTED",-97.74913246,ONE MOTOR VEHICLE - TURNING LEFT,NOT APPLICABLE,,CITY STREET,35,1 - CLEAR,,0,H - HISPANIC,2 - FEMALE,99 - UNKNOWN IF WORN,C - POSSIBLE INJURY,POINT (-97.74913246 30.32762477),152388108,152725636,0,393518621,False,2,Hancock Drive,tertiary,141.93,,,35 mph,,,,,Hancock Drive,3.723082058611051e-06,6.168841183183739e-06
1156,14177150,No,NO,162105,2.3,TRUE,162105,2019,No,12/16/14,B - SUSPECTED MINOR INJURY,TUESDAY,30.33073955,"3 - DARK, LIGHTED",-97.75570744,ONE MOTOR VEHICLE - GOING STRAIGHT,NOT APPLICABLE,1.9,CITY STREET,35,1 - CLEAR,23,0,W - WHITE,1 - MALE,1 - NOT WORN,B - SUSPECTED MINOR INJURY,POINT (-97.75570744 30.33073955),152618756,152634199,0,"[157117328, 157117329, 157117326]",True,1,Hancock Drive,tertiary,345.34499999999997,,yes,35 mph,,,,,Hancock Drive,2.0293677679174096e-05,6.168841183183739e-06
1157,14452761,Yes,NO,,,TRUE,,,No,5/13/15,C - POSSIBLE INJURY,WEDNESDAY,30.32503477,1 - DAYLIGHT,-97.74390246,ONE MOTOR VEHICLE - GOING STRAIGHT,NOT APPLICABLE,,CITY STREET,35,3 - RAIN,47,0,W - WHITE,2 - FEMALE,99 - UNKNOWN IF WORN,C - POSSIBLE INJURY,POINT (-97.74390246 30.32503477),152553734,6141520941,0,655501746,False,2,Hancock Drive,tertiary,18.193,,,35 mph,,,,,Hancock Drive,8.795806387918531e-06,6.168841183183739e-06
1158,16670438,Yes,NO,,,TRUE,,,No,10/6/18,B - SUSPECTED MINOR INJURY,SATURDAY,30.32762477,1 - DAYLIGHT,-97.74913246,ONE MOTOR VEHICLE - TURNING LEFT,NOT APPLICABLE,,CITY STREET,35,1 - CLEAR,51,0,W - WHITE,1 - MALE,"3 - WORN, NOT DAMAGED",B - SUSPECTED MINOR INJURY,POINT (-97.74913246 30.32762477),152388108,152725636,0,393518621,False,2,Hancock Drive,tertiary,141.93,,,35 mph,,,,,Hancock Drive,3.723082058611051e-06,6.168841183183739e-06
1159,17411430,Yes,NO,162105,2.3,TRUE,162105,2019,No,11/18/19,B - SUSPECTED MINOR INJURY,MONDAY,30.33073955,1 - DAYLIGHT,-97.75570744,ONE MOTOR VEHICLE - GOING STRAIGHT,NOT APPLICABLE,1.9,CITY STREET,-1,1 - CLEAR,42,0,W - WHITE,1 - MALE,99 - UNKNOWN IF WORN,B - SUSPECTED MINOR INJURY,POINT (-97.75570744 30.33073955),152618756,152634199,0,"[157117328, 157117329, 157117326]",True,1,Hancock Drive,tertiary,345.34499999999997,,yes,35 mph,,,,,Hancock Drive,2.0293677679174096e-05,6.168841183183739e-06
1160,13650511,No,NO,71040,4,FALSE,71040,2019,No,10/23/13,C - POSSIBLE INJURY,WEDNESDAY,30.44034535,1 - DAYLIGHT,-97.69826835,ONE MOTOR VEHICLE - GOING STRAIGHT,NOT APPLICABLE,3.2,US & STATE HIGHWAYS,45,1 - CLEAR,35,0,H - HISPANIC,1 - MALE,99 - UNKNOWN IF WORN,C - POSSIBLE INJURY,POINT (-97.69826835 30.44034535),1329121387,340121556,0,"[15398000, 257372701]",True,3,"West Howard Lane, Wells Branch Parkway",secondary,96.459,,,,,,,,"West Howard Lane, Wells Branch Parkway",1.2760499106613414e-05,1.4076576576576577e-05
1161,13650522,No,NO,56048,2.5,TRUE,56048,2019,No,10/23/13,A - SUSPECTED SERIOUS INJURY,WEDNESDAY,30.32764678,1 - DAYLIGHT,-97.81113625,ONE MOTOR VEHICLE - TURNING LEFT,NOT APPLICABLE,2.2,US & STATE HIGHWAYS,55,1 - CLEAR,45,0,W - WHITE,1 - MALE,"2 - WORN, DAMAGED",A - SUSPECTED SERIOUS INJURY,POINT (-97.81113625 30.32764678),282784996,152423578,0,15379954,False,,Waymaker Way,residential,25.59,,,,,,,,Waymaker Way,4.101105332578715e-05,1.7841849842991722e-05
1162,15791403,Yes,NO,56048,2.5,TRUE,56048,2019,No,6/1/17,B - SUSPECTED MINOR INJURY,THURSDAY,30.32764678,1 - DAYLIGHT,-97.81113625,ONE MOTOR VEHICLE - TURNING LEFT,NOT APPLICABLE,2.2,US & STATE HIGHWAYS,-1,1 - CLEAR,51,0,W - WHITE,1 - MALE,"3 - WORN, NOT DAMAGED",B - SUSPECTED MINOR INJURY,POINT (-97.81113625 30.32764678),282784996,152423578,0,15379954,False,,Waymaker Way,residential,25.59,,,,,,,,Waymaker Way,4.101105332578715e-05,1.7841849842991722e-05
1163,13656038,No,NO,,,TRUE,,,No,10/25/13,B - SUSPECTED MINOR INJURY,FRIDAY,30.43263196,"3 - DARK, LIGHTED",-97.65301639,ONE MOTOR VEHICLE - GOING STRAIGHT,ATTENTION DIVERTED FROM DRIVING,,CITY STREET,45,1 - CLEAR,18,0,H - HISPANIC,1 - MALE,1 - NOT WORN,B - SUSPECTED MINOR INJURY,POINT (-97.65301639 30.43263196),3343078897,152520195,0,436614490,True,,Wells Branch Parkway,secondary,11.268,,,,,,,,Wells Branch Parkway,1.1609941202074378e-06,3.346832223300646e-05
1164,18284099,Yes,NO,29879,3.7,FALSE,29879,2019,No,5/27/21,A - SUSPECTED SERIOUS INJURY,THURSDAY,30.44110414,1 - DAYLIGHT,-97.66671185,ONE MOTOR VEHICLE - TURNING RIGHT,ONE VEHICLE LEAVING DRIVEWAY,2.5,FARM TO MARKET,40,1 - CLEAR,30,0,H - HISPANIC,2 - FEMALE,99 - UNKNOWN IF WORN,A - SUSPECTED SERIOUS INJURY,POINT (-97.66671185 30.44110414),418309346,418310238,0,"[226841168, 436614476]",True,"['3', '4']",Wells Branch Parkway,secondary,100.58500000000001,FM 1825,,,,,,,Wells Branch Parkway,4.425043355053902e-05,3.346832223300646e-05
1165,13656115,No,NO,56464,3.8,FALSE,56464,2019,No,11/15/13,B - SUSPECTED MINOR INJURY,FRIDAY,30.42022083,"3 - DARK, LIGHTED",-97.70397439,ONE MOTOR VEHICLE - GOING STRAIGHT,ONE VEHICLE LEAVING DRIVEWAY,1.7,FARM TO MARKET,55,1 - CLEAR,27,0,W - WHITE,2 - FEMALE,1 - NOT WORN,B - SUSPECTED MINOR INJURY,POINT (-97.70397439 30.42022083),1619354384,420811167,0,"[619126028, 28678172, 148878102]",True,5,"West Parmer Lane, Parmer Lane",primary,123.536,FM 734,yes,50 mph,,,,,"West Parmer Lane, Parmer Lane",8.485129756200377e-05,3.7517820964958355e-05
1166,14945144,Yes,NO,50152,3.9,FALSE,50152,2019,No,3/1/16,A - SUSPECTED SERIOUS INJURY,TUESDAY,30.42056043,"2 - DARK, NOT LIGHTED",-97.70450076,ONE MOTOR VEHICLE - GOING STRAIGHT,NOT APPLICABLE,1.7,FARM TO MARKET,55,1 - CLEAR,22,0,W - WHITE,1 - MALE,1 - NOT WORN,A - SUSPECTED SERIOUS INJURY,POINT (-97.70450076 30.42056043),1619354384,420811167,0,"[619126028, 28678172, 148878102]",True,5,"West Parmer Lane, Parmer Lane",primary,123.536,FM 734,yes,50 mph,,,,,"West Parmer Lane, Parmer Lane",8.021543063185276e-05,3.7517820964958355e-05
1167,13735894,Yes,NO,,,FALSE,,,No,3/12/14,C - POSSIBLE INJURY,WEDNESDAY,30.25857201,1 - DAYLIGHT,-97.78820675,ONE MOTOR VEHICLE - GOING STRAIGHT,ONE VEHICLE FORWARD FROM PARKING,,CITY STREET,35,1 - CLEAR,53,0,W - WHITE,1 - MALE,99 - UNKNOWN IF WORN,C - POSSIBLE INJURY,POINT (-97.78820675 30.25857201),152377433,152434954,0,130770965,False,,Barton Skyway,tertiary,121.74000000000001,,,,,,,,Barton Skyway,3.4538677880798364e-06,6.325310730889655e-06
1168,17223114,Yes,NO,158095,2.3,TRUE,158095,2019,No,8/8/19,N - NOT INJURED,THURSDAY,30.2628778,1 - DAYLIGHT,-97.78959847,ANGLE - BOTH GOING STRAIGHT,NOT APPLICABLE,1.9,CITY STREET,55,1 - CLEAR,29,0,W - WHITE,1 - MALE,"3 - WORN, NOT DAMAGED",N - NOT INJURED,POINT (-97.78959847 30.2628778),2902121963,152434980,0,"[130609529, 130770965, 323489413]",False,,Barton Skyway,tertiary,135.321,,yes,,,,,,Barton Skyway,1.3520219994160408e-06,6.325310730889655e-06