,Crash ID,$1000 Damage to Any One Person's Property,Active School Zone Flag,Adjusted Average Daily Traffic Amount,Adjusted Percentage of Average Daily Traffic For Trucks,At Intersection Flag,Average Daily Traffic Amount,Average Daily Traffic Year,Construction Zone Flag,Crash Date,Crash Severity,Day of Week,Latitude,Light Condition,Longitude,Manner of Collision,Other Factor,Percentage of Single Unit Truck Average Daily Traffic,Road Class,Speed Limit,Weather Condition,Person Age,Person Death Count,Person Ethnicity,Person Gender,Person Helmet,Person Injury Severity,geometry,index_right0,index_right1,index_right2,osmid,oneway,lanes,name,highway,length,ref,bridge,maxspeed,access,tunnel,junction,service,names,distance,Crash Rate
1169,17223114,Yes,NO,158095,2.3,TRUE,158095,2019,No,8/8/19,N - NOT INJURED,THURSDAY,30.2628778,1 - DAYLIGHT,-97.78959847,ANGLE - BOTH GOING STRAIGHT,NOT APPLICABLE,1.9,CITY STREET,55,1 - CLEAR,29,0,W - WHITE,1 - MALE,"3 - WORN, NOT DAMAGED",N - NOT INJURED,POINT (-97.78959847 30.2628778),152434980,2902121963,0,"[130609529, 130770965, 323489413]",False,,Barton Skyway,tertiary,135.321,,yes,,,,,,Barton Skyway,1.3520219994160408e-06,6.325310730889655e-06
1170,13746155,No,NO,95601,2,FALSE,95601,2019,No,3/20/14,B - SUSPECTED MINOR INJURY,THURSDAY,30.24893412,1 - DAYLIGHT,-97.80512344,ONE MOTOR VEHICLE - GOING STRAIGHT,NOT APPLICABLE,1.8,US & STATE HIGHWAYS,60,1 - CLEAR,50,0,B - BLACK,1 - MALE,1 - NOT WORN,B - SUSPECTED MINOR INJURY,POINT (-97.80512344 30.24893412),282780262,152380330,0,"[618270903, 150226273, 963905530, 368648295]",True,"['2', '3', '4']",South Capital of Texas Highway,trunk,452.19000000000005,Loop 360,yes,55 mph,,,,,South Capital of Texas Highway,0.00011891423122144663,1.0460141630317674e-05
1171,13795734,No,NO,19886,1.8,TRUE,19886,2019,No,4/7/14,B - SUSPECTED MINOR INJURY,MONDAY,30.32198832,1 - DAYLIGHT,-97.71859198,ONE MOTOR VEHICLE - GOING STRAIGHT,SWERVED OR VEERED-AVOIDING VEHICLE ENTERING ROAD,1.6,US & STATE HIGHWAYS,45,1 - CLEAR,33,0,W - WHITE,2 - FEMALE,1 - NOT WORN,B - SUSPECTED MINOR INJURY,POINT (-97.71859198 30.32198832),152527281,1778797613,0,204964666,False,,Avenue F,tertiary,11.427,,,,,,,,Avenue F,1.8823136609709045e-05,5.0286633812732576e-05
1172,13851426,No,NO,,,FALSE,,,No,5/15/14,C - POSSIBLE INJURY,THURSDAY,30.23612206,"3 - DARK, LIGHTED",-97.7897616,ONE MOTOR VEHICLE - TURNING LEFT,ONE VEHICLE LEAVING DRIVEWAY,,CITY STREET,30,1 - CLEAR,27,0,W - WHITE,2 - FEMALE,1 - NOT WORN,C - POSSIBLE INJURY,POINT (-97.7897616 30.23612206),152693706,152693703,0,15405552,False,2,Victory Drive,tertiary,311.0350000000001,,,30 mph,,,,,Victory Drive,2.8241222500923572e-05,7.87320982891515e-06
1173,14731348,No,NO,,,FALSE,,,No,10/24/15,C - POSSIBLE INJURY,SATURDAY,30.23787141,1 - DAYLIGHT,-97.78870848,ONE MOTOR VEHICLE - TURNING LEFT,ONE VEHICLE ENTERING DRIVEWAY,,CITY STREET,35,3 - RAIN,31,0,W - WHITE,1 - MALE,"3 - WORN, NOT DAMAGED",C - POSSIBLE INJURY,POINT (-97.78870848 30.23787141),152693703,152693706,0,15405552,False,2,Victory Drive,tertiary,311.03499999999997,,,30 mph,,,,,Victory Drive,3.0126271271943574e-05,7.87320982891515e-06
1174,14731348,No,NO,,,FALSE,,,No,10/24/15,C - POSSIBLE INJURY,SATURDAY,30.23787141,1 - DAYLIGHT,-97.78870848,ONE MOTOR VEHICLE - TURNING LEFT,ONE VEHICLE ENTERING DRIVEWAY,,CITY STREET,35,3 - RAIN,31,0,W - WHITE,1 - MALE,"3 - WORN, NOT DAMAGED",C - POSSIBLE INJURY,POINT (-97.78870848 30.23787141),152693706,152693703,0,15405552,False,2,Victory Drive,tertiary,311.0350000000001,,,30 mph,,,,,Victory Drive,3.0126271271943574e-05,7.87320982891515e-06
1175,14850767,Yes,NO,,,FALSE,,,No,12/31/15,B - SUSPECTED MINOR INJURY,THURSDAY,30.23271812,1 - DAYLIGHT,-97.79084079,ONE MOTOR VEHICLE - GOING STRAIGHT,ONE VEHICLE LEAVING DRIVEWAY,,CITY STREET,35,1 - CLEAR,45,0,W - WHITE,2 - FEMALE,"3 - WORN, NOT DAMAGED",B - SUSPECTED MINOR INJURY,POINT (-97.79084079 30.23271812),152520782,152693706,0,"[15405552, 655501790]",False,2,Victory Drive,tertiary,458.0060000000001,,,30 mph,,,,,Victory Drive,3.335758699058284e-05,7.87320982891515e-06
1176,14850767,Yes,NO,,,FALSE,,,No,12/31/15,B - SUSPECTED MINOR INJURY,THURSDAY,30.23271812,1 - DAYLIGHT,-97.79084079,ONE MOTOR VEHICLE - GOING STRAIGHT,ONE VEHICLE LEAVING DRIVEWAY,,CITY STREET,35,1 - CLEAR,45,0,W - WHITE,2 - FEMALE,"3 - WORN, NOT DAMAGED",B - SUSPECTED MINOR INJURY,POINT (-97.79084079 30.23271812),152693706,152520782,0,"[15405552, 655501790]",False,2,Victory Drive,tertiary,458.006,,,30 mph,,,,,Victory Drive,3.335758699058284e-05,7.87320982891515e-06
1177,15226361,Yes,NO,127013,4.3,TRUE,127013,2019,No,7/23/16,C - POSSIBLE INJURY,SATURDAY,30.23163827,"3 - DARK, LIGHTED",-97.79167782,ONE MOTOR VEHICLE - GOING STRAIGHT,NOT APPLICABLE,3.3,US & STATE HIGHWAYS,45,1 - CLEAR,26,0,99 - UNKNOWN,1 - MALE,1 - NOT WORN,C - POSSIBLE INJURY,POINT (-97.79167782 30.23163827),152373737,152520782,0,655357028,False,2,Victory Drive,tertiary,91.375,,,30 mph,,,,,Victory Drive,3.287313129566519e-05,7.87320982891515e-06
1178,13866881,No,NO,,,TRUE,,,No,5/28/14,B - SUSPECTED MINOR INJURY,WEDNESDAY,30.41319475,"3 - DARK, LIGHTED",-97.69067247,ONE MOTOR VEHICLE - GOING STRAIGHT,NOT APPLICABLE,,CITY STREET,40,1 - CLEAR,21,0,W - WHITE,1 - MALE,99 - UNKNOWN IF WORN,B - SUSPECTED MINOR INJURY,POINT (-97.69067247 30.41319475),281158543,281677333,0,619126013,True,4,West Parmer Lane,primary,10.987,FM 734,,50 mph,,,,,West Parmer Lane,5.757178848160859e-06,3.789098762859254e-05
1179,13891381,No,NO,,,FALSE,,,No,6/7/14,B - SUSPECTED MINOR INJURY,SATURDAY,30.43629298,1 - DAYLIGHT,-97.7347084,ONE MOTOR VEHICLE - GOING STRAIGHT,NOT APPLICABLE,,CITY STREET,-1,1 - CLEAR,72,0,W - WHITE,1 - MALE,99 - UNKNOWN IF WORN,B - SUSPECTED MINOR INJURY,POINT (-97.7347084 30.43629298),2533220801,1833530439,0,"[436633185, 619120237, 436633191]",True,"['5', '3', '4']",West Parmer Lane,primary,219.151,FM 734,,60 mph,,,,,West Parmer Lane,1.8998778969191336e-05,3.789098762859254e-05
1180,16498238,No,NO,,,TRUE,,,No,6/30/18,B - SUSPECTED MINOR INJURY,SATURDAY,30.42543475,1 - DAYLIGHT,-97.71531246,ONE MOTOR VEHICLE - TURNING RIGHT,NOT APPLICABLE,,CITY STREET,-1,2 - CLOUDY,57,0,W - WHITE,1 - MALE,"2 - WORN, DAMAGED",B - SUSPECTED MINOR INJURY,POINT (-97.71531246 30.42543475),281159292,281159293,0,"[436723483, 110166820]",True,"['3', '4']",West Parmer Lane,primary,339.424,FM 734,,"['55 mph', '60 mph']",,,,,West Parmer Lane,2.2765699024866444e-06,3.789098762859254e-05
1181,17065275,No,NO,57987,3.8,TRUE,57987,2019,No,5/12/19,C - POSSIBLE INJURY,SUNDAY,30.40888265,1 - DAYLIGHT,-97.68129923,ONE MOTOR VEHICLE - TURNING LEFT,ATTENTION DIVERTED FROM DRIVING,1.7,CITY STREET,50,1 - CLEAR,17,0,A - ASIAN,2 - FEMALE,"4 - WORN, UNK DAMAGE",C - POSSIBLE INJURY,POINT (-97.68129923 30.40888265),152627141,152627151,0,"[619126000, 436615105, 135181018, 619126004]",True,"['3', '4']",West Parmer Lane,primary,212.822,FM 734,yes,50 mph,,,,,West Parmer Lane,6.475788705955944e-05,3.789098762859254e-05
1182,17140317,Yes,NO,47579,3.9,FALSE,47579,2019,Yes,6/21/19,B - SUSPECTED MINOR INJURY,FRIDAY,30.43158496,"2 - DARK, NOT LIGHTED",-97.72697765,ONE MOTOR VEHICLE - GOING STRAIGHT,CONSTRUCTION - WITHIN POSTED ROAD CONSTRUCTION ZONE (NOT RELATED TO CRASH),1.7,CITY STREET,60,1 - CLEAR,21,0,W - WHITE,1 - MALE,"4 - WORN, UNK DAMAGE",B - SUSPECTED MINOR INJURY,POINT (-97.72697765 30.43158496),152627327,152490970,0,"[436633192, 619120233, 436633184, 110166821]",True,"['3', '4']",West Parmer Lane,primary,697.656,FM 734,yes,"['55 mph', '60 mph']",yes,,,,West Parmer Lane,8.104137208182055e-05,3.789098762859254e-05
1183,18410806,No,NO,,,FALSE,,,No,8/10/21,B - SUSPECTED MINOR INJURY,TUESDAY,30.42446475,1 - DAYLIGHT,-97.71241247,ONE MOTOR VEHICLE - GOING STRAIGHT,NOT APPLICABLE,,CITY STREET,55,1 - CLEAR,45,0,W - WHITE,2 - FEMALE,"3 - WORN, NOT DAMAGED",B - SUSPECTED MINOR INJURY,POINT (-97.71241247 30.42446475),152536529,315169214,0,"[436635819, 436635821]",True,"['5', '4']",West Parmer Lane,primary,121.763,FM 734,,55 mph,,,,,West Parmer Lane,1.9899866434518875e-05,3.789098762859254e-05
1184,13914662,No,NO,,,TRUE,,,No,6/26/14,C - POSSIBLE INJURY,THURSDAY,30.33223476,"3 - DARK, LIGHTED",-97.68665247,ONE MOTOR VEHICLE - GOING STRAIGHT,ATTENTION DIVERTED FROM DRIVING,,CITY STREET,45,1 - CLEAR,18,0,H - HISPANIC,1 - MALE,1 - NOT WORN,C - POSSIBLE INJURY,POINT (-97.68665247 30.33223476),1628503982,308426913,0,1031579591,True,2,East Anderson Lane,secondary,14.795,,,,,,,,East Anderson Lane,9.8230125982337e-06,6.958167497007988e-06
1185,14350640,No,NO,143716,11,FALSE,143716,2019,No,3/16/15,C - POSSIBLE INJURY,MONDAY,30.33930707,1 - DAYLIGHT,-97.70003067,ONE MOTOR VEHICLE - GOING STRAIGHT,NOT APPLICABLE,3,INTERSTATE,50,1 - CLEAR,23,0,W - WHITE,1 - MALE,1 - NOT WORN,C - POSSIBLE INJURY,POINT (-97.70003067 30.33930707),152379250,152370138,0,15386894,True,,East Anderson Lane,secondary,127.10399999999998,,,,,,,,East Anderson Lane,4.0322400229955105e-05,6.958167497007988e-06
1186,14778710,No,NO,,,TRUE,,,No,11/22/15,A - SUSPECTED SERIOUS INJURY,SUNDAY,30.33706477,1 - DAYLIGHT,-97.69530247,ONE MOTOR VEHICLE - GOING STRAIGHT,ATTENTION DIVERTED FROM DRIVING,,CITY STREET,35,1 - CLEAR,46,0,W - WHITE,1 - MALE,1 - NOT WORN,A - SUSPECTED SERIOUS INJURY,POINT (-97.69530247 30.33706477),2873628785,152502799,0,655477641,True,2,East Anderson Lane,secondary,9.581,,,,,,,,East Anderson Lane,1.9522655222368103e-05,6.958167497007988e-06
1187,17989961,Yes,NO,,,TRUE,,,No,10/13/19,B - SUSPECTED MINOR INJURY,SUNDAY,30.34014292,99 - UNKNOWN,-97.70118264,ONE MOTOR VEHICLE - GOING STRAIGHT,NOT APPLICABLE,,CITY STREET,45,1 - CLEAR,56,0,B - BLACK,1 - MALE,1 - NOT WORN,B - SUSPECTED MINOR INJURY,POINT (-97.70118264 30.34014292),1833433642,1372602490,0,15386894,True,,East Anderson Lane,secondary,133.23399999999998,,,,,,,,East Anderson Lane,5.549128570287626e-05,6.958167497007988e-06
1188,17772985,Yes,NO,,,TRUE,,,No,7/14/20,B - SUSPECTED MINOR INJURY,TUESDAY,30.34396027,1 - DAYLIGHT,-97.70489709,ONE MOTOR VEHICLE - GOING STRAIGHT,NOT APPLICABLE,,CITY STREET,45,1 - CLEAR,71,0,W - WHITE,1 - MALE,1 - NOT WORN,B - SUSPECTED MINOR INJURY,POINT (-97.70489709 30.34396027),8293921033,152594500,0,15386894,True,,East Anderson Lane,secondary,55.01599999999999,,,,,,,,East Anderson Lane,1.6567045611774095e-05,6.958167497007988e-06
1189,18086762,Yes,NO,,,TRUE,,,No,1/31/21,C - POSSIBLE INJURY,SUNDAY,30.33223476,1 - DAYLIGHT,-97.68665247,ONE MOTOR VEHICLE - GOING STRAIGHT,NOT APPLICABLE,,CITY STREET,20,1 - CLEAR,48,0,W - WHITE,1 - MALE,1 - NOT WORN,C - POSSIBLE INJURY,POINT (-97.68665247 30.33223476),1628503982,308426913,0,1031579591,True,2,East Anderson Lane,secondary,14.795,,,,,,,,East Anderson Lane,9.8230125982337e-06,6.958167497007988e-06
1190,14089458,Yes,NO,56266,2.5,FALSE,56266,2019,No,10/25/14,A - SUSPECTED SERIOUS INJURY,SATURDAY,30.38815947,1 - DAYLIGHT,-97.75980789,ONE MOTOR VEHICLE - TURNING RIGHT,VISION OBSTRUCTED BY OTHER VISUAL OBSTRUCTIONS,2.2,US & STATE HIGHWAYS,55,1 - CLEAR,58,0,W - WHITE,1 - MALE,99 - UNKNOWN IF WORN,A - SUSPECTED SERIOUS INJURY,POINT (-97.75980789 30.38815947),152439121,359234124,0,15381619,True,,Great Hills Trail,tertiary,25.646,,,,,,,,Great Hills Trail,3.365463971490098e-05,2.055371713974472e-05
1191,14465342,No,NO,138346,2.1,TRUE,138346,2019,No,6/2/15,B - SUSPECTED MINOR INJURY,TUESDAY,30.39410945,1 - DAYLIGHT,-97.74647893,ONE MOTOR VEHICLE - GOING STRAIGHT,NOT APPLICABLE,1.5,US & STATE HIGHWAYS,35,1 - CLEAR,50,0,W - WHITE,2 - FEMALE,1 - NOT WORN,B - SUSPECTED MINOR INJURY,POINT (-97.74647893 30.39410945),1223878018,1223878022,0,204964739,True,,Great Hills Trail,tertiary,86.054,,,,,,,,Great Hills Trail,5.1406121194084914e-05,2.055371713974472e-05
1192,14181995,No,NO,,,FALSE,,,No,11/25/14,C - POSSIBLE INJURY,TUESDAY,30.24727076,1 - DAYLIGHT,-97.77526063,ONE MOTOR VEHICLE - TURNING RIGHT,ONE VEHICLE ENTERING DRIVEWAY,,COUNTY ROAD,40,1 - CLEAR,28,0,W - WHITE,1 - MALE,"3 - WORN, NOT DAMAGED",C - POSSIBLE INJURY,POINT (-97.77526063 30.24727076),152614798,152616233,0,15399097,False,,Del Curto Road,tertiary,115.365,,,,,,,,Del Curto Road,3.290321218293713e-05,2.197029615959223e-05
1193,14181995,No,NO,,,FALSE,,,No,11/25/14,C - POSSIBLE INJURY,TUESDAY,30.24727076,1 - DAYLIGHT,-97.77526063,ONE MOTOR VEHICLE - TURNING RIGHT,ONE VEHICLE ENTERING DRIVEWAY,,COUNTY ROAD,40,1 - CLEAR,28,0,W - WHITE,1 - MALE,"3 - WORN, NOT DAMAGED",C - POSSIBLE INJURY,POINT (-97.77526063 30.24727076),152616233,152614798,0,15399097,False,,Del Curto Road,tertiary,115.365,,,,,,,,Del Curto Road,3.290321218293713e-05,2.197029615959223e-05
1194,15131435,Yes,NO,45516,1.2,TRUE,45516,2019,No,5/23/16,A - SUSPECTED SERIOUS INJURY,MONDAY,30.24729419,1 - DAYLIGHT,-97.77523494,ONE MOTOR VEHICLE - TURNING LEFT,ONE VEHICLE ENTERING DRIVEWAY,1.1,US & STATE HIGHWAYS,35,2 - CLOUDY,25,0,W - WHITE,1 - MALE,"4 - WORN, UNK DAMAGE",A - SUSPECTED SERIOUS INJURY,POINT (-97.77523494 30.24729419),152616233,152614798,0,15399097,False,,Del Curto Road,tertiary,115.365,,,,,,,,Del Curto Road,3.7001212132995487e-06,2.197029615959223e-05
1195,15613512,No,NO,45516,1.2,TRUE,45516,2019,No,9/29/16,B - SUSPECTED MINOR INJURY,THURSDAY,30.24729425,1 - DAYLIGHT,-97.77523451,ONE MOTOR VEHICLE - TURNING LEFT,NOT APPLICABLE,1.1,US & STATE HIGHWAYS,35,2 - CLOUDY,26,0,W - WHITE,1 - MALE,99 - UNKNOWN IF WORN,B - SUSPECTED MINOR INJURY,POINT (-97.77523451 30.24729425),152614798,152616233,0,15399097,False,,Del Curto Road,tertiary,115.365,,,,,,,,Del Curto Road,3.2661145180685786e-06,2.197029615959223e-05
1196,15925381,No,NO,45516,1.2,TRUE,45516,2019,No,8/18/17,B - SUSPECTED MINOR INJURY,FRIDAY,30.24729419,1 - DAYLIGHT,-97.77523494,ONE MOTOR VEHICLE - TURNING RIGHT,ONE VEHICLE ENTERING DRIVEWAY,1.1,US & STATE HIGHWAYS,35,1 - CLEAR,47,0,W - WHITE,1 - MALE,"4 - WORN, UNK DAMAGE",B - SUSPECTED MINOR INJURY,POINT (-97.77523494 30.24729419),152616233,152614798,0,15399097,False,,Del Curto Road,tertiary,115.365,,,,,,,,Del Curto Road,3.7001212132995487e-06,2.197029615959223e-05
1197,14185565,Yes,NO,,,FALSE,,,No,11/25/14,A - SUSPECTED SERIOUS INJURY,TUESDAY,30.28730672,1 - DAYLIGHT,-97.76654433,ONE MOTOR VEHICLE - GOING STRAIGHT,NOT APPLICABLE,,CITY STREET,35,1 - CLEAR,36,0,W - WHITE,1 - MALE,"3 - WORN, NOT DAMAGED",A - SUSPECTED SERIOUS INJURY,POINT (-97.76654433 30.28730672),152744468,152682083,0,30619971,False,4,Enfield Road,tertiary,132.39700000000002,,,,,,,,Enfield Road,8.171320725764972e-06,6.6732064089474354e-06
1198,15107556,No,NO,149853,2.4,TRUE,149853,2019,No,5/12/16,C - POSSIBLE INJURY,THURSDAY,30.28586249,1 - DAYLIGHT,-97.76398542,ONE MOTOR VEHICLE - GOING STRAIGHT,NOT APPLICABLE,2,US & STATE HIGHWAYS,30,1 - CLEAR,66,0,W - WHITE,1 - MALE,"3 - WORN, NOT DAMAGED",C - POSSIBLE INJURY,POINT (-97.76398542 30.28586249),2991188052,152379840,0,512027607,False,,Enfield Road,primary,143.904,,,,,,,,Enfield Road,9.34975709207842e-05,6.6732064089474354e-06
1199,15107556,No,NO,149853,2.4,TRUE,149853,2019,No,5/12/16,C - POSSIBLE INJURY,THURSDAY,30.28586249,1 - DAYLIGHT,-97.76398542,ONE MOTOR VEHICLE - GOING STRAIGHT,NOT APPLICABLE,2,US & STATE HIGHWAYS,30,1 - CLEAR,66,0,W - WHITE,1 - MALE,"3 - WORN, NOT DAMAGED",C - POSSIBLE INJURY,POINT (-97.76398542 30.28586249),152379840,2991188052,0,512027607,False,,Enfield Road,primary,143.904,,,,,,,,Enfield Road,9.34975709207842e-05,6.6732064089474354e-06
1200,16027089,No,NO,,,TRUE,,,No,10/17/17,B - SUSPECTED MINOR INJURY,TUESDAY,30.28352478,1 - DAYLIGHT,-97.76034246,ONE MOTOR VEHICLE - TURNING LEFT,NOT APPLICABLE,,CITY STREET,-1,1 - CLEAR,57,0,W - WHITE,1 - MALE,99 - UNKNOWN IF WORN,B - SUSPECTED MINOR INJURY,POINT (-97.76034246 30.28352478),152745582,282750022,0,204989749,False,,Enfield Road,primary,11.272,,,,,,,,Enfield Road,1.7235625109034953e-05,6.6732064089474354e-06
1201,16027089,No,NO,,,TRUE,,,No,10/17/17,B - SUSPECTED MINOR INJURY,TUESDAY,30.28352478,1 - DAYLIGHT,-97.76034246,ONE MOTOR VEHICLE - TURNING LEFT,NOT APPLICABLE,,CITY STREET,-1,1 - CLEAR,57,0,W - WHITE,1 - MALE,99 - UNKNOWN IF WORN,B - SUSPECTED MINOR INJURY,POINT (-97.76034246 30.28352478),282750022,152745582,0,204989749,False,,Enfield Road,primary,11.272,,,,,,,,Enfield Road,1.7235625109034953e-05,6.6732064089474354e-06
1202,14280967,No,NO,,,TRUE,,,No,1/30/15,C - POSSIBLE INJURY,FRIDAY,30.33010477,6 - DUSK,-97.69829247,ONE MOTOR VEHICLE - GOING STRAIGHT,NOT APPLICABLE,,CITY STREET,35,1 - CLEAR,25,0,W - WHITE,2 - FEMALE,99 - UNKNOWN IF WORN,C - POSSIBLE INJURY,POINT (-97.69829247 30.33010477),152408807,152408809,0,328649855,False,,East Saint John's Avenue,tertiary,114.887,,,35 mph,,,,,East Saint John's Avenue,4.080075491378692e-06,5.054615116331967e-06
1203,17985624,No,NO,,,FALSE,,,No,5/3/18,N - NOT INJURED,THURSDAY,30.33442218,"3 - DARK, LIGHTED",-97.70753729,ONE MOTOR VEHICLE - TURNING RIGHT,ONE VEHICLE ENTERING DRIVEWAY,,CITY STREET,40,1 - CLEAR,30,0,B - BLACK,1 - MALE,1 - NOT WORN,N - NOT INJURED,POINT (-97.70753729 30.33442218),152408776,152408774,0,15378340,False,,East Saint John's Avenue,tertiary,67.41799999999999,,,35 mph,,,,,East Saint John's Avenue,1.0965144339881294e-05,5.054615116331967e-06
1204,17835122,No,NO,197839,7.4,TRUE,197839,2019,No,8/27/20,B - SUSPECTED MINOR INJURY,THURSDAY,30.33272909,1 - DAYLIGHT,-97.7041891,ONE MOTOR VEHICLE - TURNING LEFT,NOT APPLICABLE,2.7,INTERSTATE,40,1 - CLEAR,65,0,W - WHITE,1 - MALE,"3 - WORN, NOT DAMAGED",B - SUSPECTED MINOR INJURY,POINT (-97.7041891 30.33272909),152408800,152408784,0,"[204964725, 51371101, 51371102]",False,2,East Saint John's Avenue,tertiary,91.076,,yes,35 mph,,,,,East Saint John's Avenue,4.757847604508128e-05,5.054615116331967e-06
1205,14306876,No,NO,43724,1.2,TRUE,43724,2019,No,2/14/15,B - SUSPECTED MINOR INJURY,SATURDAY,30.2664069,6 - DUSK,-97.75552108,ONE MOTOR VEHICLE - GOING STRAIGHT,NOT APPLICABLE,1.1,US & STATE HIGHWAYS,32,1 - CLEAR,19,0,W - WHITE,1 - MALE,1 - NOT WORN,B - SUSPECTED MINOR INJURY,POINT (-97.75552108 30.2664069),152383640,152383652,0,"[436742888, 126586911]",False,3,Sandra Muraida Way,primary,55.106,Loop 343,,,,,,,Sandra Muraida Way,5.325033895736724e-06,2.287073460799561e-05
1206,14306876,No,NO,43724,1.2,TRUE,43724,2019,No,2/14/15,B - SUSPECTED MINOR INJURY,SATURDAY,30.2664069,6 - DUSK,-97.75552108,ONE MOTOR VEHICLE - GOING STRAIGHT,NOT APPLICABLE,1.1,US & STATE HIGHWAYS,32,1 - CLEAR,19,0,W - WHITE,1 - MALE,1 - NOT WORN,B - SUSPECTED MINOR INJURY,POINT (-97.75552108 30.2664069),152383652,152383640,0,"[436742888, 126586911]",False,3,Sandra Muraida Way,primary,55.106,Loop 343,,,,,,,Sandra Muraida Way,5.325033895736724e-06,2.287073460799561e-05
1207,17450289,No,NO,43724,1.2,TRUE,43724,2019,No,12/9/19,C - POSSIBLE INJURY,MONDAY,30.2664069,1 - DAYLIGHT,-97.75552108,ONE MOTOR VEHICLE - TURNING RIGHT,NOT APPLICABLE,1.1,CITY STREET,35,1 - CLEAR,60,0,H - HISPANIC,1 - MALE,1 - NOT WORN,C - POSSIBLE INJURY,POINT (-97.75552108 30.2664069),152383640,152383652,0,"[436742888, 126586911]",False,3,Sandra Muraida Way,primary,55.106,Loop 343,,,,,,,Sandra Muraida Way,5.325033895736724e-06,2.287073460799561e-05
1208,17450289,No,NO,43724,1.2,TRUE,43724,2019,No,12/9/19,C - POSSIBLE INJURY,MONDAY,30.2664069,1 - DAYLIGHT,-97.75552108,ONE MOTOR VEHICLE - TURNING RIGHT,NOT APPLICABLE,1.1,CITY STREET,35,1 - CLEAR,60,0,H - HISPANIC,1 - MALE,1 - NOT WORN,C - POSSIBLE INJURY,POINT (-97.75552108 30.2664069),152383652,152383640,0,"[436742888, 126586911]",False,3,Sandra Muraida Way,primary,55.106,Loop 343,,,,,,,Sandra Muraida Way,5.325033895736724e-06,2.287073460799561e-05
1209,17621922,No,NO,43724,1.2,TRUE,43724,2019,No,3/12/20,C - POSSIBLE INJURY,THURSDAY,30.2664069,1 - DAYLIGHT,-97.75552108,ONE MOTOR VEHICLE - TURNING RIGHT,ATTENTION DIVERTED FROM DRIVING,1.1,CITY STREET,35,1 - CLEAR,48,0,H - HISPANIC,1 - MALE,"3 - WORN, NOT DAMAGED",C - POSSIBLE INJURY,POINT (-97.75552108 30.2664069),152383640,152383652,0,"[436742888, 126586911]",False,3,Sandra Muraida Way,primary,55.106,Loop 343,,,,,,,Sandra Muraida Way,5.325033895736724e-06,2.287073460799561e-05
1210,17621922,No,NO,43724,1.2,TRUE,43724,2019,No,3/12/20,C - POSSIBLE INJURY,THURSDAY,30.2664069,1 - DAYLIGHT,-97.75552108,ONE MOTOR VEHICLE - TURNING RIGHT,ATTENTION DIVERTED FROM DRIVING,1.1,CITY STREET,35,1 - CLEAR,48,0,H - HISPANIC,1 - MALE,"3 - WORN, NOT DAMAGED",C - POSSIBLE INJURY,POINT (-97.75552108 30.2664069),152383652,152383640,0,"[436742888, 126586911]",False,3,Sandra Muraida Way,primary,55.106,Loop 343,,,,,,,Sandra Muraida Way,5.325033895736724e-06,2.287073460799561e-05
1211,17838497,No,NO,43724,1.2,TRUE,43724,2019,No,8/30/20,B - SUSPECTED MINOR INJURY,SUNDAY,30.2664069,1 - DAYLIGHT,-97.75552108,ONE MOTOR VEHICLE - TURNING RIGHT,NOT APPLICABLE,1.1,CITY STREET,-1,1 - CLEAR,30,0,W - WHITE,2 - FEMALE,"4 - WORN, UNK DAMAGE",B - SUSPECTED MINOR INJURY,POINT (-97.75552108 30.2664069),152383640,152383652,0,"[436742888, 126586911]",False,3,Sandra Muraida Way,primary,55.106,Loop 343,,,,,,,Sandra Muraida Way,5.325033895736724e-06,2.287073460799561e-05
1212,17838497,No,NO,43724,1.2,TRUE,43724,2019,No,8/30/20,B - SUSPECTED MINOR INJURY,SUNDAY,30.2664069,1 - DAYLIGHT,-97.75552108,ONE MOTOR VEHICLE - TURNING RIGHT,NOT APPLICABLE,1.1,CITY STREET,-1,1 - CLEAR,30,0,W - WHITE,2 - FEMALE,"4 - WORN, UNK DAMAGE",B - SUSPECTED MINOR INJURY,POINT (-97.75552108 30.2664069),152383652,152383640,0,"[436742888, 126586911]",False,3,Sandra Muraida Way,primary,55.106,Loop 343,,,,,,,Sandra Muraida Way,5.325033895736724e-06,2.287073460799561e-05
1213,18412907,No,NO,43724,1.2,TRUE,43724,2019,No,8/10/21,B - SUSPECTED MINOR INJURY,TUESDAY,30.2664063,1 - DAYLIGHT,-97.75551577,ONE MOTOR VEHICLE - TURNING RIGHT,NOT APPLICABLE,1.1,CITY STREET,-1,1 - CLEAR,52,0,W - WHITE,1 - MALE,"3 - WORN, NOT DAMAGED",B - SUSPECTED MINOR INJURY,POINT (-97.75551577 30.2664063),152383640,152383652,0,"[436742888, 126586911]",False,3,Sandra Muraida Way,primary,55.106,Loop 343,,,,,,,Sandra Muraida Way,1.0488120782884356e-05,2.287073460799561e-05