,Crash ID,$1000 Damage to Any One Person's Property,Active School Zone Flag,Adjusted Average Daily Traffic Amount,Adjusted Percentage of Average Daily Traffic For Trucks,At Intersection Flag,Average Daily Traffic Amount,Average Daily Traffic Year,Construction Zone Flag,Crash Date,Crash Severity,Day of Week,Latitude,Light Condition,Longitude,Manner of Collision,Other Factor,Percentage of Single Unit Truck Average Daily Traffic,Road Class,Speed Limit,Weather Condition,Person Age,Person Death Count,Person Ethnicity,Person Gender,Person Helmet,Person Injury Severity,geometry,index_right0,index_right1,index_right2,osmid,oneway,lanes,name,highway,length,ref,bridge,maxspeed,access,tunnel,junction,service,names,distance,Crash Rate
1214,18412907,No,NO,43724,1.2,TRUE,43724,2019,No,8/10/21,B - SUSPECTED MINOR INJURY,TUESDAY,30.2664063,1 - DAYLIGHT,-97.75551577,ONE MOTOR VEHICLE - TURNING RIGHT,NOT APPLICABLE,1.1,CITY STREET,-1,1 - CLEAR,52,0,W - WHITE,1 - MALE,"3 - WORN, NOT DAMAGED",B - SUSPECTED MINOR INJURY,POINT (-97.75551577 30.2664063),152383652,152383640,0,"[436742888, 126586911]",False,3,Sandra Muraida Way,primary,55.106,Loop 343,,,,,,,Sandra Muraida Way,1.0488120782884356e-05,2.287073460799561e-05
1215,14394498,No,NO,27383,4.8,TRUE,27383,2019,No,4/19/15,B - SUSPECTED MINOR INJURY,SUNDAY,30.27309487,1 - DAYLIGHT,-97.63434234,ONE MOTOR VEHICLE - TURNING RIGHT,NOT APPLICABLE,4.3,FARM TO MARKET,55,1 - CLEAR,25,0,W - WHITE,2 - FEMALE,99 - UNKNOWN IF WORN,B - SUSPECTED MINOR INJURY,POINT (-97.63434234 30.27309487),1946067689,1946086427,0,31975879,False,4,Farm-to-Market Road 969,primary,294.843,FM 969,,50 mph,,,,,Farm-to-Market Road 969,1.1807780152575041e-05,3.651900814373882e-05
1216,14415232,Yes,NO,,,FALSE,,,No,5/2/15,A - SUSPECTED SERIOUS INJURY,SATURDAY,30.40064475,1 - DAYLIGHT,-97.74762239,ONE MOTOR VEHICLE - GOING STRAIGHT,NOT APPLICABLE,,CITY STREET,-1,1 - CLEAR,60,0,W - WHITE,2 - FEMALE,"2 - WORN, DAMAGED",A - SUSPECTED SERIOUS INJURY,POINT (-97.74762239 30.40064475),152483752,152373743,0,15393457,True,2,West Braker Lane,secondary,218.95499999999998,,,,,,,,West Braker Lane,2.8966195866014932e-05,3.409129649200559e-05
1217,14857383,No,NO,,,FALSE,,,No,1/11/16,B - SUSPECTED MINOR INJURY,MONDAY,30.40021837,"3 - DARK, LIGHTED",-97.74449449,ONE MOTOR VEHICLE - GOING STRAIGHT,NOT APPLICABLE,,CITY STREET,40,1 - CLEAR,30,0,H - HISPANIC,1 - MALE,1 - NOT WORN,B - SUSPECTED MINOR INJURY,POINT (-97.74449449 30.40021837),152374737,152567834,0,"[548623953, 436627086]",True,"['3', '4']",West Braker Lane,secondary,232.546,,,,,,,,West Braker Lane,9.054508625033873e-06,3.409129649200559e-05
1218,15320411,No,NO,,,FALSE,,,No,9/11/16,B - SUSPECTED MINOR INJURY,SUNDAY,30.39390736,1 - DAYLIGHT,-97.72897034,ONE MOTOR VEHICLE - TURNING RIGHT,ONE VEHICLE ENTERING DRIVEWAY,,CITY STREET,-1,1 - CLEAR,31,0,W - WHITE,2 - FEMALE,"2 - WORN, DAMAGED",B - SUSPECTED MINOR INJURY,POINT (-97.72897034 30.39390736),152567789,945326163,0,"[106606337, 106606394, 436730771, 15393453]",True,"['5', '3']",West Braker Lane,secondary,629.0880000000001,,yes,,,,,,West Braker Lane,2.6517039558791285e-05,3.409129649200559e-05
1219,15523031,No,NO,,,TRUE,,,No,12/29/16,N - NOT INJURED,THURSDAY,30.38484475,1 - DAYLIGHT,-97.69278247,ONE MOTOR VEHICLE - GOING STRAIGHT,ATTENTION DIVERTED FROM DRIVING,,CITY STREET,-1,1 - CLEAR,23,0,B - BLACK,2 - FEMALE,"4 - WORN, UNK DAMAGE",N - NOT INJURED,POINT (-97.69278247 30.38484475),152567625,282779477,0,"[1030366853, 1030366854]",True,"['3', '4']",West Braker Lane,secondary,102.85,,,45 mph,,,,,West Braker Lane,2.1735182070901373e-05,3.409129649200559e-05
1220,16492795,No,NO,29333,1.5,TRUE,29333,2019,No,6/26/18,C - POSSIBLE INJURY,TUESDAY,30.38194509,1 - DAYLIGHT,-97.68635307,ONE MOTOR VEHICLE - GOING STRAIGHT,NOT APPLICABLE,1.3,US & STATE HIGHWAYS,45,1 - CLEAR,35,0,98 - OTHER,1 - MALE,1 - NOT WORN,C - POSSIBLE INJURY,POINT (-97.68635307 30.38194509),5529610955,152550674,0,25923625,False,,West Braker Lane,secondary,91.657,,,,,,,,West Braker Lane,2.0854501967202942e-05,3.409129649200559e-05
1221,16697085,Yes,NO,,,FALSE,,,No,10/19/18,B - SUSPECTED MINOR INJURY,FRIDAY,30.39076686,"2 - DARK, NOT LIGHTED",-97.72036134,ONE MOTOR VEHICLE - TURNING RIGHT,ONE VEHICLE ENTERING DRIVEWAY,,CITY STREET,-1,3 - RAIN,41,0,W - WHITE,1 - MALE,1 - NOT WORN,B - SUSPECTED MINOR INJURY,POINT (-97.72036134 30.39076686),152567757,5117981994,0,"[1030373742, 1030373743]",True,"['3', '4']",West Braker Lane,secondary,265.103,,,,,,,,West Braker Lane,1.2839549108594578e-05,3.409129649200559e-05
1222,14453523,Yes,NO,,,TRUE,,,No,5/22/15,B - SUSPECTED MINOR INJURY,FRIDAY,30.35800476,1 - DAYLIGHT,-97.69916247,ONE MOTOR VEHICLE - GOING STRAIGHT,ATTENTION DIVERTED FROM DRIVING,,CITY STREET,-1,2 - CLOUDY,6,0,H - HISPANIC,1 - MALE,1 - NOT WORN,B - SUSPECTED MINOR INJURY,POINT (-97.69916247 30.35800476),152390016,152390019,0,15376528,False,,Carpenter Avenue,residential,64.96,,,25 mph,,,,,Carpenter Avenue,4.62804520555411e-06,2.8506271379703534e-05
1223,17977941,No,NO,35080,1.2,TRUE,35080,2019,No,8/12/20,C - POSSIBLE INJURY,WEDNESDAY,30.35826401,"3 - DARK, LIGHTED",-97.69972164,ONE MOTOR VEHICLE - GOING STRAIGHT,NOT APPLICABLE,1.2,CITY STREET,-1,1 - CLEAR,58,0,W - WHITE,1 - MALE,99 - UNKNOWN IF WORN,C - POSSIBLE INJURY,POINT (-97.69972164 30.35826401),152390016,152390019,0,15376528,False,,Carpenter Avenue,residential,64.96,,,25 mph,,,,,Carpenter Avenue,8.466343980569167e-06,2.8506271379703534e-05
1224,14667836,Yes,NO,46800,1.2,TRUE,46800,2019,No,9/25/15,C - POSSIBLE INJURY,FRIDAY,30.25122842,1 - DAYLIGHT,-97.76515671,ONE MOTOR VEHICLE - GOING STRAIGHT,NOT APPLICABLE,1.1,US & STATE HIGHWAYS,-1,2 - CLOUDY,31,0,W - WHITE,1 - MALE,"2 - WORN, DAMAGED",C - POSSIBLE INJURY,POINT (-97.76515671 30.25122842),152465157,5515542397,0,15389079,False,,Collier Street,tertiary,66.228,,,,,,,,Collier Street,6.648055793153116e-06,2.1367521367521368e-05
1225,15000228,Yes,NO,34522,1.2,TRUE,34522,2019,No,3/30/16,C - POSSIBLE INJURY,WEDNESDAY,30.35448114,"3 - DARK, LIGHTED",-97.70404981,ONE MOTOR VEHICLE - TURNING LEFT,NOT APPLICABLE,1.2,US & STATE HIGHWAYS,-1,1 - CLEAR,28,0,W - WHITE,1 - MALE,"4 - WORN, UNK DAMAGE",C - POSSIBLE INJURY,POINT (-97.70404981 30.35448114),152550613,152456923,0,15407238,False,,Beaver Street,residential,273.937,,,,,,,,Beaver Street,1.1893464255981481e-06,2.896703551358554e-05
1226,15147937,Yes,NO,39364,3.3,FALSE,39364,2019,No,6/9/16,A - SUSPECTED SERIOUS INJURY,THURSDAY,30.44465703,1 - DAYLIGHT,-97.83257896,ONE MOTOR VEHICLE - TURNING LEFT,ONE VEHICLE ENTERING DRIVEWAY,2.3,FARM TO MARKET,55,1 - CLEAR,47,0,W - WHITE,1 - MALE,"3 - WORN, NOT DAMAGED",A - SUSPECTED SERIOUS INJURY,POINT (-97.83257896 30.44465703),152478953,152599275,0,92187717,True,,Boulder Lane,tertiary,185.76399999999998,,,,,,,,Boulder Lane,0.0012208814395010994,2.540392236561325e-05
1227,15171108,No,NO,56464,3.8,TRUE,56464,2019,No,6/19/16,B - SUSPECTED MINOR INJURY,SUNDAY,30.41583935,1 - DAYLIGHT,-97.69587677,ONE MOTOR VEHICLE - GOING STRAIGHT,NOT APPLICABLE,1.7,FARM TO MARKET,35,1 - CLEAR,41,0,99 - UNKNOWN,1 - MALE,"3 - WORN, NOT DAMAGED",B - SUSPECTED MINOR INJURY,POINT (-97.69587677 30.41583935),281158538,152570158,0,655414203,False,,Lamplight Village Avenue,tertiary,16.701,,,,,,,,Lamplight Village Avenue,2.4262191292884188e-05,1.7710399546613772e-05
1228,15191126,No,NO,155179,2.4,TRUE,155179,2019,No,7/1/16,B - SUSPECTED MINOR INJURY,FRIDAY,30.29223958,1 - DAYLIGHT,-97.76002102,ONE MOTOR VEHICLE - GOING STRAIGHT,NOT APPLICABLE,2,CITY STREET,30,1 - CLEAR,29,0,W - WHITE,1 - MALE,99 - UNKNOWN IF WORN,B - SUSPECTED MINOR INJURY,POINT (-97.76002102 30.29223958),152376151,152622990,0,436733085,False,4,Windsor Road,secondary,130.377,,,30 mph,,,,,Windsor Road,7.414708187339583e-05,6.44417092518962e-06
1229,15191126,No,NO,155179,2.4,TRUE,155179,2019,No,7/1/16,B - SUSPECTED MINOR INJURY,FRIDAY,30.29223958,1 - DAYLIGHT,-97.76002102,ONE MOTOR VEHICLE - GOING STRAIGHT,NOT APPLICABLE,2,CITY STREET,30,1 - CLEAR,29,0,W - WHITE,1 - MALE,99 - UNKNOWN IF WORN,B - SUSPECTED MINOR INJURY,POINT (-97.76002102 30.29223958),152622990,152376151,0,436733085,False,4,Windsor Road,secondary,130.377,,,30 mph,,,,,Windsor Road,7.414708187339583e-05,6.44417092518962e-06
1230,18023804,No,NO,,,FALSE,,,No,12/21/20,B - SUSPECTED MINOR INJURY,MONDAY,30.29259478,1 - DAYLIGHT,-97.76098247,ONE MOTOR VEHICLE - GOING STRAIGHT,ATTENTION DIVERTED FROM DRIVING,,CITY STREET,35,1 - CLEAR,38,0,W - WHITE,1 - MALE,"3 - WORN, NOT DAMAGED",B - SUSPECTED MINOR INJURY,POINT (-97.76098247 30.29259478),152379331,1774355155,0,166803101,False,2,Windsor Road,secondary,34.796,,,30 mph,,,,,Windsor Road,4.342616701102687e-06,6.44417092518962e-06
1231,15353433,No,NO,,,FALSE,,,No,10/3/16,C - POSSIBLE INJURY,MONDAY,30.23658554,1 - DAYLIGHT,-97.68623312,ONE MOTOR VEHICLE - TURNING LEFT,ONE VEHICLE LEAVING DRIVEWAY,,CITY STREET,30,1 - CLEAR,47,0,H - HISPANIC,1 - MALE,1 - NOT WORN,C - POSSIBLE INJURY,POINT (-97.68623312 30.23658554),8943516955,6039749467,0,"[968077707, 784366996, 966678501, 881376151]",True,"['5', '4']",Bergstrom Expressway,motorway,1116.6509999999998,183 Toll,yes,65 mph,,,,,Bergstrom Expressway,0.0001500038309918025,1.2070006035003018e-05
1232,17014108,No,NO,82850,7.5,TRUE,82850,2019,No,4/5/19,C - POSSIBLE INJURY,FRIDAY,30.23655063,"2 - DARK, NOT LIGHTED",-97.68625457,ONE MOTOR VEHICLE - GOING STRAIGHT,ATTENTION DIVERTED FROM DRIVING,4.8,US & STATE HIGHWAYS,55,1 - CLEAR,55,0,H - HISPANIC,1 - MALE,1 - NOT WORN,C - POSSIBLE INJURY,POINT (-97.68625457 30.23655063),29570732,9038127574,0,"[1025355604, 150353492, 877633789, 1029012015]",True,"['5', '4']",Bergstrom Expressway,motorway,1270.0819999999999,183 Toll,yes,65 mph,,,,,Bergstrom Expressway,0.00011785736861657667,1.2070006035003018e-05
1233,15361226,No,NO,47579,3.9,TRUE,47579,2019,No,10/4/16,B - SUSPECTED MINOR INJURY,TUESDAY,30.4255471,1 - DAYLIGHT,-97.7152602,ONE MOTOR VEHICLE - TURNING RIGHT,NOT APPLICABLE,1.7,FARM TO MARKET,45,1 - CLEAR,63,0,W - WHITE,2 - FEMALE,"3 - WORN, NOT DAMAGED",B - SUSPECTED MINOR INJURY,POINT (-97.7152602 30.4255471),152456961,281159293,0,436723481,False,,Silver Creek Drive,residential,22.323,,,30 mph,,,,,Silver Creek Drive,4.082224156850499e-05,2.1017675865402804e-05
1234,15361226,No,NO,47579,3.9,TRUE,47579,2019,No,10/4/16,B - SUSPECTED MINOR INJURY,TUESDAY,30.4255471,1 - DAYLIGHT,-97.7152602,ONE MOTOR VEHICLE - TURNING RIGHT,NOT APPLICABLE,1.7,FARM TO MARKET,45,1 - CLEAR,63,0,W - WHITE,2 - FEMALE,"3 - WORN, NOT DAMAGED",B - SUSPECTED MINOR INJURY,POINT (-97.7152602 30.4255471),281159293,152456961,0,436723481,False,,Silver Creek Drive,residential,22.323,,,30 mph,,,,,Silver Creek Drive,4.082224156850499e-05,2.1017675865402804e-05
1235,15361294,No,NO,68372,2.6,TRUE,68372,2019,No,10/6/16,B - SUSPECTED MINOR INJURY,THURSDAY,30.23660535,1 - DAYLIGHT,-97.83985156,ONE MOTOR VEHICLE - GOING STRAIGHT,ATTENTION DIVERTED FROM DRIVING,1.9,US & STATE HIGHWAYS,55,1 - CLEAR,55,0,W - WHITE,1 - MALE,1 - NOT WORN,B - SUSPECTED MINOR INJURY,POINT (-97.83985156 30.23660535),152481525,152551933,0,204869480,False,,Industrial Oaks Boulevard,tertiary,102.634,,,,,,,,Industrial Oaks Boulevard,5.882782938255659e-06,1.4625870239279236e-05
1236,15361294,No,NO,68372,2.6,TRUE,68372,2019,No,10/6/16,B - SUSPECTED MINOR INJURY,THURSDAY,30.23660535,1 - DAYLIGHT,-97.83985156,ONE MOTOR VEHICLE - GOING STRAIGHT,ATTENTION DIVERTED FROM DRIVING,1.9,US & STATE HIGHWAYS,55,1 - CLEAR,55,0,W - WHITE,1 - MALE,1 - NOT WORN,B - SUSPECTED MINOR INJURY,POINT (-97.83985156 30.23660535),152551933,152481525,0,204869480,False,,Industrial Oaks Boulevard,tertiary,102.634,,,,,,,,Industrial Oaks Boulevard,5.882782938255659e-06,1.4625870239279236e-05
1237,15461988,Yes,NO,68372,2.6,TRUE,68372,2019,No,11/29/16,B - SUSPECTED MINOR INJURY,TUESDAY,30.23660535,1 - DAYLIGHT,-97.83985156,ONE MOTOR VEHICLE - GOING STRAIGHT,ATTENTION DIVERTED FROM DRIVING,1.9,US & STATE HIGHWAYS,40,1 - CLEAR,59,0,W - WHITE,1 - MALE,1 - NOT WORN,B - SUSPECTED MINOR INJURY,POINT (-97.83985156 30.23660535),152481525,152551933,0,204869480,False,,Industrial Oaks Boulevard,tertiary,102.634,,,,,,,,Industrial Oaks Boulevard,5.882782938255659e-06,1.4625870239279236e-05
1238,15461988,Yes,NO,68372,2.6,TRUE,68372,2019,No,11/29/16,B - SUSPECTED MINOR INJURY,TUESDAY,30.23660535,1 - DAYLIGHT,-97.83985156,ONE MOTOR VEHICLE - GOING STRAIGHT,ATTENTION DIVERTED FROM DRIVING,1.9,US & STATE HIGHWAYS,40,1 - CLEAR,59,0,W - WHITE,1 - MALE,1 - NOT WORN,B - SUSPECTED MINOR INJURY,POINT (-97.83985156 30.23660535),152551933,152481525,0,204869480,False,,Industrial Oaks Boulevard,tertiary,102.634,,,,,,,,Industrial Oaks Boulevard,5.882782938255659e-06,1.4625870239279236e-05
1239,15675746,No,NO,,,FALSE,,,No,3/14/17,C - POSSIBLE INJURY,TUESDAY,30.26775283,"3 - DARK, LIGHTED",-97.73432354,ONE MOTOR VEHICLE - TURNING LEFT,ONE VEHICLE LEAVING DRIVEWAY,,INTERSTATE,15,1 - CLEAR,57,0,,2 - FEMALE,1 - NOT WORN,C - POSSIBLE INJURY,POINT (-97.73432354 30.26775283),3348989157,152580969,0,176875167,True,4,North Interstate 35,secondary,25.615,,,,,,,,North Interstate 35,1.5214149968302008e-05,3.266479388515058e-05
1240,15969788,No,NO,,,FALSE,,,No,9/16/17,B - SUSPECTED MINOR INJURY,SATURDAY,30.31226356,"2 - DARK, NOT LIGHTED",-97.70916065,ONE MOTOR VEHICLE - GOING STRAIGHT,ATTENTION DIVERTED FROM DRIVING,,CITY STREET,-1,1 - CLEAR,18,0,H - HISPANIC,1 - MALE,1 - NOT WORN,B - SUSPECTED MINOR INJURY,POINT (-97.70916065 30.31226356),152424174,152718543,0,970643722,True,3,North Interstate 35,secondary,49.410000000000004,,,,,,,,North Interstate 35,6.477642988494785e-06,3.266479388515058e-05
1241,16274779,No,NO,30614,1.4,TRUE,30614,2019,No,2/28/18,C - POSSIBLE INJURY,WEDNESDAY,30.26102636,1 - DAYLIGHT,-97.73580481,ONE MOTOR VEHICLE - TURNING RIGHT,ATTENTION DIVERTED FROM DRIVING,1.3,CITY STREET,30,1 - CLEAR,53,0,H - HISPANIC,1 - MALE,1 - NOT WORN,C - POSSIBLE INJURY,POINT (-97.73580481 30.26102636),152414791,152381210,0,143948187,True,,North Interstate 35,secondary,36.149,,,,,,,,North Interstate 35,2.4495520689288247e-05,3.266479388515058e-05
1242,16426958,No,NO,30614,1.4,TRUE,30614,2019,No,5/17/18,B - SUSPECTED MINOR INJURY,THURSDAY,30.26124643,1 - DAYLIGHT,-97.73677627,ONE MOTOR VEHICLE - TURNING RIGHT,ATTENTION DIVERTED FROM DRIVING,1.3,US & STATE HIGHWAYS,-1,1 - CLEAR,26,0,H - HISPANIC,1 - MALE,1 - NOT WORN,B - SUSPECTED MINOR INJURY,POINT (-97.73677627 30.26124643),6685123912,152414779,0,436616709,True,3,North Interstate 35,secondary,65.614,,,,,,,,North Interstate 35,1.3041621723131917e-05,3.266479388515058e-05
1243,16918151,No,NO,,,TRUE,,,No,2/24/19,C - POSSIBLE INJURY,SUNDAY,30.26307478,1 - DAYLIGHT,-97.73607246,ONE MOTOR VEHICLE - GOING STRAIGHT,NOT APPLICABLE,,CITY STREET,35,1 - CLEAR,41,0,W - WHITE,1 - MALE,1 - NOT WORN,C - POSSIBLE INJURY,POINT (-97.73607246 30.26307478),152496900,6685123912,0,"[711091490, 436616709, 176875175]",True,"['2', '3']",North Interstate 35,secondary,151.822,,,,,,,,North Interstate 35,1.6175967128571245e-05,3.266479388515058e-05
1244,17145890,No,NO,,,TRUE,,,No,6/24/19,B - SUSPECTED MINOR INJURY,MONDAY,30.28793477,1 - DAYLIGHT,-97.72429247,ONE MOTOR VEHICLE - TURNING RIGHT,NOT APPLICABLE,,CITY STREET,45,2 - CLOUDY,46,0,B - BLACK,1 - MALE,1 - NOT WORN,B - SUSPECTED MINOR INJURY,POINT (-97.72429247 30.28793477),1873563378,152592440,0,1031313711,True,2,North Interstate 35,secondary,84.266,,,,,,,,North Interstate 35,6.257724820467731e-07,3.266479388515058e-05
1245,17934882,No,NO,,,TRUE,,,No,9/22/20,B - SUSPECTED MINOR INJURY,TUESDAY,30.29766477,1 - DAYLIGHT,-97.71816247,ONE MOTOR VEHICLE - GOING STRAIGHT,NOT APPLICABLE,,CITY STREET,-1,2 - CLOUDY,45,0,99 - UNKNOWN,1 - MALE,1 - NOT WORN,B - SUSPECTED MINOR INJURY,POINT (-97.71816247 30.29766477),354676770,152401176,0,205009118,True,2,North Interstate 35,secondary,99.911,,,,,,,,North Interstate 35,4.31182882510116e-06,3.266479388515058e-05
1246,18131351,Yes,NO,,,TRUE,,,No,3/2/21,B - SUSPECTED MINOR INJURY,TUESDAY,30.27476478,"3 - DARK, LIGHTED",-97.73174247,ONE MOTOR VEHICLE - GOING STRAIGHT,NOT APPLICABLE,,CITY STREET,40,1 - CLEAR,59,0,B - BLACK,1 - MALE,1 - NOT WORN,B - SUSPECTED MINOR INJURY,POINT (-97.73174247 30.27476478),1626568622,152435906,0,436726699,True,,North Interstate 35,secondary,10.965,,,,,,,,North Interstate 35,2.775148776330973e-05,3.266479388515058e-05
1247,16106216,No,NO,35080,1.2,TRUE,35080,2019,No,11/21/17,B - SUSPECTED MINOR INJURY,TUESDAY,30.3610998,"3 - DARK, LIGHTED",-97.69810231,ONE MOTOR VEHICLE - GOING STRAIGHT,ATTENTION DIVERTED FROM DRIVING,1.2,US & STATE HIGHWAYS,-1,1 - CLEAR,29,0,W - WHITE,1 - MALE,1 - NOT WORN,B - SUSPECTED MINOR INJURY,POINT (-97.69810231 30.3610998),152438271,152498723,0,15386493,False,,Cooper Drive,residential,72.386,,,,,,,,Cooper Drive,1.38720704599217e-05,2.8506271379703534e-05
1248,16478498,No,NO,56464,3.8,TRUE,56464,2019,No,6/5/18,B - SUSPECTED MINOR INJURY,TUESDAY,30.41458306,1 - DAYLIGHT,-97.69330926,ONE MOTOR VEHICLE - GOING STRAIGHT,ATTENTION DIVERTED FROM DRIVING,1.7,FARM TO MARKET,30,1 - CLEAR,77,0,W - WHITE,1 - MALE,"4 - WORN, UNK DAMAGE",B - SUSPECTED MINOR INJURY,POINT (-97.69330926 30.41458306),281158540,152561019,0,15392912,False,,Rampart Street,residential,17.092,,,,,,,,Rampart Street,4.604261754781683e-05,1.7710399546613772e-05
1249,16478498,No,NO,56464,3.8,TRUE,56464,2019,No,6/5/18,B - SUSPECTED MINOR INJURY,TUESDAY,30.41458306,1 - DAYLIGHT,-97.69330926,ONE MOTOR VEHICLE - GOING STRAIGHT,ATTENTION DIVERTED FROM DRIVING,1.7,FARM TO MARKET,30,1 - CLEAR,77,0,W - WHITE,1 - MALE,"4 - WORN, UNK DAMAGE",B - SUSPECTED MINOR INJURY,POINT (-97.69330926 30.41458306),152561019,281158540,0,15392912,False,,Rampart Street,residential,17.092,,,,,,,,Rampart Street,4.604261754781683e-05,1.7710399546613772e-05
1250,17079142,Yes,NO,36433,3.4,TRUE,36433,2019,No,5/17/19,C - POSSIBLE INJURY,FRIDAY,30.2657795,1 - DAYLIGHT,-97.78253937,ONE MOTOR VEHICLE - GOING STRAIGHT,NOT APPLICABLE,2.3,US & STATE HIGHWAYS,35,1 - CLEAR,26,0,W - WHITE,1 - MALE,1 - NOT WORN,C - POSSIBLE INJURY,POINT (-97.78253937 30.2657795),152414197,152414187,0,"[436727480, 436727478, 436727479]",False,5,Bee Caves Road,primary,110.45600000000002,RM 2244,,45 mph,,,,,Bee Caves Road,9.089804406983053e-06,2.744764361979524e-05
1251,17307461,No,NO,56464,3.8,TRUE,56464,2019,No,9/24/19,B - SUSPECTED MINOR INJURY,TUESDAY,30.41831149,1 - DAYLIGHT,-97.70086479,ONE MOTOR VEHICLE - GOING STRAIGHT,ATTENTION DIVERTED FROM DRIVING,1.7,CITY STREET,-1,1 - CLEAR,64,0,98 - OTHER,1 - MALE,"4 - WORN, UNK DAMAGE",B - SUSPECTED MINOR INJURY,POINT (-97.70086479 30.41831149),152627213,281158528,0,15406414,False,,Tomanet Trail,residential,15.406,,,30 mph,,,,,Tomanet Trail,1.8491777851177447e-05,1.7710399546613772e-05
1252,17934891,Yes,NO,126150,4.2,TRUE,126150,2019,No,10/11/20,B - SUSPECTED MINOR INJURY,SUNDAY,30.36040639,"3 - DARK, LIGHTED",-97.71668433,ONE MOTOR VEHICLE - GOING STRAIGHT,ATTENTION DIVERTED FROM DRIVING,3,US & STATE HIGHWAYS,-1,1 - CLEAR,45,0,W - WHITE,1 - MALE,1 - NOT WORN,B - SUSPECTED MINOR INJURY,POINT (-97.71668433 30.36040639),152510794,152522047,0,30757486,False,,Fairfield Drive,tertiary,38.167,,,,,,,,Fairfield Drive,2.6062912293047586e-05,7.927070947284979e-06
1253,17934891,Yes,NO,126150,4.2,TRUE,126150,2019,No,10/11/20,B - SUSPECTED MINOR INJURY,SUNDAY,30.36040639,"3 - DARK, LIGHTED",-97.71668433,ONE MOTOR VEHICLE - GOING STRAIGHT,ATTENTION DIVERTED FROM DRIVING,3,US & STATE HIGHWAYS,-1,1 - CLEAR,45,0,W - WHITE,1 - MALE,1 - NOT WORN,B - SUSPECTED MINOR INJURY,POINT (-97.71668433 30.36040639),152522047,152510794,0,30757486,False,,Fairfield Drive,tertiary,38.167,,,,,,,,Fairfield Drive,2.6062912293047586e-05,7.927070947284979e-06
1254,18197733,No,NO,60929,6.7,TRUE,60929,2019,No,4/9/21,B - SUSPECTED MINOR INJURY,FRIDAY,30.20651712,1 - DAYLIGHT,-97.64592772,ONE MOTOR VEHICLE - TURNING RIGHT,NOT APPLICABLE,4.4,CITY STREET,55,1 - CLEAR,45,0,W - WHITE,1 - MALE,1 - NOT WORN,B - SUSPECTED MINOR INJURY,POINT (-97.64592772 30.20651712),4874329695,9153005520,0,"[488521443, 488521444, 990541198, 618199997, 990541182]",True,"['2', '1']",71 Toll Lane,motorway,1107.022,71 Toll,yes,"['70 mph', '65 mph']",,,,,71 Toll Lane,1.1280258541980741e-05,1.6412545749971278e-05
1255,18553520,No,NO,60929,6.7,TRUE,60929,2019,No,6/14/21,C - POSSIBLE INJURY,MONDAY,30.20651712,1 - DAYLIGHT,-97.64592772,ONE MOTOR VEHICLE - GOING STRAIGHT,ATTENTION DIVERTED FROM DRIVING,4.4,US & STATE HIGHWAYS,45,1 - CLEAR,23,0,W - WHITE,1 - MALE,1 - NOT WORN,C - POSSIBLE INJURY,POINT (-97.64592772 30.20651712),4874329695,9153005520,0,"[488521443, 488521444, 990541198, 618199997, 990541182]",True,"['2', '1']",71 Toll Lane,motorway,1107.022,71 Toll,yes,"['70 mph', '65 mph']",,,,,71 Toll Lane,1.1280258541980741e-05,1.6412545749971278e-05
1256,18271546,Yes,NO,31436,4.3,TRUE,31436,2019,No,5/21/21,B - SUSPECTED MINOR INJURY,FRIDAY,30.36879985,1 - DAYLIGHT,-97.61444351,ONE MOTOR VEHICLE - GOING STRAIGHT,NOT APPLICABLE,1.9,CITY STREET,-1,1 - CLEAR,21,0,H - HISPANIC,1 - MALE,1 - NOT WORN,B - SUSPECTED MINOR INJURY,POINT (-97.61444351 30.36879985),1613936225,2907428215,0,"[436609617, 148878099, 148878097, 436609615]",True,"['2', '3']",East Parmer Lane,primary,706.482,FM 734,yes,,,,,,East Parmer Lane,8.333392202267892e-05,3.181066293421555e-05
1257,18717815,Yes,NO,,,TRUE,,,No,1/10/22,C - POSSIBLE INJURY,MONDAY,30.38716475,"2 - DARK, NOT LIGHTED",-97.64854248,ONE MOTOR VEHICLE - GOING STRAIGHT,NOT APPLICABLE,,CITY STREET,-1,1 - CLEAR,44,0,B - BLACK,1 - MALE,1 - NOT WORN,C - POSSIBLE INJURY,POINT (-97.64854248 30.38716475),340458675,359100910,0,619151842,True,4,East Parmer Lane,primary,15.349,FM 734,,,,,,,East Parmer Lane,9.934062034863435e-06,3.181066293421555e-05
1258,18456584,No,NO,32197,3.6,TRUE,32197,2019,No,9/4/21,B - SUSPECTED MINOR INJURY,SATURDAY,30.33655678,1 - DAYLIGHT,-97.75542998,ONE MOTOR VEHICLE - GOING STRAIGHT,NOT APPLICABLE,2.4,US & STATE HIGHWAYS,55,1 - CLEAR,27,0,W - WHITE,1 - MALE,1 - NOT WORN,B - SUSPECTED MINOR INJURY,POINT (-97.75542998 30.33655678),152381338,1651065967,0,"[436638008, 1042828885, 436638006, 436638007]",True,"['2', '3', '4']",Northland Drive,primary,261.00600000000003,RM 2222,,,,,,,Northland Drive,2.0168871122050844e-05,3.105879429760537e-05